date,equity,cash,holdings
2018-02-08,100000.0,100000.0,0
2018-02-09,100000.0,100000.0,0
2018-02-12,100000.0,100000.0,0
2018-02-13,100000.0,100000.0,0
2018-02-14,100000.0,100000.0,0
2018-02-15,100000.0,100000.0,0
2018-02-16,100000.0,100000.0,0
2018-02-20,100000.0,100000.0,0
2018-02-21,100000.0,100000.0,0
2018-02-22,100000.0,100000.0,0
2018-02-23,100000.0,100000.0,0
2018-02-26,100000.0,100000.0,0
2018-02-27,100000.0,100000.0,0
2018-02-28,100000.0,100000.0,0
2018-03-01,100000.0,100000.0,0
2018-03-02,100000.0,100000.0,0
2018-03-05,100000.0,100000.0,0
2018-03-06,100000.0,100000.0,0
2018-03-07,100000.0,100000.0,0
2018-03-08,100000.0,100000.0,0
2018-03-09,100000.0,100000.0,0
2018-03-12,100000.0,100000.0,0
2018-03-13,100000.0,100000.0,0
2018-03-14,100000.0,100000.0,0
2018-03-15,100000.0,100000.0,0
2018-03-16,100000.0,100000.0,0
2018-03-19,100000.0,100000.0,0
2018-03-20,100000.0,100000.0,0
2018-03-21,100000.0,100000.0,0
2018-03-22,100000.0,100000.0,0
2018-03-23,100000.0,100000.0,0
2018-03-26,100000.0,100000.0,0
2018-03-27,100000.0,100000.0,0
2018-03-28,100000.0,100000.0,0
2018-03-29,100000.0,100000.0,0
2018-04-02,100000.0,100000.0,0
2018-04-03,100000.0,100000.0,0
2018-04-04,100000.0,100000.0,0
2018-04-05,100000.0,100000.0,0
2018-04-06,100000.0,100000.0,0
2018-04-09,100000.0,100000.0,0
2018-04-10,100000.0,100000.0,0
2018-04-11,100000.0,100000.0,0
2018-04-12,100000.0,100000.0,0
2018-04-13,100000.0,100000.0,0
2018-04-16,100000.0,100000.0,0
2018-04-17,100000.0,100000.0,0
2018-04-18,100000.0,100000.0,0
2018-04-19,100000.0,100000.0,0
2018-04-20,100000.0,100000.0,0
2018-04-23,100000.0,100000.0,0
2018-04-24,100000.0,100000.0,0
2018-04-25,100000.0,100000.0,0
2018-04-26,100000.0,100000.0,0
2018-04-27,100000.0,100000.0,0
2018-04-30,100000.0,100000.0,0
2018-05-01,100000.0,100000.0,0
2018-05-02,100000.0,100000.0,0
2018-05-03,100000.0,100000.0,0
2018-05-04,100000.0,100000.0,0
2018-05-07,100000.0,100000.0,0
2018-05-08,100000.0,100000.0,0
2018-05-09,100000.0,100000.0,0
2018-05-10,100000.0,100000.0,0
2018-05-11,100000.0,100000.0,0
2018-05-14,100000.0,100000.0,0
2018-05-15,100000.0,100000.0,0
2018-05-16,100000.0,100000.0,0
2018-05-17,100000.0,100000.0,0
2018-05-18,100000.0,100000.0,0
2018-05-21,100000.0,100000.0,0
2018-05-22,100000.0,100000.0,0
2018-05-23,100000.0,100000.0,0
2018-05-24,100000.0,100000.0,0
2018-05-25,100000.0,100000.0,0
2018-05-29,100000.0,100000.0,0
2018-05-30,100000.0,100000.0,0
2018-05-31,100000.0,100000.0,0
2018-06-01,100000.0,100000.0,0
2018-06-04,100000.0,100000.0,0
2018-06-05,100000.0,100000.0,0
2018-06-06,100000.0,100000.0,0
2018-06-07,100000.0,100000.0,0
2018-06-08,100000.0,100000.0,0
2018-06-11,100000.0,100000.0,0
2018-06-12,100000.0,100000.0,0
2018-06-13,100000.0,100000.0,0
2018-06-14,99910.01328572843,54939.14158578723,44970.8716999412
2018-06-15,99559.87589708477,54939.14158578723,44620.73431129755
2018-06-18,99369.47860740758,54939.14158578723,44430.337021620355
2018-06-19,99416.27116165028,54939.14158578723,44477.12957586305
2018-06-20,99513.08334284207,54939.14158578723,44573.94175705485
2018-06-21,99183.92192678998,54939.14158578723,44244.78034100275
2018-06-22,99230.71448103269,54939.14158578723,44291.57289524545
2018-06-25,98678.88504823945,54939.14158578723,43739.74346245222
2018-06-26,98820.87624732075,54939.14158578723,43881.73466153352
2018-06-27,98504.62312209423,54939.14158578723,43565.481536307
2018-06-28,98706.31516624379,54939.14158578723,43767.17358045657
2018-06-29,98691.79333906503,54939.14158578723,43752.6517532778
2018-07-02,98812.80856555476,54939.14158578723,43873.66697976754
2018-07-03,98557.86982174971,54939.14158578723,43618.72823596248
2018-07-05,98911.23428309977,54939.14158578723,43972.09269731253
2018-07-06,99380.77336187995,54939.14158578723,44441.63177609273
2018-07-09,99855.15304971975,54939.14158578723,44916.01146393252
2018-07-10,99592.1466241487,54939.14158578723,44653.00503836148
2018-07-11,99651.84746921697,54939.14158578723,44712.70588342975
2018-07-12,100035.86912127776,54939.14158578723,45096.72753549053
2018-07-13,100084.27521187367,54939.14158578723,45145.133626086434
2018-07-16,99971.32766714989,54939.14158578723,45032.18608136266
2018-07-17,100253.69652895929,54939.14158578723,45314.554943172065
2018-07-18,100284.35371967002,54939.14158578723,45345.21213388279
2018-07-19,100135.90837517595,54939.14158578723,45196.76678938872
2018-07-20,100066.52631198849,54939.14158578723,45127.384726201264
2018-07-23,100284.35371967002,54939.14158578723,45345.21213388279
2018-07-24,100327.91920120633,54939.14158578723,45388.77761541911
2018-07-25,100605.44745395615,54939.14158578723,45666.305868168914
2018-07-26,100720.00853503309,54939.14158578723,45780.86694924587
2018-07-27,100331.14627391272,54939.14158578723,45392.0046881255
2018-07-30,100135.90837517595,54939.14158578723,45196.76678938872
2018-07-31,100337.60041932552,54939.14158578723,45398.45883353829
2018-08-01,100282.74018331683,54939.14158578723,45343.5985975296
2018-08-02,100524.7706362963,54939.14158578723,45585.62905050908
2018-08-03,100702.25963514793,54939.14158578723,45763.11804936071
2018-08-06,100868.45387952717,54939.14158578723,45929.312293739946
2018-08-07,101015.28568766807,54939.14158578723,46076.14410188084
2018-08-08,100947.51716083381,54939.14158578723,46008.37557504658
2018-08-09,100895.88399753152,54939.14158578723,45956.74241174429
2018-08-10,100715.16792597351,54939.14158578723,45776.026340186276
2018-08-13,100526.3841726495,54939.14158578723,45587.24258686228
2018-08-14,100758.73340750982,54939.14158578723,45819.59182172259
2018-08-15,100429.57199145772,54939.14158578723,45490.43040567049
2018-08-16,100776.48230739497,54939.14158578723,45837.34072160775
2018-08-17,100934.60887000823,54939.14158578723,45995.46728422101
2018-08-20,101008.83154225527,54939.14158578723,46069.68995646805
2018-08-21,100873.29448858678,54939.14158578723,45934.15290279954
2018-08-22,101115.32494156626,54939.14158578723,46176.18335577903
2018-08-23,101041.1022693192,54939.14158578723,46101.96068353199
2018-08-24,101349.28771277975,54939.14158578723,46410.14612699253
2018-08-27,101742.99058295971,54939.14158578723,46803.848997172485
2018-08-28,101757.51241013849,54939.14158578723,46818.37082435126
2018-08-29,101967.27213605403,54939.14158578723,47028.130550266804
2018-08-30,101709.1063195426,54939.14158578723,46769.96473375536
2018-08-31,101893.049463807,54939.14158578723,46953.90787801977
2018-09-04,101709.1063195426,54939.14158578723,46769.96473375536
2018-09-05,101523.54963892497,54939.14158578723,46584.40805313775
2018-09-06,101399.30733972884,54939.14158578723,46460.16575394162
2018-09-07,101308.94930394983,54939.14158578723,46369.807718162614
2018-09-10,101459.00818479713,54939.14158578723,46519.866599009896
2018-09-11,101623.58889282317,54939.14158578723,46684.44730703594
2018-09-12,101573.56926587407,54939.14158578723,46634.42768008685
2018-09-13,101862.39227309625,54939.14158578723,46923.25068730903
2018-09-14,101880.14117298141,54939.14158578723,46940.999587194194
2018-09-17,101452.55403938433,54939.14158578723,46513.412453597106
2018-09-18,101894.66300016019,54939.14158578723,46955.52141437296
2018-09-19,101986.63457229239,54939.14158578723,47047.49298650516
2018-09-20,102359.3614698808,54939.14158578723,47420.21988409357
2018-09-21,102004.38347217755,54939.14158578723,47065.24188639033
2018-09-24,101918.86604545814,54939.14158578723,46979.72445967091
2018-09-25,101894.66300016019,54939.14158578723,46955.52141437296
2018-09-26,101730.08229213415,54939.14158578723,46790.94070634691
2018-09-27,101865.61934580264,54939.14158578723,46926.47776001542
2018-09-28,101893.049463807,54939.14158578723,46953.90787801977
2018-10-01,102004.38347217755,54939.14158578723,47065.24188639033
2018-10-02,101993.08871770518,54939.14158578723,47053.94713191795
2018-10-03,101941.4555544029,54939.14158578723,47002.313968615665
2018-10-04,101712.33339224898,54939.14158578723,46773.19180646175
2018-10-05,101426.7374577332,54939.14158578723,46487.59587194597
2018-10-08,101399.30733972884,54939.14158578723,46460.16575394162
2018-10-09,101371.87722172451,54939.14158578723,46432.73563593728
2018-10-10,99585.69247873592,54939.14158578723,44646.55089294869
2018-10-11,99279.12057162858,54939.14158578723,44339.97898584135
2018-10-12,99653.46100557018,54939.14158578723,44714.31941978295
2018-10-15,99258.14459903701,54939.14158578723,44319.00301324979
2018-10-16,100263.37774707847,54939.14158578723,45324.23616129124
2018-10-17,100114.93240258438,54939.14158578723,45175.79081679716
2018-10-18,99561.48943343796,54939.14158578723,44622.347847650744
2018-10-19,99506.62919742928,54939.14158578723,44567.48761164206
2018-10-22,99233.94155373907,54939.14158578723,44294.79996795184
2018-10-23,99148.42412701965,54939.14158578723,44209.282541232424
2018-10-24,97809.18895386651,54939.14158578723,42870.047368079286
2018-10-25,98028.62989790124,54939.14158578723,43089.488312114016
2018-10-26,97918.90942588387,54939.14158578723,42979.76784009665
2018-10-29,97496.16290134638,54939.14158578723,42557.021315559155
2018-10-30,98215.80011487204,54939.14158578723,43276.65852908481
2018-10-31,98628.86542129036,54939.14158578723,43689.72383550313
2018-11-01,98972.54866452122,54939.14158578723,44033.407078733995
2018-11-02,98798.28673837599,54939.14158578723,43859.14515258877
2018-11-05,99162.94595419843,54939.14158578723,44223.80436841119
2018-11-06,99311.3912986925,54939.14158578723,44372.24971290528
2018-11-07,100308.55676496797,54939.14158578723,45369.41517918075
2018-11-08,100181.08739306545,54939.14158578723,45241.94580727822
2018-11-09,99656.68807827657,54939.14158578723,44717.54649248934
2018-11-12,98833.78453814633,54939.14158578723,43894.6429523591
2018-11-13,99056.45255488745,54939.14158578723,44117.310969100225
2018-11-14,98536.89384915816,54939.14158578723,43597.75226337093
2018-11-15,98945.1185465169,54939.14158578723,44005.97696072966
2018-11-16,99166.17302690481,54939.14158578723,44227.03144111759
2018-11-19,98336.81534136178,54939.14158578723,43397.67375557456
2018-11-20,97555.86374641466,54939.14158578723,42616.722160627425
2018-11-21,97754.32871785783,54939.14158578723,42815.187132070605
2018-11-23,97363.85292038426,54939.14158578723,42424.711334597036
2018-11-26,97823.71078104527,54939.14158578723,42884.569195258046
2018-11-27,98285.18217805949,54939.14158578723,43346.040592272264
2018-11-28,99148.42412701965,54939.14158578723,44209.282541232424
2018-11-29,99175.854245024,54939.14158578723,44236.71265923677
2018-11-30,99558.26236073158,54939.14158578723,44619.12077494434
2018-12-03,99874.51548595811,54939.14158578723,44935.373900170875
2018-12-04,98665.97675741388,54939.14158578723,43726.835171626655
2018-12-06,98420.719231728,54939.14158578723,43481.57764594078
2018-12-07,97425.16730180573,54939.14158578723,42486.02571601851
2018-12-10,97459.05156522285,54939.14158578723,42519.90997943563
2018-12-11,97720.4444544407,54939.14158578723,42781.302868653474
2018-12-12,97836.61907187085,54939.14158578723,42897.477486083626
2018-12-13,97591.36154618497,54939.14158578723,42652.21996039774
2018-12-14,96863.65665089333,54939.14158578723,41924.5150651061
2018-12-17,96298.91892727453,54939.14158578723,41359.77734148731
2018-12-18,96039.1395744099,54939.14158578723,41099.997988622665
2018-12-19,95530.87562315297,54939.14158578723,40591.73403736575
2018-12-20,95041.97410813443,54939.14158578723,40102.83252234719
2018-12-21,93720.48783486644,54939.14158578723,38781.34624907921
2018-12-24,92547.44690609255,54939.14158578723,37608.30532030532
2018-12-26,94478.84992086882,54939.14158578723,39539.708335081596
2018-12-27,94956.456681415,54939.14158578723,40017.315095627775
2018-12-28,94885.46108187435,54939.14158578723,39946.319496087126
2018-12-31,95292.07224287989,54939.14158578723,40352.93065709266
2019-01-02,94745.08341914625,54939.14158578723,39805.94183335902
2019-01-03,94235.20593153614,54939.14158578723,39296.06434574891
2019-01-04,95703.52401294501,54939.14158578723,40764.382427157776
2019-01-07,96084.31859229939,54939.14158578723,41145.17700651217
2019-01-08,96389.27696305353,54939.14158578723,41450.13537726631
2019-01-09,96339.25733610445,54939.14158578723,41400.11575031722
2019-01-10,96660.35107039056,54939.14158578723,41721.209484603336
2019-01-11,96687.7811883949,54939.14158578723,41748.639602607676
2019-01-14,96582.90132543712,54939.14158578723,41643.7597396499
2019-01-15,96908.83566878283,54939.14158578723,41969.69408299561
2019-01-16,96970.1500502043,54939.14158578723,42031.00846441708
2019-01-17,97423.55376545253,54939.14158578723,42484.412179665305
2019-01-18,97952.793689301,54939.14158578723,43013.65210351378
2019-01-22,97321.90097520116,54939.14158578723,42382.75938941393
2019-01-23,97384.82889297581,54939.14158578723,42445.68730718859
2019-01-24,97454.21095616327,54939.14158578723,42515.06937037604
2019-01-25,97875.34394434758,54939.14158578723,42936.202358560346
2019-01-28,97304.15207531599,54939.14158578723,42365.01048952876
2019-01-29,97528.4336284103,54939.14158578723,42589.292042623085
2019-01-30,98159.32634251018,54939.14158578723,43220.18475672294
2019-01-31,98572.39164892849,54939.14158578723,43633.250063141255
2019-02-01,98515.9178765666,54939.14158578723,43576.77629077937
2019-02-04,98736.97235695453,54939.14158578723,43797.830771167304
2019-02-05,98969.32159181483,54939.14158578723,44030.18000602761
2019-02-06,98885.4177014486,54939.14158578723,43946.276115661385
2019-02-07,98417.49215902161,54939.14158578723,43478.350573234384
2019-02-08,98585.29993975406,54939.14158578723,43646.15835396683
2019-02-11,98688.56626635863,54939.14158578723,43749.42468057141
2019-02-12,99277.50703527538,54939.14158578723,44338.365449488156
2019-02-13,99225.87387197309,54939.14158578723,44286.73228618586
2019-02-14,99085.496209245,54939.14158578723,44146.354623457766
2019-02-15,99795.45220465146,54939.14158578723,44856.31061886424
2019-02-19,99750.27318676197,54939.14158578723,44811.131600974746
2019-02-20,99847.08536795375,54939.14158578723,44907.943782166534
2019-02-21,99709.93477793207,54939.14158578723,44770.79319214483
2019-02-22,100016.5066850394,54939.14158578723,45077.36509925217
2019-02-25,99981.00888526907,54939.14158578723,45041.86729948184
2019-02-26,99924.53511290721,54939.14158578723,44985.39352711997
2019-02-27,99968.1005944435,54939.14158578723,45028.959008656275
2019-02-28,99924.53511290721,54939.14158578723,44985.39352711997
2019-03-01,100235.94762907413,54939.14158578723,45296.80604328691
2019-03-04,99968.1005944435,54939.14158578723,45028.959008656275
2019-03-05,99893.87792219647,54939.14158578723,44954.73633640924
2019-03-06,99595.3736968551,54939.14158578723,44656.23211106787
2019-03-07,99267.8258171562,54939.14158578723,44328.68423136897
2019-03-08,99313.0048350457,54939.14158578723,44373.86324925847
2019-03-11,100018.1202213926,54939.14158578723,45078.97863560537
2019-03-12,100000.37132150744,54939.14158578723,45061.229735720204
2019-03-13,100397.30126439378,54939.14158578723,45458.159678606564
2019-03-14,100316.62444673397,54939.14158578723,45377.48286094674
2019-03-15,100297.2620104956,54939.14158578723,45358.12042470837
2019-03-18,100550.58721794747,54939.14158578723,45611.445632160234
2019-03-19,100447.32089134288,54939.14158578723,45508.179305555655
2019-03-20,100344.0545647383,54939.14158578723,45404.91297895107
2019-03-21,100891.04338847194,54939.14158578723,45951.90180268471
2019-03-22,99997.14424880105,54939.14158578723,45058.002663013816
2019-03-25,100068.13984834169,54939.14158578723,45128.99826255446
2019-03-26,100276.28603790405,54939.14158578723,45337.14445211682
2019-03-27,100016.5066850394,54939.14158578723,45077.36509925217
2019-03-28,100358.57639191707,54939.14158578723,45419.434806129844
2019-03-29,100534.4518544155,54939.14158578723,45595.310268628265
2019-04-01,101081.44067814913,54939.14158578723,46142.2990923619
2019-04-02,101010.44507860846,54939.14158578723,46071.303492821244
2019-04-03,101196.00175922608,54939.14158578723,46256.86017343886
2019-04-04,101258.92967700073,54939.14158578723,46319.788091213515
2019-04-05,101550.97975692933,54939.14158578723,46611.838171142095
2019-04-08,101526.77671163138,54939.14158578723,46587.63512584415
2019-04-09,101266.99735876673,54939.14158578723,46327.8557729795
2019-04-10,101521.93610257178,54939.14158578723,46582.794516784554
2019-04-11,101479.98415738868,54939.14158578723,46540.842571601446
2019-04-12,101767.19362825766,54939.14158578723,46828.05204247044
2019-04-15,101731.69582848734,54939.14158578723,46792.55424270011
2019-04-16,101734.92290119373,54939.14158578723,46795.7813154065
2019-04-17,101638.11072000195,54939.14158578723,46698.96913421471
2019-04-18,101747.83119201931,54939.14158578723,46808.68960623208
2019-04-22,101797.8508189684,54939.14158578723,46858.70923318117
2019-04-23,102236.73270703785,54939.14158578723,47297.59112125063
2019-04-24,102128.62577137368,54939.14158578723,47189.48418558646
2019-04-25,101993.08871770518,54939.14158578723,47053.94713191795
2019-04-26,102264.1628250422,54939.14158578723,47325.02123925497
2019-04-29,102281.91172492737,54939.14158578723,47342.77013914014
2019-04-30,102509.42035072808,54939.14158578723,47570.27876494085
2019-05-01,101954.36384522845,54939.14158578723,47015.22225944123
2019-05-02,101952.75030887526,54939.14158578723,47013.60872308804
2019-05-03,102431.97060577464,54939.14158578723,47492.82901998741
2019-05-06,101938.22848169648,54939.14158578723,46999.08689590926
2019-05-07,101417.056239614,54939.14158578723,46477.91465382678
2019-05-08,101363.80953995853,54939.14158578723,46424.6679541713
2019-05-09,101257.31614064754,54939.14158578723,46318.17455486032
2019-05-10,101488.05183915465,54939.14158578723,46548.91025336743
2019-05-13,100135.90837517595,54939.14158578723,45196.76678938872
2019-05-14,100749.05218939064,54939.14158578723,45809.91060360341
2019-05-15,100920.08704282947,54939.14158578723,45980.945457042246
2019-05-16,101412.21563055442,54939.14158578723,46473.07404476719
2019-05-17,101137.914450511,54939.14158578723,46198.772864723775
2019-05-20,100892.65692482513,54939.14158578723,45953.515339037906
2019-05-21,101184.7070047537,54939.14158578723,46245.56541896648
2019-05-22,100984.62849695733,54939.14158578723,46045.486911170105
2019-05-23,100489.27283652598,54939.14158578723,45550.13125073876
2019-05-24,100595.76623583696,54939.14158578723,45656.62465004973
2019-05-28,100195.60922024422,54939.14158578723,45256.46763445699
2019-05-29,99840.63122254098,54939.14158578723,44901.489636753744
2019-05-30,99588.91955144232,54939.14158578723,44649.77796565509
2019-05-31,99359.7973892884,54939.14158578723,44420.65580350118
2019-06-03,99359.7973892884,54939.14158578723,44420.65580350118
2019-06-04,100342.4410283851,54939.14158578723,45403.299442597876
2019-06-05,100502.18112735156,54939.14158578723,45563.039541564336
2019-06-06,100878.13509764636,54939.14158578723,45938.99351185913
2019-06-07,101415.44270326081,54939.14158578723,46476.30111747359
2019-06-10,101550.97975692933,54939.14158578723,46611.838171142095
2019-06-11,101538.07146610375,54939.14158578723,46598.92988031652
2019-06-12,101542.91207516333,54939.14158578723,46603.77048937611
2019-06-13,101644.56486541472,54939.14158578723,46705.423279627496
2019-06-14,101623.58889282317,54939.14158578723,46684.44730703594
2019-06-17,101670.38144706587,54939.14158578723,46731.23986127864
2019-06-18,102186.71308008877,54939.14158578723,47247.57149430154
2019-06-19,102386.79158788515,54939.14158578723,47447.650002097915
2019-06-20,102648.18447710297,54939.14158578723,47709.04289131575
2019-06-21,102243.18685245066,54939.14158578723,47304.04526666342
2019-06-24,102346.45317905523,54939.14158578723,47407.311593268
2019-06-25,101831.73508238552,54939.14158578723,46892.593496598296
2019-06-26,101805.91850073438,54939.14158578723,46866.77691494715
2019-06-27,102104.42272607575,54939.14158578723,47165.28114028851
2019-06-28,102452.9465783662,54939.14158578723,47513.804992578975
2019-07-01,102573.96180485594,54939.14158578723,47634.820219068715
2019-07-02,102798.24335795027,54939.14158578723,47859.101772163034
2019-07-03,103146.76721024071,54939.14158578723,48207.62562445349
2019-07-05,103045.11441998933,54939.14158578723,48105.972834202104
2019-07-08,102777.26738535872,54939.14158578723,47838.125799571484
2019-07-09,102874.0795665505,54939.14158578723,47934.93798076327
2019-07-10,103122.56416494277,54939.14158578723,48183.422579155544
2019-07-11,103261.32829131768,54939.14158578723,48322.18670553045
2019-07-12,103416.22778122453,54939.14158578723,48477.08619543731
2019-07-15,103493.67752617798,54939.14158578723,48554.53594039075
2019-07-16,103287.14487296881,54939.14158578723,48348.003287181586
2019-07-17,102898.28261184845,54939.14158578723,47959.141026061225
2019-07-18,103214.53573707497,54939.14158578723,48275.39415128774
2019-07-19,102757.90494912035,54939.14158578723,47818.76336333312
2019-07-22,103035.43320187015,54939.14158578723,48096.291616082926
2019-07-23,103308.12084556036,54939.14158578723,48368.97925977314
2019-07-24,103559.83251665902,54939.14158578723,48620.6909308718
2019-07-25,103374.27583604143,54939.14158578723,48435.1342502542
2019-07-26,103563.05958936544,54939.14158578723,48623.918003578205
2019-07-29,103637.28226161248,54939.14158578723,48698.14067582524
2019-07-30,103492.06398982479,54939.14158578723,48552.922404037556
2019-07-31,102817.60579418862,54939.14158578723,47878.4642084014
2019-08-01,102386.79158788515,54939.14158578723,47447.650002097915
2019-08-02,102207.68905268032,54939.14158578723,47268.54746689309
2019-08-05,99785.7709865323,54939.14158578723,44846.62940074506
2019-08-06,101189.5476138133,54939.14158578723,46250.40602802607
2019-08-07,101273.45150417951,54939.14158578723,46334.30991839229
2019-08-08,102235.11917068466,54939.14158578723,47295.97758489744
2019-08-09,102043.10834465428,54939.14158578723,47103.96675886705
2019-08-12,101454.16757573752,54939.14158578723,46515.0259899503
2019-08-13,102206.07551632712,54939.14158578723,47266.9339305399
2019-08-14,100839.41022516965,54939.14158578723,45900.26863938242
2019-08-15,100971.72020613177,54939.14158578723,46032.57862034454
2019-08-16,101557.4339023421,54939.14158578723,46618.292316554885
2019-08-19,102015.67822664994,54939.14158578723,47076.5366408627
2019-08-20,101707.4927831894,54939.14158578723,46768.35119740217
2019-08-21,102280.29818857416,54939.14158578723,47341.156602786934
2019-08-22,102083.4467534842,54939.14158578723,47144.30516769696
2019-08-23,100887.81631576554,54939.14158578723,45948.67472997831
2019-08-26,101363.80953995853,54939.14158578723,46424.6679541713
2019-08-27,101323.47113112861,54939.14158578723,46384.32954534139
2019-08-28,101491.27891186105,54939.14158578723,46552.137326073826
2019-08-29,102128.62577137368,54939.14158578723,47189.48418558646
2019-08-30,102102.80918972255,54939.14158578723,47163.66760393532
2019-09-03,101805.91850073438,54939.14158578723,46866.77691494715
2019-09-04,102377.11036976596,54939.14158578723,47437.96878397873
2019-09-05,103006.3895475126,54939.14158578723,48067.247961725385
2019-09-06,103119.33709223638,54939.14158578723,48180.19550644915
2019-09-09,103095.13404693842,54939.14158578723,48155.992461151196
2019-09-10,103011.23015657222,54939.14158578723,48072.08857078498
2019-09-11,103676.00713408919,54939.14158578723,48736.86554830196
2019-09-12,103627.60104349328,54939.14158578723,48688.45945770606
2019-09-13,103522.72118053552,54939.14158578723,48583.57959474829
2019-09-16,103425.90899934372,54939.14158578723,48486.767413556496
2019-09-17,103477.54216264602,54939.14158578723,48538.40057685878
2019-09-18,103477.54216264602,54939.14158578723,48538.40057685878
2019-09-19,103543.69715312708,54939.14158578723,48604.55556733985
2019-09-20,102903.12322090803,54939.14158578723,47963.98163512081
2019-09-23,103287.14487296881,54939.14158578723,48348.003287181586
2019-09-24,102774.0403126523,54939.14158578723,47834.89872686508
2019-09-25,102943.46162973795,54939.14158578723,48004.32004395072
2019-09-26,102835.35469407379,54939.14158578723,47896.21310828655
2019-09-27,102672.38752240092,54939.14158578723,47733.2459366137
2019-09-30,102922.4856571464,54939.14158578723,47983.34407135917
2019-10-01,102333.54488822966,54939.14158578723,47394.40330244243
2019-10-02,101389.62612160968,54939.14158578723,46450.48453582244
2019-10-03,101742.99058295971,54939.14158578723,46803.848997172485
2019-10-04,102481.99023272374,54939.14158578723,47542.8486469365
2019-10-07,102222.21087985909,54939.14158578723,47283.069294071865
2019-10-08,101494.50598456744,54939.14158578723,46555.36439878021
2019-10-09,101605.83999293801,54939.14158578723,46666.69840715078
2019-10-10,102398.0863423575,54939.14158578723,47458.94475657029
2019-10-11,102836.96823042698,54939.14158578723,47897.826644639754
2019-10-14,102807.92457606943,54939.14158578723,47868.78299028221
2019-10-15,103164.51611012587,54939.14158578723,48225.37452433865
2019-10-16,103062.8633198745,54939.14158578723,48123.72173408727
2019-10-17,103209.69512801539,54939.14158578723,48270.55354222816
2019-10-18,103025.75198375098,54939.14158578723,48086.61039796375
2019-10-21,103351.68632709669,54939.14158578723,48412.54474130945
2019-10-22,103117.72355588317,54939.14158578723,48178.58197009595
2019-10-23,103377.50290874782,54939.14158578723,48438.3613229606
2019-10-24,103301.66670014759,54939.14158578723,48362.52511436036
2019-10-25,103643.73640702525,54939.14158578723,48704.59482123803
2019-10-28,103909.96990530269,54939.14158578723,48970.82831951546
2019-10-29,103859.95027835359,54939.14158578723,48920.80869256637
2019-10-30,104071.32354062234,54939.14158578723,49132.18195483511
2019-10-31,103861.56381470678,54939.14158578723,48922.42222891956
2019-11-01,104324.64874807419,54939.14158578723,49385.50716228697
2019-11-04,104568.29273740688,54939.14158578723,49629.151151619655
2019-11-05,104405.32556573403,54939.14158578723,49466.1839799468
2019-11-06,104503.75128327902,54939.14158578723,49564.6096974918
2019-11-07,104655.4237004795,54939.14158578723,49716.28211469227
2019-11-08,104811.93672673956,54939.14158578723,49872.79514095233
2019-11-11,104703.8297910754,54939.14158578723,49764.68820528817
2019-11-12,104700.60271836899,54939.14158578723,49761.46113258177
2019-11-13,104811.93672673956,54939.14158578723,49872.79514095233
2019-11-14,105058.80778877863,54939.14158578723,50119.66620299141
2019-11-15,105229.84264221747,54939.14158578723,50290.70105643025
2019-11-18,105234.68325127705,54939.14158578723,50295.54166548983
2019-11-19,105181.43655162156,54939.14158578723,50242.29496583434
2019-11-20,104874.86464451422,54939.14158578723,49935.723058727
2019-11-21,105050.74010701265,54939.14158578723,50111.59852122542
2019-11-22,105144.32521549804,54939.14158578723,50205.183629710824
2019-11-25,105552.54991285678,54939.14158578723,50613.408327069556
2019-11-26,105671.95160299333,54939.14158578723,50732.8100172061
2019-11-27,105688.0869665253,54939.14158578723,50748.94538073806
2019-11-29,105700.99525735088,54939.14158578723,50761.853671563644
2019-12-02,105242.75093304305,54939.14158578723,50303.60934725581
2019-12-03,104837.7533083907,54939.14158578723,49898.61172260348
2019-12-04,105149.16582455764,54939.14158578723,50210.02423877041
2019-12-05,105354.0849414136,54939.14158578723,50414.943355626376
2019-12-06,105767.15024783192,54939.14158578723,50828.0086620447
2019-12-09,105547.7093037972,54939.14158578723,50608.56771800996
2019-12-10,105521.89272214605,54939.14158578723,50582.75113635882
2019-12-11,105709.06293911685,54939.14158578723,50769.92135332961
2019-12-12,106315.75260791875,54939.14158578723,51376.61102213153
2019-12-13,106128.58239094795,54939.14158578723,51189.440805160724
2019-12-16,106465.81148876602,54939.14158578723,51526.6699029788
2019-12-17,106472.26563417882,54939.14158578723,51533.12404839159
2019-12-18,106562.62366995783,54939.14158578723,51623.482084170595
2019-12-19,106756.2480323414,54939.14158578723,51817.10644655418
2019-12-20,106782.06461399255,54939.14158578723,51842.92302820533
2019-12-23,106790.13229575855,54939.14158578723,51850.99070997132
2019-12-24,106772.38339587339,54939.14158578723,51833.241810086154
2019-12-26,107119.29371181063,54939.14158578723,52180.15212602341
2019-12-27,106957.94007649098,54939.14158578723,52018.79849070375
2019-12-30,106794.97290481813,54939.14158578723,51855.8313190309
2019-12-31,106951.4859310782,54939.14158578723,52012.34434529097
2020-01-02,107401.66257362004,54939.14158578723,52462.5209878328
2020-01-03,106999.89202167408,54939.14158578723,52060.75043588686
2020-01-06,107164.47272970015,54939.14158578723,52225.33114391292
2020-01-07,106293.163098974,54939.14158578723,51354.021513186766
2020-01-08,107438.77390974356,54939.14158578723,52499.63232395633
2020-01-09,107737.27813508493,54939.14158578723,52798.13654929769
2020-01-10,107475.88524586707,54939.14158578723,52536.743660079854
2020-01-13,107951.87847006007,54939.14158578723,53012.73688427283
2020-01-14,107738.89167143812,54939.14158578723,52799.75008565089
2020-01-15,107969.62736994523,54939.14158578723,53030.485784158
2020-01-16,108368.17084918477,54939.14158578723,53429.02926339754
2020-01-17,108444.00705778501,54939.14158578723,53504.865471997786
2020-01-21,108427.87169425304,54939.14158578723,53488.73010846582
2020-01-22,108347.19487659322,54939.14158578723,53408.05329080599
2020-01-23,108503.70790285329,54939.14158578723,53564.566317066055
2020-01-24,107905.08591581736,54939.14158578723,52965.94433003013
2020-01-27,107204.81113853006,54939.14158578723,52265.66955274283
2020-01-28,107667.89607189747,54939.14158578723,52728.75448611024
2020-01-29,107559.7891362333,54939.14158578723,52620.64755044607
2020-01-30,107959.94615182604,54939.14158578723,53020.804566038816
2020-01-31,106870.80911341836,54939.14158578723,51931.66752763114
2020-02-03,107246.76308371316,54939.14158578723,52307.62149792594
2020-02-04,107969.62736994523,54939.14158578723,53030.485784158
2020-02-05,108674.74275629211,54939.14158578723,53735.60117050489
2020-02-06,108771.55493748392,54939.14158578723,53832.41335169668
2020-02-07,108456.91534861058,54939.14158578723,53517.77376282335
2020-02-10,109013.58539046338,54939.14158578723,54074.443804676164
2020-02-11,109049.08319023372,54939.14158578723,54109.941604446496
2020-02-12,109223.34511637894,54939.14158578723,54284.203530591716
2020-02-13,109375.01753357942,54939.14158578723,54435.87594779219
2020-02-14,109444.39959676687,54939.14158578723,54505.25801097965
2020-02-18,109355.65509734106,54939.14158578723,54416.513511553836
2020-02-19,109673.52175892079,54939.14158578723,54734.38017313356
2020-02-20,109153.96305319149,54939.14158578723,54214.82146740427
2020-02-21,108721.53531053482,54939.14158578723,53782.393724747584
2020-02-24,107319.372219607,54939.14158578723,52380.23063381978
2020-02-25,105512.21150402687,54939.14158578723,50573.06991823964
2020-02-26,104849.04806286309,54939.14158578723,49909.906477075856
2020-02-27,102845.03591219295,54939.14158578723,47905.89432640573
2020-02-28,103159.67550106629,54939.14158578723,48220.53391527906
2020-03-02,104861.95635368864,54939.14158578723,49922.81476790142
2020-03-03,103695.36957032754,54939.14158578723,48756.22798454032
2020-03-04,105012.01523453594,54939.14158578723,50072.873648748704
2020-03-05,103777.65992434058,54939.14158578723,48838.518338553346
2020-03-06,102619.14082274545,54939.14158578723,47679.99923695822
2020-03-09,100158.4978841207,54939.14158578723,45219.35629833347
2020-03-10,100624.8098901945,54939.14158578723,45685.66830440727
2020-03-11,99133.90229984088,54939.14158578723,44194.76071405365
2020-03-12,94446.57919380488,54939.14158578723,39507.43760801766
2020-03-13,98093.17135202911,54939.14158578723,43154.029766241874
2020-03-16,94454.64687557088,54939.14158578723,39515.50528978364
2020-03-17,94114.1907050464,54939.14158578723,39175.04911925917
2020-03-18,94630.5223380693,54939.14158578723,39691.38075228207
2020-03-19,93208.99681090313,54939.14158578723,38269.855225115905
2020-03-20,91469.60462215725,54939.14158578723,36530.46303637002
2020-03-23,91393.768413557,54939.14158578723,36454.62682776978
2020-03-24,94062.55754174411,54939.14158578723,39123.41595595688
2020-03-25,94787.03536432936,54939.14158578723,39847.89377854214
2020-03-26,97431.62144721852,54939.14158578723,42492.4798614313
2020-03-27,95616.3930498724,54939.14158578723,40677.251464085166
2020-03-30,97202.49928506461,54939.14158578723,42263.35769927738
2020-03-31,95972.98458392883,54939.14158578723,41033.842998141605
2020-04-01,94874.16632740197,54939.14158578723,39935.02474161475
2020-04-02,95405.01978760364,54939.14158578723,40465.87820181641
2020-04-03,94941.93485423623,54939.14158578723,40002.793268449
2020-04-06,97947.95308024142,54939.14158578723,43008.81149445419
2020-04-07,97720.4444544407,54939.14158578723,42781.302868653474
2020-04-08,99309.7777623393,54939.14158578723,44370.636176552085
2020-04-09,99956.80583997112,54939.14158578723,45017.664254183896
2020-04-13,99647.00686015739,54939.14158578723,44707.86527437016
2020-04-14,100666.7618353776,54939.14158578723,45727.62024959038
2020-04-15,99424.33884341626,54939.14158578723,44485.197257629035
2020-04-16,101328.31174018819,54939.14158578723,46389.17015440097
2020-04-17,101192.7746865197,54939.14158578723,46253.63310073246
2020-04-20,100445.70735498969,54939.14158578723,45506.565769202454
2020-04-21,99212.96558114751,54939.14158578723,44273.82399536028
2020-04-22,99819.65524994941,54939.14158578723,44880.51366416219
2020-04-23,99693.7994144001,54939.14158578723,44754.657828612864
2020-04-24,100658.69415361164,54939.14158578723,45719.5525678244
2020-04-27,101242.7943134688,54939.14158578723,46303.65272768156
2020-04-28,101310.56284030303,54939.14158578723,46371.42125451581
2020-04-29,102506.19327802169,54939.14158578723,47567.05169223446
2020-04-30,101360.58246725213,54939.14158578723,46421.4408814649
2020-05-01,100586.08501771778,54939.14158578723,45646.94343193055
2020-05-04,100684.51073526277,54939.14158578723,45745.36914947555
2020-05-05,101250.86199523477,54939.14158578723,46311.72040944753
2020-05-06,100711.94085326712,54939.14158578723,45772.79926747989
2020-05-07,101652.6325471807,54939.14158578723,46713.49096139348
2020-05-08,102335.15842458286,54939.14158578723,47396.01683879562
2020-05-11,102044.72188100747,54939.14158578723,47105.58029522024
2020-05-12,100650.62647184564,54939.14158578723,45711.48488605842
2020-05-13,100444.09381863648,54939.14158578723,45504.95223284925
2020-05-14,101034.64812390643,54939.14158578723,46095.506538119196
2020-05-15,101037.87519661282,54939.14158578723,46098.73361082559
2020-05-18,102612.68667733265,54939.14158578723,47673.54509154543
2020-05-19,102165.7371074972,54939.14158578723,47226.59552170998
2020-05-20,102833.7411577206,54939.14158578723,47894.59957193336
2020-05-21,102598.16485015389,54939.14158578723,47659.02326436666
2020-05-22,102635.27618627742,54939.14158578723,47696.134600490186
2020-05-26,103246.8064641389,54939.14158578723,48307.66487835167
2020-05-27,104077.77768603513,54939.14158578723,49138.6361002479
2020-05-28,103806.7035786981,54939.14158578723,48867.56199291088
2020-05-29,104329.4893571338,54939.14158578723,49390.34777134657
2020-06-01,104021.30391367324,54939.14158578723,49082.16232788602
2020-06-02,104779.66599967564,54939.14158578723,49840.5244138884
2020-06-03,105386.35566847754,54939.14158578723,50447.214082690305
2020-06-04,105152.39289726404,54939.14158578723,50213.25131147681
2020-06-05,106435.15429805529,54939.14158578723,51496.012712268064
2020-06-08,106993.4378762613,54939.14158578723,52054.29629047408
2020-06-09,106882.10386789075,54939.14158578723,51942.962282103515
2020-06-10,106049.51910964132,54939.14158578723,51110.37752385409
2020-06-11,103842.20137846842,54939.14158578723,48903.059792681204
2020-06-12,103922.87819612827,54939.14158578723,48983.73661034103
2020-06-15,104982.97158017839,54939.14158578723,50043.82999439116
2020-06-16,105579.98003086113,54939.14158578723,50640.838445073896
2020-06-17,105031.3776707743,54939.14158578723,50092.23608498707
2020-06-18,105431.53468636704,54939.14158578723,50492.393100579815
2020-06-19,104329.4893571338,54939.14158578723,49390.34777134657
2020-06-22,105334.72250517525,54939.14158578723,50395.58091938802
2020-06-23,105152.39289726404,54939.14158578723,50213.25131147681
2020-06-24,103959.98953225178,54939.14158578723,49020.84794646456
2020-06-25,104534.40847398975,54939.14158578723,49595.266888202525
2020-06-26,103369.43522698185,54939.14158578723,48430.293641194614
2020-06-29,104227.83656688241,54939.14158578723,49288.694981095185
2020-06-30,104681.24028213063,54939.14158578723,49742.09869634341
2020-07-01,105012.01523453594,54939.14158578723,50072.873648748704
2020-07-02,105410.55871377548,54939.14158578723,50471.41712798826
2020-07-06,106206.03213590139,54939.14158578723,51266.89055011416
2020-07-07,105631.61319416342,54939.14158578723,50692.47160837619
2020-07-08,106064.04093682009,54939.14158578723,51124.899351032866
2020-07-09,105791.35329312988,54939.14158578723,50852.21170734265
2020-07-10,106265.73298096965,54939.14158578723,51326.59139518243
2020-07-13,105862.34889267053,54939.14158578723,50923.2073068833
2020-07-14,106740.11266880945,54939.14158578723,51800.971083022225
2020-07-15,106870.80911341836,54939.14158578723,51931.66752763114
2020-07-16,106638.45987855806,54939.14158578723,51699.31829277084
2020-07-17,106878.87679518435,54939.14158578723,51939.73520939712
2020-07-20,107282.26088348348,54939.14158578723,52343.119297696256
2020-07-21,107490.40707304585,54939.14158578723,52551.26548725861
2020-07-22,107558.17559988011,54939.14158578723,52619.034014092875
2020-07-23,107128.97492992981,54939.14158578723,52189.833344142586
2020-07-24,106604.57561514093,54939.14158578723,51665.4340293537
2020-07-27,107169.31333875973,54939.14158578723,52230.1717529725
2020-07-28,106862.7414316524,54939.14158578723,51923.59984586516
2020-07-29,107401.66257362004,54939.14158578723,52462.5209878328
2020-07-30,107675.96375366344,54939.14158578723,52736.82216787622
2020-07-31,107611.4222995356,54939.14158578723,52672.28071374836
2020-08-03,107997.05748794955,54939.14158578723,53057.915902162335
2020-08-04,108185.84124127356,54939.14158578723,53246.69965548633
2020-08-05,108508.54851191287,54939.14158578723,53569.406926125645
2020-08-06,108857.07236420334,54939.14158578723,53917.93077841611
2020-08-07,108916.7732092716,54939.14158578723,53977.63162348437
2020-08-10,109036.17489940814,54939.14158578723,54097.033313620916
2020-08-11,108729.6029923008,54939.14158578723,53790.461406513576
2020-08-12,109333.0655883963,54939.14158578723,54393.924002609085
2020-08-13,109415.35594240934,54939.14158578723,54476.214356622106
2020-08-14,109250.7752343833,54939.14158578723,54311.633648596064
2020-08-17,109578.32311408219,54939.14158578723,54639.18152829496
2020-08-18,109625.1156683249,54939.14158578723,54685.974082537665
2020-08-19,109197.5285347278,54939.14158578723,54258.38694894057
2020-08-20,109633.18335009087,54939.14158578723,54694.04176430365
2020-08-21,109742.90382210823,54939.14158578723,54803.762236321
2020-08-24,110346.36641820375,54939.14158578723,55407.22483241652
2020-08-25,110533.53663517455,54939.14158578723,55594.39504938732
2020-08-26,111053.09534090383,54939.14158578723,56113.95375511661
2020-08-27,111293.51225753012,54939.14158578723,56354.370671742894
2020-08-28,111571.04051027994,54939.14158578723,56631.89892449271
2020-08-31,111362.89432071758,54939.14158578723,56423.75273493035
2020-09-01,111988.94642575784,54939.14158578723,57049.80483997061
2020-09-02,112773.12509341136,54939.14158578723,57833.98350762414
2020-09-03,110327.00398196539,54939.14158578723,55387.862396178156
2020-09-04,110122.08486510943,54939.14158578723,55182.9432793222
2020-09-08,108556.95460250878,54939.14158578723,53617.81301672154
2020-09-09,109944.59586625779,54939.14158578723,55005.45428047057
2020-09-10,108963.5657635143,54939.14158578723,54024.42417772707
2020-09-11,108816.73395537342,54939.14158578723,53877.59236958619
2020-09-14,109581.55018678858,54939.14158578723,54642.40860100135
2020-09-15,109844.55661235962,54939.14158578723,54905.41502657239
2020-09-16,109673.52175892079,54939.14158578723,54734.38017313356
2020-09-17,109157.19012589788,54939.14158578723,54218.048540110656
2020-09-18,108389.14682177632,54939.14158578723,53450.0052359891
2020-09-21,107879.26933416622,54939.14158578723,52940.12774837899
2020-09-22,108211.65782292471,54939.14158578723,53272.51623713748
2020-09-23,106846.60606812043,54939.14158578723,51907.46448233319
2020-09-24,107435.54683703717,54939.14158578723,52496.40525124994
2020-09-25,107872.81518875342,54939.14158578723,52933.6736029662
2020-09-28,109052.31026294011,54939.14158578723,54113.168677152884
2020-09-29,108758.64664665834,54939.14158578723,53819.50506087111
2020-09-30,109170.09841672346,54939.14158578723,54230.95683093624
2020-10-01,109278.20535238762,54939.14158578723,54339.0637666004
2020-10-02,108611.81483851746,54939.14158578723,53672.67325273022
2020-10-05,109612.20737749932,54939.14158578723,54673.065791712084
2020-10-06,108931.29503645038,54939.14158578723,53992.15345066314
2020-10-07,110028.49975662402,54939.14158578723,55089.3581708368
2020-10-08,110648.0977162515,54939.14158578723,55708.95613046428
2020-10-09,110969.19145053762,54939.14158578723,56030.04986475039
2020-10-12,111903.42899903843,54939.14158578723,56964.2874132512
2020-10-13,111537.15624686281,54939.14158578723,56598.01466107558
2020-10-14,111149.90752209563,54939.14158578723,56210.7659363084
2020-10-15,111138.61276762326,54939.14158578723,56199.47118183603
2020-10-16,110801.38366980517,54939.14158578723,55862.24208401795
2020-10-19,110425.42969951038,54939.14158578723,55486.28811372315
2020-10-20,110507.7200535234,54939.14158578723,55568.57846773617
2020-10-21,110015.59146579844,54939.14158578723,55076.44988001122
2020-10-22,110622.28113460037,54939.14158578723,55683.13954881314
2020-10-23,110694.89027049422,54939.14158578723,55755.74868470698
2020-10-26,109684.81651339316,54939.14158578723,54745.674927605934
2020-10-27,109242.7075526173,54939.14158578723,54303.56596683008
2020-10-28,107898.63177040458,54939.14158578723,52959.49018461735
2020-10-29,107806.66019827237,54939.14158578723,52867.51861248514
2020-10-30,107750.18642591049,54939.14158578723,52811.044840123264
2020-11-02,108440.77998507861,54939.14158578723,53501.63839929138
2020-11-03,108813.50688266702,54939.14158578723,53874.36529687979
2020-11-04,110515.78773528938,54939.14158578723,55576.64614950216
2020-11-05,111235.42494881505,54939.14158578723,56296.28336302782
2020-11-06,111567.81343757354,54939.14158578723,56628.67185178631
2020-11-09,112040.57958906013,54939.14158578723,57101.4380032729
2020-11-10,111980.87874399185,54939.14158578723,57041.737158204625
2020-11-11,112474.62086807,54939.14158578723,57535.47928228277
2020-11-12,111848.56876302973,54939.14158578723,56909.42717724251
2020-11-13,112768.28448435178,54939.14158578723,57829.14289856455
2020-11-16,113310.43269902581,54939.14158578723,58371.29111323859
2020-11-17,113005.47432827167,54939.14158578723,58066.33274248445
2020-11-18,112360.05978699305,54939.14158578723,57420.91820120582
2020-11-19,112258.40699674166,54939.14158578723,57319.26541095444
2020-11-20,112219.68212426495,54939.14158578723,57280.54053847772
2020-11-23,112890.91324719472,54939.14158578723,57951.77166140749
2020-11-24,113797.72067769118,54939.14158578723,58858.57909190395
2020-11-25,113539.55486117973,54939.14158578723,58600.41327539251
2020-11-27,113615.39106977996,54939.14158578723,58676.24948399274
2020-11-30,113725.11154179733,54939.14158578723,58785.96995601011
2020-12-01,113868.71627723184,54939.14158578723,58929.574691444606
2020-12-02,114075.24893044098,54939.14158578723,59136.10734465376
2020-12-03,114201.10476599031,54939.14158578723,59261.963180203085
2020-12-04,114514.13081851046,54939.14158578723,59574.98923272323
2020-12-07,114362.45840130997,54939.14158578723,59423.31681552274
2020-12-08,114801.34028937944,54939.14158578723,59862.19870359221
2020-12-09,114236.60256576064,54939.14158578723,59297.46097997342
2020-12-10,114170.44757527957,54939.14158578723,59231.30598949235
2020-12-11,114010.70747631314,54939.14158578723,59071.565890525904
2020-12-14,113931.64419500649,54939.14158578723,58992.50260921927
2020-12-15,114491.5413095657,54939.14158578723,59552.39972377847
2020-12-16,114693.23335371527,54939.14158578723,59754.09176792804
2020-12-17,114927.19612492877,54939.14158578723,59988.054539141536
2020-12-18,114685.16567194927,54939.14158578723,59746.024086162055
2020-12-21,114175.28818433918,54939.14158578723,59236.146598551946
2020-12-22,113868.71627723184,54939.14158578723,58929.574691444606
2020-12-23,114278.55451094375,54939.14158578723,59339.412925156525
2020-12-24,114475.40594603374,54939.14158578723,59536.26436024651
2020-12-28,115146.6370689635,54939.14158578723,60207.49548317627
2020-12-29,114854.58698903493,54939.14158578723,59915.44540324769
2020-12-30,115006.25940623539,54939.14158578723,60067.11782044817
2020-12-31,115348.32911311307,54939.14158578723,60409.18752732584
2021-01-04,114533.49325474881,54939.14158578723,59594.35166896158
2021-01-05,114867.49527986051,54939.14158578723,59928.353694073274
2021-01-06,115446.75483065806,54939.14158578723,60507.61324487083
2021-01-07,116234.16057101797,54939.14158578723,61295.01898523075
2021-01-08,116511.68882376779,54939.14158578723,61572.547237980565
2021-01-11,116211.57106207323,54939.14158578723,61272.429476286
2021-01-12,116093.78290828987,54939.14158578723,61154.64132250265
2021-01-13,116366.47055198009,54939.14158578723,61427.328966192865
2021-01-14,115971.15414544694,54939.14158578723,61032.01255965971
2021-01-15,115369.30508570462,54939.14158578723,60430.16349991739
2021-01-19,116142.18899888577,54939.14158578723,61203.047413098546
2021-01-20,116990.90912066716,54939.14158578723,62051.76753487993
2021-01-21,116863.43974876462,54939.14158578723,61924.2981629774
2021-01-22,116695.63196803219,54939.14158578723,61756.49038224497
2021-01-25,116858.59913970504,54939.14158578723,61919.45755391782
2021-01-26,116932.82181195208,54939.14158578723,61993.680226164855
2021-01-27,115004.6458698822,54939.14158578723,60065.504284094975
2021-01-28,115606.49492962452,54939.14158578723,60667.35334383729
2021-01-29,114551.24215463398,54939.14158578723,59612.10056884674
2021-02-01,115671.03638375238,54939.14158578723,60731.89479796515
2021-02-02,116792.44414922399,54939.14158578723,61853.30256343676
2021-02-03,116631.09051390432,54939.14158578723,61691.9489281171
2021-02-04,117216.80421011469,54939.14158578723,62277.66262432746
2021-02-05,117575.00928052432,54939.14158578723,62635.86769473709
2021-02-08,117947.73617811271,54939.14158578723,63008.59459232549
2021-02-09,117976.77983247026,54939.14158578723,63037.63824668303
2021-02-10,117742.81706125676,54939.14158578723,62803.675475469536
2021-02-11,117939.66849634674,54939.14158578723,63000.52691055951
2021-02-12,118367.25562994383,54939.14158578723,63428.1140441566
2021-02-16,118104.24920437278,54939.14158578723,63165.10761858556
2021-02-17,118365.64209359062,54939.14158578723,63426.500507803394
2021-02-18,117939.66849634674,54939.14158578723,63000.52691055951
2021-02-19,117818.653269857,54939.14158578723,62879.51168406977
2021-02-22,117336.20590025123,54939.14158578723,62397.064314464
2021-02-23,117399.1338180259,54939.14158578723,62459.99223223867
2021-02-24,118291.41942134358,54939.14158578723,63352.27783555636
2021-02-25,116597.2062504872,54939.14158578723,61658.064664699974
2021-02-26,116206.73045301363,54939.14158578723,61267.588867226405
2021-03-01,117875.12704221887,54939.14158578723,62935.98545643165
2021-03-02,117508.85429004325,54939.14158578723,62569.712704256024
2021-03-03,116400.35481539724,54939.14158578723,61461.21322961
2021-03-04,115277.33351357242,54939.14158578723,60338.19192778519
2021-03-05,116890.86986676898,54939.14158578723,61951.72828098175
2021-03-08,116790.83061287078,54939.14158578723,61851.68902708356
2021-03-09,117384.61199084713,54939.14158578723,62445.470405059896
2021-03-10,117768.6336429079,54939.14158578723,62829.492057120675
2021-03-11,118515.7009744379,54939.14158578723,63576.559388650676
2021-03-12,118520.5415834975,54939.14158578723,63581.39999771027
2021-03-15,118822.27288154526,54939.14158578723,63883.13129575803
2021-03-16,118875.51958120073,54939.14158578723,63936.37799541351
2021-03-17,119159.50197936333,54939.14158578723,64220.360393576106
2021-03-18,118167.17712214746,54939.14158578723,63228.03553636023
2021-03-19,117721.84108866521,54939.14158578723,62782.69950287798
2021-03-22,118389.84513888857,54939.14158578723,63450.70355310135
2021-03-23,117775.0877883207,54939.14158578723,62835.946202533465
2021-03-24,117562.10098969875,54939.14158578723,62622.95940391152
2021-03-25,117915.46545104879,54939.14158578723,62976.32386526156
2021-03-26,118775.48032730256,54939.14158578723,63836.33874151533
2021-03-29,118865.83836308157,54939.14158578723,63926.69677729433
2021-03-30,118614.1266919829,54939.14158578723,63674.98510619567
2021-03-31,118938.44749897541,54939.14158578723,63999.305913188175
2021-04-01,119667.76593062025,54939.14158578723,64728.62434483303
2021-04-05,120568.11921570392,54939.14158578723,65628.9776299167
2021-04-06,120566.50567935072,54939.14158578723,65627.3640935635
2021-04-07,120713.3374874916,54939.14158578723,65774.19590170438
2021-04-08,121016.68232189256,54939.14158578723,66077.54073610534
2021-04-09,121203.85253886337,54939.14158578723,66264.71095307614
2021-04-12,121363.59263782983,54939.14158578723,66424.4510520426
2021-04-13,121520.1056640899,54939.14158578723,66580.96407830267
2021-04-14,121387.79568312777,54939.14158578723,66448.65409734055
2021-04-15,122033.21022440639,54939.14158578723,67094.06863861917
2021-04-16,122183.26910525368,54939.14158578723,67244.12751946645
2021-04-19,122017.07486087445,54939.14158578723,67077.93327508721
2021-04-20,121384.56861042138,54939.14158578723,66445.42702463416
2021-04-21,121891.21902532509,54939.14158578723,66952.07743953787
2021-04-22,121512.0379823239,54939.14158578723,66572.89639653669
2021-04-23,122102.59228759384,54939.14158578723,67163.45070180662
2021-04-26,122376.89346763727,54939.14158578723,67437.75188185004
2021-04-27,122326.87384068817,54939.14158578723,67387.73225490094
2021-04-28,122460.7973580035,54939.14158578723,67521.65577221627
2021-04-29,122602.7885570848,54939.14158578723,67663.64697129757
2021-04-30,122276.85421373908,54939.14158578723,67337.71262795186
2021-05-03,122322.0332316286,54939.14158578723,67382.89164584136
2021-05-04,121994.48535192967,54939.14158578723,67055.34376614245
2021-05-05,122010.62071546164,54939.14158578723,67071.47912967442
2021-05-06,122565.67722096125,54939.14158578723,67626.53563517403
2021-05-07,123098.14421751612,54939.14158578723,68159.0026317289
2021-05-10,122378.50700399047,54939.14158578723,67439.36541820323
2021-05-11,121779.88501695453,54939.14158578723,66840.74343116731
2021-05-12,120471.30703451214,54939.14158578723,65532.1654487249
2021-05-13,121255.48570216566,54939.14158578723,66316.34411637843
2021-05-14,122294.60311362424,54939.14158578723,67355.46152783702
2021-05-17,122099.36521488745,54939.14158578723,67160.22362910023
2021-05-18,121190.94424803779,54939.14158578723,66251.80266225057
2021-05-19,121063.47487613527,54939.14158578723,66124.33329034805
2021-05-20,122034.82376075958,54939.14158578723,67095.68217497236
2021-05-21,121971.89584298493,54939.14158578723,67032.7542571977
2021-05-24,122677.01122933184,54939.14158578723,67737.8696435446
2021-05-25,122564.06368460806,54939.14158578723,67624.92209882084
2021-05-26,122546.3147847229,54939.14158578723,67607.17319893568
2021-05-27,122888.38449160056,54939.14158578723,67949.24290581334
2021-05-28,122714.12256545536,54939.14158578723,67774.98097966812
2021-06-01,122593.10733896561,54939.14158578723,67653.96575317837
2021-06-02,122809.32121029394,54939.14158578723,67870.17962450671
2021-06-03,122444.66199447153,54939.14158578723,67505.5204086843
2021-06-04,123130.41494458006,54939.14158578723,68191.27335879282
2021-06-07,123075.55470857138,54939.14158578723,68136.41312278414
2021-06-08,123091.69007210335,54939.14158578723,68152.54848631611
2021-06-09,123006.17264538392,54939.14158578723,68067.0310595967
2021-06-10,123274.01968001455,54939.14158578723,68334.87809422732
2021-06-11,123419.23795180224,54939.14158578723,68480.09636601502
2021-06-14,123530.57196017282,54939.14158578723,68591.43037438559
2021-06-15,123424.07856086182,54939.14158578723,68484.9369750746
2021-06-16,122764.14219240446,54939.14158578723,67825.00060661722
2021-06-17,123080.39531763096,54939.14158578723,68141.25373184374
2021-06-18,121675.00515399675,54939.14158578723,66735.86356820953
2021-06-21,122902.90631877934,54939.14158578723,67963.76473299212
2021-06-22,123228.84066212506,54939.14158578723,68289.69907633783
2021-06-23,123209.47822588668,54939.14158578723,68270.33664009946
2021-06-24,123578.9780507687,54939.14158578723,68639.83646498146
2021-06-25,123817.78143104177,54939.14158578723,68878.63984525455
2021-06-28,123869.41459434407,54939.14158578723,68930.27300855685
2021-06-29,124038.83591142972,54939.14158578723,69099.69432564249
2021-06-30,124135.6480926215,54939.14158578723,69196.50650683428
2021-07-01,124382.51915466058,54939.14158578723,69443.37756887336
2021-07-02,124850.44469708757,54939.14158578723,69911.30311130035
2021-07-06,124672.95569823598,54939.14158578723,69733.81411244874
2021-07-07,125044.06905947116,54939.14158578723,70104.92747368394
2021-07-08,124363.15671842222,54939.14158578723,69424.015132635
2021-07-09,125232.85281279517,54939.14158578723,70293.71122700794
2021-07-12,125479.72387483425,54939.14158578723,70540.58228904702
2021-07-13,125129.58648619059,54939.14158578723,70190.44490040337
2021-07-14,125326.43792128057,54939.14158578723,70387.29633549335
2021-07-15,124929.50797839422,54939.14158578723,69990.36639260699
2021-07-16,124527.73742644826,54939.14158578723,69588.59584066104
2021-07-19,123635.45182313057,54939.14158578723,68696.31023734335
2021-07-20,124643.91204387843,54939.14158578723,69704.7704580912
2021-07-21,125121.51880442462,54939.14158578723,70182.37721863738
2021-07-22,125370.00340281689,54939.14158578723,70430.86181702965
2021-07-23,125815.33943629911,54939.14158578723,70876.19785051189
2021-07-26,126052.52928021902,54939.14158578723,71113.38769443179
2021-07-27,125731.43554593291,54939.14158578723,70792.29396014567
2021-07-28,125762.09273664365,54939.14158578723,70822.95115085642
2021-07-29,125644.30458286029,54939.14158578723,70705.16299707306
2021-07-30,125779.84163652881,54939.14158578723,70840.70005074158
2021-08-02,125639.46397380071,54939.14158578723,70700.32238801348
2021-08-03,125999.28258056354,54939.14158578723,71060.1409947763
2021-08-04,125826.6341907715,54939.14158578723,70887.49260498428
2021-08-05,126146.11438870442,54939.14158578723,71206.9728029172
2021-08-06,126317.14924214326,54939.14158578723,71378.00765635603
2021-08-09,126273.58376060694,54939.14158578723,71334.44217481972
2021-08-10,126321.98985120284,54939.14158578723,71382.84826541561
2021-08-11,126510.77360452685,54939.14158578723,71571.63201873962
2021-08-12,126725.37393950197,54939.14158578723,71786.23235371475
2021-08-13,126814.11843892778,54939.14158578723,71874.97685314056
2021-08-16,127022.26462849014,54939.14158578723,72083.12304270292
2021-08-17,126418.80203239463,54939.14158578723,71479.6604466074
2021-08-18,125742.73030040527,54939.14158578723,70803.58871461805
2021-08-19,125792.74992735437,54939.14158578723,70853.60834156715
2021-08-20,126520.45482264602,54939.14158578723,71581.3132368588
2021-08-23,127225.57020899293,54939.14158578723,72286.42862320569
2021-08-24,127191.6859455758,54939.14158578723,72252.54435978856
2021-08-25,127370.78848078061,54939.14158578723,72431.64689499338
2021-08-26,126954.49610165588,54939.14158578723,72015.35451586866
2021-08-27,127611.20539740688,54939.14158578723,72672.06381161966
2021-08-30,127927.45852263342,54939.14158578723,72988.3169368462
2021-08-31,127941.98034981219,54939.14158578723,73002.83876402496
2021-09-01,127867.75767756515,54939.14158578723,72928.61609177792
2021-09-02,128053.31435818275,54939.14158578723,73114.17277239553
2021-09-03,127991.99997676129,54939.14158578723,73052.85839097406
2021-09-07,127727.38001483705,54939.14158578723,72788.23842904982
2021-09-08,127614.4324701133,54939.14158578723,72675.29088432607
2021-09-09,127353.03958089545,54939.14158578723,72413.89799510821
2021-09-10,126796.36953904261,54939.14158578723,71857.2279532554
2021-09-13,127099.7143734436,54939.14158578723,72160.57278765636
2021-09-14,126696.33028514445,54939.14158578723,71757.18869935723
2021-09-15,127254.61386335045,54939.14158578723,72315.47227756323
2021-09-16,126985.15329236662,54939.14158578723,72046.0117065794
2021-09-17,126081.57293457657,54939.14158578723,71142.43134878934
2021-09-20,125136.04063160339,54939.14158578723,70196.89904581616
2021-09-21,124734.27007965744,54939.14158578723,69795.1284938702
2021-09-22,125708.84603698816,54939.14158578723,70769.70445120093
2021-09-23,126502.70592276086,54939.14158578723,71563.56433697362
2021-09-24,126614.03993113141,54939.14158578723,71674.89834534419
2021-09-27,126310.69509673046,54939.14158578723,71371.55351094324
2021-09-28,125110.22404995223,54939.14158578723,70171.082464165
2021-09-29,125228.01220373559,54939.14158578723,70288.87061794836
2021-09-30,124329.27245500509,54939.14158578723,69390.13086921787
2021-10-01,125108.61051359904,54939.14158578723,70169.4689278118
2021-10-04,124125.96687450234,54939.14158578723,69186.8252887151
2021-10-05,124708.45349800627,54939.14158578723,69769.31191221905
2021-10-06,125308.6890213954,54939.14158578723,70369.54743560818
2021-10-07,125866.9725996014,54939.14158578723,70927.83101381418
2021-10-08,125507.15399283858,54939.14158578723,70568.01240705136
2021-10-11,125031.16076864558,54939.14158578723,70092.01918285836
2021-10-12,124708.45349800627,54939.14158578723,69769.31191221905
2021-10-13,125266.7370762123,54939.14158578723,70327.59549042507
2021-10-14,126451.07275945856,54939.14158578723,71511.93117367134
2021-10-15,126881.88696576204,54939.14158578723,71942.74537997482
2021-10-18,127111.00912791595,54939.14158578723,72171.86754212873
2021-10-19,127719.31233307105,54939.14158578723,72780.17074728383
2021-10-20,127804.82975979047,54939.14158578723,72865.68817400324
2021-10-21,127958.11571334416,54939.14158578723,73018.97412755692
2021-10-22,127919.39084086745,54939.14158578723,72980.24925508021
2021-10-25,128542.21587320132,54939.14158578723,73603.07428741409
2021-10-26,128590.6219637972,54939.14158578723,73651.48037800998
2021-10-27,128330.84261093257,54939.14158578723,73391.70102514533
2021-10-28,128677.75292686981,54939.14158578723,73738.6113410826
2021-10-29,129113.40774223287,54939.14158578723,74174.26615644565
2021-11-01,129135.99725117764,54939.14158578723,74196.85566539041
2021-11-02,129390.93599498269,54939.14158578723,74451.79440919547
2021-11-03,130042.80468167411,54939.14158578723,75103.66309588688
2021-11-04,130321.9464707771,54939.14158578723,75382.80488498988
2021-11-05,130418.7586519689,54939.14158578723,75479.61706618167
2021-11-08,130415.53157926249,54939.14158578723,75476.38999347527
2021-11-09,130207.38538970015,54939.14158578723,75268.24380391292
2021-11-10,129857.24800105649,54939.14158578723,74918.10641526927
2021-11-11,129968.58200942705,54939.14158578723,75029.44042363983
2021-11-12,130388.10146125816,54939.14158578723,75448.95987547094
2021-11-15,130383.26085219858,54939.14158578723,75444.11926641135
2021-11-16,130670.47032306757,54939.14158578723,75731.32873728033
2021-11-17,130512.3437604543,54939.14158578723,75573.20217466707
2021-11-18,130791.48554955731,54939.14158578723,75852.34396377008
2021-11-19,130641.42666871002,54939.14158578723,75702.2850829228
2021-11-22,130470.3918152712,54939.14158578723,75531.25022948397
2021-11-23,130460.710597152,54939.14158578723,75521.56901136479
2021-11-24,130810.84798579567,54939.14158578723,75871.70640000844
2021-11-26,128693.88829040178,54939.14158578723,73754.74670461456
2021-11-29,130149.29808098509,54939.14158578723,75210.15649519785
2021-11-30,128742.29438099769,54939.14158578723,73803.15279521045
2021-12-01,127867.75767756515,54939.14158578723,72928.61609177792
2021-12-02,128553.51062767368,54939.14158578723,73614.36904188646
2021-12-03,128117.85581231062,54939.14158578723,73178.71422652339
2021-12-06,128994.00605209635,54939.14158578723,74054.86446630911
2021-12-07,130707.58165919108,54939.14158578723,75768.44007340385
2021-12-08,130649.49435047602,54939.14158578723,75710.35276468878
2021-12-09,130215.45307146612,54939.14158578723,75276.3114856789
2021-12-10,130936.703821345,54939.14158578723,75997.56223555777
2021-12-13,130363.89841596023,54939.14158578723,75424.75683017299
2021-12-14,129760.43581986471,54939.14158578723,74821.29423407748
2021-12-15,130922.18199416623,54939.14158578723,75983.040408379
2021-12-16,130284.83513465358,54939.14158578723,75345.69354886636
2021-12-17,129413.52550392743,54939.14158578723,74474.38391814021
2021-12-20,128590.6219637972,54939.14158578723,73651.48037800998
2021-12-21,129599.08218454506,54939.14158578723,74659.94059875782
2021-12-22,130452.64291538604,54939.14158578723,75513.5013295988
2021-12-23,130857.64054003835,54939.14158578723,75918.49895425113
2021-12-27,131901.59856055654,54939.14158578723,76962.4569747693
2021-12-28,131998.41074174832,54939.14158578723,77059.2691559611
2021-12-29,131912.89331502892,54939.14158578723,76973.75172924169
2021-12-30,131506.28215402339,54939.14158578723,76567.14056823615
2021-12-31,131633.7515259259,54939.14158578723,76694.60994013867
2022-01-03,132001.63781445473,54939.14158578723,77062.4962286675
2022-01-04,131879.00905161176,54939.14158578723,76939.86746582454
2022-01-05,130605.92886893969,54939.14158578723,75666.78728315247
2022-01-06,130709.19519554428,54939.14158578723,75770.05360975704
2022-01-07,130113.80028121473,54939.14158578723,75174.65869542751
2022-01-10,130126.70857204031,54939.14158578723,75187.56698625309
2022-01-11,130764.05543155296,54939.14158578723,75824.91384576574
2022-01-12,130899.59248522148,54939.14158578723,75960.45089943425
2022-01-13,129916.94884612478,54939.14158578723,74977.80726033755
2022-01-14,130018.60163637614,54939.14158578723,75079.46005058892
2022-01-18,128487.35563719261,54939.14158578723,73548.21405140539
2022-01-19,127883.8930410971,54939.14158578723,72944.75145530987
2022-01-20,126683.42199431887,54939.14158578723,71744.28040853165
2022-01-21,125378.07108458286,54939.14158578723,70438.92949879564
2022-01-24,125318.3702395146,54939.14158578723,70379.22865372736
2022-01-25,124900.46432403667,54939.14158578723,69961.32273824945
2022-01-26,124797.19799743209,54939.14158578723,69858.05641164487
2022-01-27,124860.12591520677,54939.14158578723,69920.98432941953
2022-01-28,126305.85448767088,54939.14158578723,71366.71290188366
2022-01-31,127380.46969889977,54939.14158578723,72441.32811311256
2022-02-01,128372.79455611567,54939.14158578723,73433.65297032845
2022-02-02,127982.3187586421,54939.14158578723,73043.17717285488
2022-02-03,127756.4236691946,54939.14158578723,72817.28208340736
2022-02-04,127332.0636083039,54939.14158578723,72392.92202251666
2022-02-07,127246.54618158448,54939.14158578723,72307.40459579724
2022-02-08,127803.21622343728,54939.14158578723,72864.07463765005
2022-02-09,128642.25512709949,54939.14158578723,73703.11354131225
2022-02-10,127144.89339133308,54939.14158578723,72205.75180554586
2022-02-11,126015.4179440955,54939.14158578723,71076.27635830827
2022-02-14,125836.31540889069,54939.14158578723,70897.17382310345
2022-02-15,126691.48967608486,54939.14158578723,71752.34809029763
2022-02-16,126873.81928399607,54939.14158578723,71934.67769820883
2022-02-17,125479.72387483425,54939.14158578723,70540.58228904702
2022-02-18,124679.40984364875,54939.14158578723,69740.26825786152
2022-02-22,124666.50155282317,54939.14158578723,69727.35996703595
2022-02-23,122522.11173942496,54939.14158578723,67582.97015363773
2022-02-24,123661.26840478173,54939.14158578723,68722.1268189945
2022-02-25,125563.62776520045,54939.14158578723,70624.48617941323
2022-02-28,125384.52522999563,54939.14158578723,70445.38364420841
2022-03-01,124579.37058975056,54939.14158578723,69640.22900396334
2022-03-02,125495.85923836619,54939.14158578723,70556.71765257897
2022-03-03,124193.73540133657,54939.14158578723,69254.59381554935
2022-03-04,124527.73742644826,54939.14158578723,69588.59584066104
2022-03-07,122552.7689301357,54939.14158578723,67613.62734434847
2022-03-08,122296.21664997743,54939.14158578723,67357.07506419021
2022-03-09,123875.86873975687,54939.14158578723,68936.72715396964
2022-03-10,123522.50427840682,54939.14158578723,68583.3626926196
2022-03-11,122699.60073827658,54939.14158578723,67760.45915248935
2022-03-14,122367.21224951808,54939.14158578723,67428.07066373086
2022-03-15,123578.9780507687,54939.14158578723,68639.83646498146
2022-03-16,125329.66499398695,54939.14158578723,70390.52340819973
2022-03-17,125694.32420980939,54939.14158578723,70755.18262402216
2022-03-18,126820.57258434058,54939.14158578723,71881.43099855335
2022-03-21,126531.7495771184,54939.14158578723,71592.60799133117
2022-03-22,127561.18577045779,54939.14158578723,72622.04418467057
2022-03-23,126635.01590372296,54939.14158578723,71695.87431793574
2022-03-24,127585.38881575575,54939.14158578723,72646.24722996852
2022-03-25,128016.20302205923,54939.14158578723,73077.061436272
2022-03-28,128485.74210083942,54939.14158578723,73546.6005150522
2022-03-29,129339.3028316804,54939.14158578723,74400.16124589318
2022-03-30,128981.09776127076,54939.14158578723,74041.95617548354
2022-03-31,128064.60911265513,54939.14158578723,73125.4675268679
2022-04-01,128079.1309398339,54939.14158578723,73139.98935404667
2022-04-04,128572.87306391203,54939.14158578723,73633.73147812481
2022-04-05,127753.19659648818,54939.14158578723,72814.05501070096
2022-04-06,126773.78003009787,54939.14158578723,71834.63844431065
2022-04-07,127280.7481890344,127280.7481890344,0
2022-04-08,127280.7481890344,127280.7481890344,0
2022-04-11,127280.7481890344,127280.7481890344,0
2022-04-12,127280.7481890344,127280.7481890344,0
2022-04-13,127280.7481890344,127280.7481890344,0
2022-04-14,127280.7481890344,127280.7481890344,0
2022-04-18,127280.7481890344,127280.7481890344,0
2022-04-19,127280.7481890344,127280.7481890344,0
2022-04-20,127280.7481890344,127280.7481890344,0
2022-04-21,127280.7481890344,127280.7481890344,0
2022-04-22,127280.7481890344,127280.7481890344,0
2022-04-25,127280.7481890344,127280.7481890344,0
2022-04-26,127280.7481890344,127280.7481890344,0
2022-04-27,127280.7481890344,127280.7481890344,0
2022-04-28,127280.7481890344,127280.7481890344,0
2022-04-29,127280.7481890344,127280.7481890344,0
2022-05-02,127280.7481890344,127280.7481890344,0
2022-05-03,127280.7481890344,127280.7481890344,0
2022-05-04,127280.7481890344,127280.7481890344,0
2022-05-05,127280.7481890344,127280.7481890344,0
2022-05-06,127280.7481890344,127280.7481890344,0
2022-05-09,127280.7481890344,127280.7481890344,0
2022-05-10,127280.7481890344,127280.7481890344,0
2022-05-11,127280.7481890344,127280.7481890344,0
2022-05-12,127280.7481890344,127280.7481890344,0
2022-05-13,127280.7481890344,127280.7481890344,0
2022-05-16,127280.7481890344,127280.7481890344,0
2022-05-17,127280.7481890344,127280.7481890344,0
2022-05-18,127280.7481890344,127280.7481890344,0
2022-05-19,127280.7481890344,127280.7481890344,0
2022-05-20,127280.7481890344,127280.7481890344,0
2022-05-23,127280.7481890344,127280.7481890344,0
2022-05-24,127280.7481890344,127280.7481890344,0
2022-05-25,127280.7481890344,127280.7481890344,0
2022-05-26,127280.7481890344,127280.7481890344,0
2022-05-27,127280.7481890344,127280.7481890344,0
2022-05-31,127280.7481890344,127280.7481890344,0
2022-06-01,127280.7481890344,127280.7481890344,0
2022-06-02,127280.7481890344,127280.7481890344,0
2022-06-03,127280.7481890344,127280.7481890344,0
2022-06-06,127280.7481890344,127280.7481890344,0
2022-06-07,127280.7481890344,127280.7481890344,0
2022-06-08,127280.7481890344,127280.7481890344,0
2022-06-09,127280.7481890344,127280.7481890344,0
2022-06-10,127280.7481890344,127280.7481890344,0
2022-06-13,127280.7481890344,127280.7481890344,0
2022-06-14,127280.7481890344,127280.7481890344,0
2022-06-15,127280.7481890344,127280.7481890344,0
2022-06-16,127280.7481890344,127280.7481890344,0
2022-06-17,127280.7481890344,127280.7481890344,0
2022-06-21,127280.7481890344,127280.7481890344,0
2022-06-22,127280.7481890344,127280.7481890344,0
2022-06-23,127280.7481890344,127280.7481890344,0
2022-06-24,127280.7481890344,127280.7481890344,0
2022-06-27,127280.7481890344,127280.7481890344,0
2022-06-28,127280.7481890344,127280.7481890344,0
2022-06-29,127280.7481890344,127280.7481890344,0
2022-06-30,127280.7481890344,127280.7481890344,0
2022-07-01,127280.7481890344,127280.7481890344,0
2022-07-05,127280.7481890344,127280.7481890344,0
2022-07-06,127280.7481890344,127280.7481890344,0
2022-07-07,127280.7481890344,127280.7481890344,0
2022-07-08,127280.7481890344,127280.7481890344,0
2022-07-11,127280.7481890344,127280.7481890344,0
2022-07-12,127280.7481890344,127280.7481890344,0
2022-07-13,127280.7481890344,127280.7481890344,0
2022-07-14,127280.7481890344,127280.7481890344,0
2022-07-15,127280.7481890344,127280.7481890344,0
2022-07-18,127280.7481890344,127280.7481890344,0
2022-07-19,127280.7481890344,127280.7481890344,0
2022-07-20,127280.7481890344,127280.7481890344,0
2022-07-21,127280.7481890344,127280.7481890344,0
2022-07-22,127280.7481890344,127280.7481890344,0
2022-07-25,127280.7481890344,127280.7481890344,0
2022-07-26,127280.7481890344,127280.7481890344,0
2022-07-27,127280.7481890344,127280.7481890344,0
2022-07-28,127280.7481890344,127280.7481890344,0
2022-07-29,127280.7481890344,127280.7481890344,0
2022-08-01,127280.7481890344,127280.7481890344,0
2022-08-02,127280.7481890344,127280.7481890344,0
2022-08-03,127280.7481890344,127280.7481890344,0
2022-08-04,127280.7481890344,127280.7481890344,0
2022-08-05,127280.7481890344,127280.7481890344,0
2022-08-08,127280.7481890344,127280.7481890344,0
2022-08-09,127280.7481890344,127280.7481890344,0
2022-08-10,127280.7481890344,127280.7481890344,0
2022-08-11,127280.7481890344,127280.7481890344,0
2022-08-12,127280.7481890344,127280.7481890344,0
2022-08-15,127280.7481890344,127280.7481890344,0
2022-08-16,127280.7481890344,127280.7481890344,0
2022-08-17,127280.7481890344,127280.7481890344,0
2022-08-18,127280.7481890344,127280.7481890344,0
2022-08-19,127280.7481890344,127280.7481890344,0
2022-08-22,127280.7481890344,127280.7481890344,0
2022-08-23,127280.7481890344,127280.7481890344,0
2022-08-24,127280.7481890344,127280.7481890344,0
2022-08-25,127280.7481890344,127280.7481890344,0
2022-08-26,127280.7481890344,127280.7481890344,0
2022-08-29,127280.7481890344,127280.7481890344,0
2022-08-30,127280.7481890344,127280.7481890344,0
2022-08-31,127280.7481890344,127280.7481890344,0
2022-09-01,127280.7481890344,127280.7481890344,0
2022-09-02,127280.7481890344,127280.7481890344,0
2022-09-06,127280.7481890344,127280.7481890344,0
2022-09-07,127280.7481890344,127280.7481890344,0
2022-09-08,127280.7481890344,127280.7481890344,0
2022-09-09,127280.7481890344,127280.7481890344,0
2022-09-12,127280.7481890344,127280.7481890344,0
2022-09-13,127280.7481890344,127280.7481890344,0
2022-09-14,127280.7481890344,127280.7481890344,0
2022-09-15,127280.7481890344,127280.7481890344,0
2022-09-16,127280.7481890344,127280.7481890344,0
2022-09-19,127280.7481890344,127280.7481890344,0
2022-09-20,127280.7481890344,127280.7481890344,0
2022-09-21,127280.7481890344,127280.7481890344,0
2022-09-22,127280.7481890344,127280.7481890344,0
2022-09-23,127280.7481890344,127280.7481890344,0
2022-09-26,127280.7481890344,127280.7481890344,0
2022-09-27,127280.7481890344,127280.7481890344,0
2022-09-28,127280.7481890344,127280.7481890344,0
2022-09-29,127280.7481890344,127280.7481890344,0
2022-09-30,127280.7481890344,127280.7481890344,0
2022-10-03,127280.7481890344,127280.7481890344,0
2022-10-04,127280.7481890344,127280.7481890344,0
2022-10-05,127280.7481890344,127280.7481890344,0
2022-10-06,127280.7481890344,127280.7481890344,0
2022-10-07,127280.7481890344,127280.7481890344,0
2022-10-10,127280.7481890344,127280.7481890344,0
2022-10-11,127280.7481890344,127280.7481890344,0
2022-10-12,127280.7481890344,127280.7481890344,0
2022-10-13,127280.7481890344,127280.7481890344,0
2022-10-14,127280.7481890344,127280.7481890344,0
2022-10-17,127280.7481890344,127280.7481890344,0
2022-10-18,127280.7481890344,127280.7481890344,0
2022-10-19,127280.7481890344,127280.7481890344,0
2022-10-20,127280.7481890344,127280.7481890344,0
2022-10-21,127280.7481890344,127280.7481890344,0
2022-10-24,127280.7481890344,127280.7481890344,0
2022-10-25,127280.7481890344,127280.7481890344,0
2022-10-26,127280.7481890344,127280.7481890344,0
2022-10-27,127280.7481890344,127280.7481890344,0
2022-10-28,127280.7481890344,127280.7481890344,0
2022-10-31,127280.7481890344,127280.7481890344,0
2022-11-01,127280.7481890344,127280.7481890344,0
2022-11-02,127280.7481890344,127280.7481890344,0
2022-11-03,127280.7481890344,127280.7481890344,0
2022-11-04,127280.7481890344,127280.7481890344,0
2022-11-07,127280.7481890344,127280.7481890344,0
2022-11-08,127280.7481890344,127280.7481890344,0
2022-11-09,127280.7481890344,127280.7481890344,0
2022-11-10,127280.7481890344,127280.7481890344,0
2022-11-11,127280.7481890344,127280.7481890344,0
2022-11-14,127280.7481890344,127280.7481890344,0
2022-11-15,127280.7481890344,127280.7481890344,0
2022-11-16,127280.7481890344,127280.7481890344,0
2022-11-17,127280.7481890344,127280.7481890344,0
2022-11-18,127280.7481890344,127280.7481890344,0
2022-11-21,127280.7481890344,127280.7481890344,0
2022-11-22,127280.7481890344,127280.7481890344,0
2022-11-23,127280.7481890344,127280.7481890344,0
2022-11-25,127280.7481890344,127280.7481890344,0
2022-11-28,127280.7481890344,127280.7481890344,0
2022-11-29,127280.7481890344,127280.7481890344,0
2022-11-30,127280.7481890344,127280.7481890344,0
2022-12-01,127280.7481890344,127280.7481890344,0
2022-12-02,127280.7481890344,127280.7481890344,0
2022-12-05,127280.7481890344,127280.7481890344,0
2022-12-06,127280.7481890344,127280.7481890344,0
2022-12-07,127280.7481890344,127280.7481890344,0
2022-12-08,127280.7481890344,127280.7481890344,0
2022-12-09,127280.7481890344,127280.7481890344,0
2022-12-12,127280.7481890344,127280.7481890344,0
2022-12-13,127280.7481890344,127280.7481890344,0
2022-12-14,127280.7481890344,127280.7481890344,0
2022-12-15,127280.7481890344,127280.7481890344,0
2022-12-16,127280.7481890344,127280.7481890344,0
2022-12-19,127280.7481890344,127280.7481890344,0
2022-12-20,127280.7481890344,127280.7481890344,0
2022-12-21,127280.7481890344,127280.7481890344,0
2022-12-22,127280.7481890344,127280.7481890344,0
2022-12-23,127280.7481890344,127280.7481890344,0
2022-12-27,127280.7481890344,127280.7481890344,0
2022-12-28,127280.7481890344,127280.7481890344,0
2022-12-29,127280.7481890344,127280.7481890344,0
2022-12-30,127280.7481890344,127280.7481890344,0
2023-01-03,127280.7481890344,127280.7481890344,0
2023-01-04,127280.7481890344,127280.7481890344,0
2023-01-05,127280.7481890344,127280.7481890344,0
2023-01-06,127280.7481890344,127280.7481890344,0
2023-01-09,127280.7481890344,127280.7481890344,0
2023-01-10,127280.7481890344,127280.7481890344,0
2023-01-11,127280.7481890344,127280.7481890344,0
2023-01-12,127280.7481890344,127280.7481890344,0
2023-01-13,127280.7481890344,127280.7481890344,0
2023-01-17,127280.7481890344,127280.7481890344,0
2023-01-18,127280.7481890344,127280.7481890344,0
2023-01-19,127280.7481890344,127280.7481890344,0
2023-01-20,127280.7481890344,127280.7481890344,0
2023-01-23,127280.7481890344,127280.7481890344,0
2023-01-24,127280.7481890344,127280.7481890344,0
2023-01-25,127280.7481890344,127280.7481890344,0
2023-01-26,127280.7481890344,127280.7481890344,0
2023-01-27,127280.7481890344,127280.7481890344,0
2023-01-30,127280.7481890344,127280.7481890344,0
2023-01-31,127280.7481890344,127280.7481890344,0
2023-02-01,127280.7481890344,127280.7481890344,0
2023-02-02,127280.7481890344,127280.7481890344,0
2023-02-03,127280.7481890344,127280.7481890344,0
2023-02-06,127280.7481890344,127280.7481890344,0
2023-02-07,127280.7481890344,127280.7481890344,0
2023-02-08,127280.7481890344,127280.7481890344,0
2023-02-09,127280.7481890344,127280.7481890344,0
2023-02-10,127280.7481890344,127280.7481890344,0
2023-02-13,127280.7481890344,127280.7481890344,0
2023-02-14,127280.7481890344,127280.7481890344,0
2023-02-15,127280.7481890344,127280.7481890344,0
2023-02-16,127280.7481890344,127280.7481890344,0
2023-02-17,127280.7481890344,127280.7481890344,0
2023-02-21,127280.7481890344,127280.7481890344,0
2023-02-22,127280.7481890344,127280.7481890344,0
2023-02-23,127280.7481890344,127280.7481890344,0
2023-02-24,127280.7481890344,127280.7481890344,0
2023-02-27,127280.7481890344,127280.7481890344,0
2023-02-28,127280.7481890344,127280.7481890344,0
2023-03-01,127280.7481890344,127280.7481890344,0
2023-03-02,127280.7481890344,127280.7481890344,0
2023-03-03,127280.7481890344,127280.7481890344,0
2023-03-06,127280.7481890344,127280.7481890344,0
2023-03-07,127280.7481890344,127280.7481890344,0
2023-03-08,127280.7481890344,127280.7481890344,0
2023-03-09,127280.7481890344,127280.7481890344,0
2023-03-10,127280.7481890344,127280.7481890344,0
2023-03-13,127280.7481890344,127280.7481890344,0
2023-03-14,127280.7481890344,127280.7481890344,0
2023-03-15,127280.7481890344,127280.7481890344,0
2023-03-16,127280.7481890344,127280.7481890344,0
2023-03-17,127280.7481890344,127280.7481890344,0
2023-03-20,127280.7481890344,127280.7481890344,0
2023-03-21,127280.7481890344,127280.7481890344,0
2023-03-22,127280.7481890344,127280.7481890344,0
2023-03-23,127280.7481890344,127280.7481890344,0
2023-03-24,127280.7481890344,127280.7481890344,0
2023-03-27,127280.7481890344,127280.7481890344,0
2023-03-28,127280.7481890344,127280.7481890344,0
2023-03-29,127280.7481890344,127280.7481890344,0
2023-03-30,127280.7481890344,127280.7481890344,0
2023-03-31,127280.7481890344,127280.7481890344,0
2023-04-03,127280.7481890344,127280.7481890344,0
2023-04-04,127280.7481890344,127280.7481890344,0
2023-04-05,127280.7481890344,127280.7481890344,0
2023-04-06,127280.7481890344,127280.7481890344,0
2023-04-10,127280.7481890344,127280.7481890344,0
2023-04-11,127280.7481890344,127280.7481890344,0
2023-04-12,127280.7481890344,127280.7481890344,0
2023-04-13,127280.7481890344,127280.7481890344,0
2023-04-14,127280.7481890344,127280.7481890344,0
2023-04-17,127280.7481890344,127280.7481890344,0
2023-04-18,127280.7481890344,127280.7481890344,0
2023-04-19,127280.7481890344,127280.7481890344,0
2023-04-20,127280.7481890344,127280.7481890344,0
2023-04-21,127280.7481890344,127280.7481890344,0
2023-04-24,127280.7481890344,127280.7481890344,0
2023-04-25,127280.7481890344,127280.7481890344,0
2023-04-26,127280.7481890344,127280.7481890344,0
2023-04-27,127280.7481890344,127280.7481890344,0
2023-04-28,127280.7481890344,127280.7481890344,0
2023-05-01,127280.7481890344,127280.7481890344,0
2023-05-02,127280.7481890344,127280.7481890344,0
2023-05-03,127280.7481890344,127280.7481890344,0
2023-05-04,127280.7481890344,127280.7481890344,0
2023-05-05,127280.7481890344,127280.7481890344,0
2023-05-08,127280.7481890344,127280.7481890344,0
2023-05-09,127280.7481890344,127280.7481890344,0
2023-05-10,127280.7481890344,127280.7481890344,0
2023-05-11,127280.7481890344,127280.7481890344,0
2023-05-12,127280.7481890344,127280.7481890344,0
2023-05-15,127280.7481890344,127280.7481890344,0
2023-05-16,127280.7481890344,127280.7481890344,0
2023-05-17,127280.7481890344,127280.7481890344,0
2023-05-18,127280.7481890344,127280.7481890344,0
2023-05-19,127280.7481890344,127280.7481890344,0
2023-05-22,127280.7481890344,127280.7481890344,0
2023-05-23,127280.7481890344,127280.7481890344,0
2023-05-24,127280.7481890344,127280.7481890344,0
2023-05-25,127280.7481890344,127280.7481890344,0
2023-05-26,127280.7481890344,127280.7481890344,0
2023-05-30,127280.7481890344,127280.7481890344,0
2023-05-31,127280.7481890344,127280.7481890344,0
2023-06-01,127280.7481890344,127280.7481890344,0
2023-06-02,127280.7481890344,127280.7481890344,0
2023-06-05,127280.7481890344,127280.7481890344,0
2023-06-06,127280.7481890344,127280.7481890344,0
2023-06-07,127280.7481890344,127280.7481890344,0
2023-06-08,127280.7481890344,127280.7481890344,0
2023-06-09,127280.7481890344,127280.7481890344,0
2023-06-12,127280.7481890344,127280.7481890344,0
2023-06-13,127280.7481890344,127280.7481890344,0
2023-06-14,127280.7481890344,127280.7481890344,0
2023-06-15,127280.7481890344,127280.7481890344,0
2023-06-16,127280.7481890344,127280.7481890344,0
2023-06-20,127280.7481890344,127280.7481890344,0
2023-06-21,127280.7481890344,127280.7481890344,0
2023-06-22,127280.7481890344,127280.7481890344,0
2023-06-23,127280.7481890344,127280.7481890344,0
2023-06-26,127280.7481890344,127280.7481890344,0
2023-06-27,127280.7481890344,127280.7481890344,0
2023-06-28,127280.7481890344,127280.7481890344,0
2023-06-29,127280.7481890344,127280.7481890344,0
2023-06-30,127280.7481890344,127280.7481890344,0
2023-07-03,127280.7481890344,127280.7481890344,0
2023-07-05,127280.7481890344,127280.7481890344,0
2023-07-06,127280.7481890344,127280.7481890344,0
2023-07-07,127280.7481890344,127280.7481890344,0
2023-07-10,127280.7481890344,127280.7481890344,0
2023-07-11,127280.7481890344,127280.7481890344,0
2023-07-12,127280.7481890344,127280.7481890344,0
2023-07-13,127280.7481890344,127280.7481890344,0
2023-07-14,127280.7481890344,127280.7481890344,0
2023-07-17,127280.7481890344,127280.7481890344,0
2023-07-18,127280.7481890344,127280.7481890344,0
2023-07-19,127280.7481890344,127280.7481890344,0
2023-07-20,127280.7481890344,127280.7481890344,0
2023-07-21,127280.7481890344,127280.7481890344,0
2023-07-24,127280.7481890344,127280.7481890344,0
2023-07-25,127280.7481890344,127280.7481890344,0
2023-07-26,127280.7481890344,127280.7481890344,0
2023-07-27,127280.7481890344,127280.7481890344,0
2023-07-28,127280.7481890344,127280.7481890344,0
2023-07-31,127280.7481890344,127280.7481890344,0
2023-08-01,127280.7481890344,127280.7481890344,0
2023-08-02,127280.7481890344,127280.7481890344,0
2023-08-03,127280.7481890344,127280.7481890344,0
2023-08-04,127164.97416184939,69306.88961160992,57858.084550239466
2023-08-07,127673.8642569267,69306.88961160992,58366.974645316775
2023-08-08,127398.05359470923,69306.88961160992,58091.1639830993
2023-08-09,127163.67927611127,69306.88961160992,57856.78966450136
2023-08-10,127118.35827527742,69306.88961160992,57811.4686636675
2023-08-11,127034.19070230026,69306.88961160992,57727.301090690344
2023-08-14,127390.28428028055,69306.88961160992,58083.39466867064
2023-08-15,126696.2255246535,69306.88961160992,57389.33591304358
2023-08-16,126222.29734450518,69306.88961160992,56915.407732895255
2023-08-17,125771.67710764283,69306.88961160992,56464.787496032906
2023-08-18,125792.39527945258,69306.88961160992,56485.50566784267
2023-08-21,126109.64228528959,69306.88961160992,56802.752673679664
2023-08-22,126053.96219855084,69306.88961160992,56747.07258694093
2023-08-23,126940.95892915633,69306.88961160992,57634.069317546404
2023-08-24,125920.58896752549,69306.88961160992,56613.699355915574
2023-08-25,126262.43880238659,69306.88961160992,56955.54919077667
2023-08-28,126649.60963808153,69306.88961160992,57342.72002647161
2023-08-29,127505.52911097236,69306.88961160992,58198.63949936245
2023-08-30,127715.30060054621,69306.88961160992,58408.410988936295
2023-08-31,127663.50517102182,69306.88961160992,58356.6155594119
2023-09-01,127695.87731447458,69306.88961160992,58388.98770286465
2023-09-05,127466.68253882906,69306.88961160992,58159.79292721914
2023-09-06,127075.62704591978,69306.88961160992,57768.73743430986
2023-09-07,126933.18961472766,69306.88961160992,57626.30000311774
2023-09-08,126943.54870063256,69306.88961160992,57636.65908902263
2023-09-11,127317.7706789464,69306.88961160992,58010.88106733647
2023-09-12,127065.2679600149,69306.88961160992,57758.378348404985
2023-09-13,127188.28210513538,69306.88961160992,57881.392493525454
2023-09-14,127663.50517102182,69306.88961160992,58356.6155594119
2023-09-15,126707.87949629649,69306.88961160992,57400.989884686576
2023-09-18,126786.8675263212,69306.88961160992,57479.97791471129
2023-09-19,126656.08406677208,69306.88961160992,57349.194455162164
2023-09-20,126009.9360834551,69306.88961160992,56703.04647184518
2023-09-21,125132.0035530164,69306.88961160992,55825.113941406475
2023-09-22,125064.66949463467,69306.88961160992,55757.77988302475
2023-09-25,125258.9023553512,69306.88961160992,55952.012743741274
2023-09-26,124540.24077070004,69306.88961160992,55233.35115909012
2023-09-27,124554.48451381925,69306.88961160992,55247.594902209334
2023-09-28,124814.7565471794,69306.88961160992,55507.86693556948
2023-09-29,124654.19071565373,69306.88961160992,55347.301104043814
2023-10-02,124650.3060584394,69306.88961160992,55343.41644682948
2023-10-03,123895.38767312116,69306.88961160992,54588.49806151124
2023-10-04,124234.64773650604,69306.88961160992,54927.758124896114
2023-10-05,124204.8653645295,69306.88961160992,54897.97575291958
2023-10-06,125006.3996364197,69306.88961160992,55699.51002480978
2023-10-09,125279.62052716095,69306.88961160992,55972.73091555103
2023-10-10,125589.09821856928,69306.88961160992,56282.208606959364
2023-10-11,125938.71736785903,69306.88961160992,56631.82775624912
2023-10-12,125501.0459883778,69306.88961160992,56194.15637676788
2023-10-13,125045.24620856301,69306.88961160992,55738.35659695309
2023-10-16,125767.79245042849,69306.88961160992,56460.90283881857
2023-10-17,125642.18853383181,69306.88961160992,56335.29892222189
2023-10-18,125038.77177987245,69306.88961160992,55731.882168262535
2023-10-19,124436.64991165121,69306.88961160992,55129.7603000413
2023-10-20,123769.78375652447,69306.88961160992,54462.89414491456
2023-10-23,123926.4649308358,69306.88961160992,54619.575319225885
2023-10-24,124111.63359138556,69306.88961160992,54804.743979775645
2023-10-25,123137.8795163267,69306.88961160992,53830.989904716786
2023-10-26,123022.6346856349,69306.88961160992,53715.74507402497
2023-10-27,122442.52587496153,69306.88961160992,53135.63626335161
2023-10-30,123067.95568646875,69306.88961160992,53761.066074858834
2023-10-31,123339.88169147188,69306.88961160992,54032.992079861964
2023-11-01,124162.13413517186,69306.88961160992,54855.24452356194
2023-11-02,124975.32237870507,69306.88961160992,55668.432767095146
2023-11-03,125671.97090580835,69306.88961160992,56365.081294198426
2023-11-06,125602.0470759504,69306.88961160992,56295.15746434047
2023-11-07,125855.84468061998,69306.88961160992,56548.955069010066
2023-11-08,125845.48559471511,69306.88961160992,56538.59598310519
2023-11-09,125458.31475902016,69306.88961160992,56151.425147410235
2023-11-10,126307.75980322044,69306.88961160992,57000.87019161052
2023-11-13,126332.36263224453,69306.88961160992,57025.473020634614
2023-11-14,127480.92628194828,69306.88961160992,58174.036670338355
2023-11-15,127518.47796835347,69306.88961160992,58211.58835674355
2023-11-16,127646.67165642639,69306.88961160992,58339.782044816464
2023-11-17,127623.3637131404,69306.88961160992,58316.474101530475
2023-11-20,128150.38220855125,69306.88961160992,58843.49259694132
2023-11-21,127962.62377652526,69306.88961160992,58655.734164915346
2023-11-22,128204.76740955187,69306.88961160992,58897.877797941954
2023-11-24,128275.98612514793,69306.88961160992,58969.09651353801
2023-11-27,128185.34412348022,69306.88961160992,58878.454511870295
2023-11-28,128261.74238202872,69306.88961160992,58954.8527704188
2023-11-29,128215.12649545676,69306.88961160992,58908.23688384683
2023-11-30,128376.98721272053,69306.88961160992,59070.09760111061
2023-12-01,128848.32562139264,69306.88961160992,59541.436009782716
2023-12-04,128330.37132614857,69306.88961160992,59023.48171453864
2023-12-05,128544.02747293675,69306.88961160992,59237.137861326824
2023-12-06,128160.74129445612,69306.88961160992,58853.8516828462
2023-12-07,128619.13084574713,69306.88961160992,59312.24123413721
2023-12-08,128948.03182322712,69306.88961160992,59641.142211617196
2023-12-11,129169.45728444395,69306.88961160992,59862.56767283404
2023-12-12,129482.81963306663,69306.88961160992,60175.93002145671
2023-12-13,130429.38110762517,69306.88961160992,61122.49149601525
2023-12-14,130382.76522105321,69306.88961160992,61075.87560944329
2023-12-15,130179.46816016991,69306.88961160992,60872.57854855999
2023-12-18,130398.30384991053,69306.88961160992,61091.41423830061
2023-12-19,130771.23094248626,69306.88961160992,61464.34133087635
2023-12-20,130002.0688140488,69306.88961160992,60695.17920243889
2023-12-21,130474.70210845902,69306.88961160992,61167.81249684911
2023-12-22,130578.29296750785,69306.88961160992,61271.40335589793
2023-12-26,130890.36043039241,69306.88961160992,61583.47081878248
2023-12-27,131059.99046208482,69306.88961160992,61753.10085047491
2023-12-28,131079.41374815648,69306.88961160992,61772.52413654657
2023-12-29,130823.02637201067,69306.88961160992,61516.136760400754
2024-01-02,130490.24073731636,69306.88961160992,61183.35112570644
2024-01-03,130082.35172981165,69306.88961160992,60775.46211820173
2024-01-04,129881.64444040458,69306.88961160992,60574.75482879465
2024-01-05,129965.81201338173,69306.88961160992,60658.92240177181
2024-01-08,130711.6661985332,69306.88961160992,61404.776586923275
2024-01-09,130657.28099753257,69306.88961160992,61350.39138592265
2024-01-10,131083.29840537082,69306.88961160992,61776.4087937609
2024-01-11,130873.52691579697,69306.88961160992,61566.63730418705
2024-01-12,130898.12974482105,69306.88961160992,61591.24013321114
2024-01-16,130781.59002839115,69306.88961160992,61474.70041678123
2024-01-17,130466.93279403038,69306.88961160992,61160.04318242045
2024-01-18,131039.27229027508,69306.88961160992,61732.382678665155
2024-01-19,131803.2548757601,69306.88961160992,62496.36526415016
2024-01-22,131919.79459219,69306.88961160992,62612.90498058009
2024-01-23,132234.4518265508,69306.88961160992,62927.56221494087
2024-01-24,132169.70753964526,69306.88961160992,62862.81792803535
2024-01-25,132360.05574314747,69306.88961160992,63053.166131537546
2024-01-26,132335.45291412337,69306.88961160992,63028.56330251345
2024-01-29,132923.3310392254,69306.88961160992,63616.441427615486
2024-01-30,132653.9948056985,69306.88961160992,63347.10519408856
2024-01-31,131981.9491076193,69306.88961160992,62675.05949600937
2024-02-01,132981.60089744037,69306.88961160992,63674.71128583044
2024-02-02,133223.74453046697,69306.88961160992,63916.85491885705
2024-02-05,133089.0764137035,69306.88961160992,63782.18680209358
2024-02-06,133250.93713096727,69306.88961160992,63944.04751935736
2024-02-07,133761.1221117827,69306.88961160992,64454.23250017277
2024-02-08,133799.96868392598,69306.88961160992,64493.079072316075
2024-02-09,134180.6650909304,69306.88961160992,64873.77547932047
2024-02-12,134077.0742318816,69306.88961160992,64770.184620271655
2024-02-13,133309.20698918222,69306.88961160992,64002.31737757231
2024-02-14,133876.3669424745,69306.88961160992,64569.477330864574
2024-02-15,134259.6531209551,69306.88961160992,64952.7635093452
2024-02-16,133837.52037033119,69306.88961160992,64530.63075872128
2024-02-20,133540.99153630395,69306.88961160992,64234.10192469404
2024-02-21,134167.7162335493,69306.88961160992,64860.82662193937
2024-02-22,135001.62264889225,69306.88961160992,65694.73303728233
2024-02-23,134964.07096248708,69306.88961160992,65657.18135087714
2024-02-26,134663.53131570757,134663.53131570757,0
2024-02-27,134663.53131570757,134663.53131570757,0
2024-02-28,134663.53131570757,134663.53131570757,0
2024-02-29,134663.53131570757,134663.53131570757,0
2024-03-01,134663.53131570757,134663.53131570757,0
2024-03-04,134663.53131570757,134663.53131570757,0
2024-03-05,134663.53131570757,134663.53131570757,0
2024-03-06,134663.53131570757,134663.53131570757,0
2024-03-07,134663.53131570757,134663.53131570757,0
2024-03-08,134663.53131570757,134663.53131570757,0
2024-03-11,134663.53131570757,134663.53131570757,0
2024-03-12,134663.53131570757,134663.53131570757,0
2024-03-13,134663.53131570757,134663.53131570757,0
2024-03-14,134663.53131570757,134663.53131570757,0
2024-03-15,134663.53131570757,134663.53131570757,0
2024-03-18,134663.53131570757,134663.53131570757,0
2024-03-19,134663.53131570757,134663.53131570757,0
2024-03-20,134663.53131570757,134663.53131570757,0
2024-03-21,134663.53131570757,134663.53131570757,0
2024-03-22,134663.53131570757,134663.53131570757,0
2024-03-25,134663.53131570757,134663.53131570757,0
2024-03-26,134663.53131570757,134663.53131570757,0
2024-03-27,134663.53131570757,134663.53131570757,0
2024-03-28,134663.53131570757,134663.53131570757,0
2024-04-01,134663.53131570757,134663.53131570757,0
2024-04-02,134663.53131570757,134663.53131570757,0
2024-04-03,134663.53131570757,134663.53131570757,0
2024-04-04,134663.53131570757,134663.53131570757,0
2024-04-05,134663.53131570757,134663.53131570757,0
2024-04-08,134663.53131570757,134663.53131570757,0
2024-04-09,134663.53131570757,134663.53131570757,0
2024-04-10,134663.53131570757,134663.53131570757,0
2024-04-11,134663.53131570757,134663.53131570757,0
2024-04-12,134538.64944210288,72128.91750571199,62409.731936390875
2024-04-15,133866.8006866011,72128.91750571199,61737.88318088912
2024-04-16,133918.1989520493,72128.91750571199,61789.281446337336
2024-04-17,133447.04818544062,72128.91750571199,61318.13067972864
2024-04-18,133155.7913479007,72128.91750571199,61026.87384218871
2024-04-19,132669.9553625925,72128.91750571199,60541.03785688052
2024-04-22,133237.78381897288,72128.91750571199,61108.86631326088
2024-04-23,134104.21172224288,72128.91750571199,61975.2942165309
2024-04-24,133617.15196870975,72128.91750571199,61488.23446299775
2024-04-25,134184.9804250901,72128.91750571199,62056.062919378106
2024-04-26,134380.78334108333,72128.91750571199,62251.86583537133
2024-04-29,134520.2929187285,72128.91750571199,62391.3754130165
2024-04-30,133476.4186228396,72128.91750571199,61347.50111712762
2024-05-01,133597.57167711042,72128.91750571199,61468.65417139843
2024-05-02,134111.55433159263,72128.91750571199,61982.63682588065
2024-05-03,134825.01120674296,72128.91750571199,62696.09370103097
2024-05-06,135330.42748365048,72128.91750571199,63201.509977938484
2024-05-07,135436.89531922177,72128.91750571199,63307.9778135098
2024-05-08,135396.51096779818,72128.91750571199,63267.593462086195
2024-05-09,135833.39622410806,72128.91750571199,63704.47871839607
2024-05-10,135755.07505771075,72128.91750571199,63626.15755199878
2024-05-13,135861.54289328208,72128.91750571199,63732.6253875701
2024-05-14,136205.4217644952,72128.91750571199,64076.50425878321
2024-05-15,137010.66125651734,72128.91750571199,64881.74375080534
2024-05-16,136830.76732744856,72128.91750571199,64701.84982173658
2024-05-17,136939.6826994698,72128.91750571199,64810.765193757805
2024-05-20,136976.3957462185,72128.91750571199,64847.478240506534
2024-05-21,137159.96097996217,72128.91750571199,65031.04347425018
2024-05-22,137111.01025096385,72128.91750571199,64982.09274525188
2024-05-23,136511.3638207346,72128.91750571199,64382.44631502263
2024-05-24,136912.7597985207,72128.91750571199,64783.84229280874
2024-05-28,136899.2983480462,72128.91750571199,64770.3808423342
2024-05-29,136269.057712193,72128.91750571199,64140.14020648101
2024-05-30,135987.59102045273,72128.91750571199,63858.67351474075
2024-05-31,136770.80268442564,72128.91750571199,64641.88517871365
2024-06-03,136686.36267690355,72128.91750571199,64557.44517119157
2024-06-04,136878.4942882219,72128.91750571199,64749.576782509925
2024-06-05,137598.070004497,72128.91750571199,65469.15249878503
2024-06-06,137538.1053614741,72128.91750571199,65409.1878557621
2024-06-07,137398.59578382893,72128.91750571199,65269.67827811693
2024-06-10,137618.87406432128,72128.91750571199,65489.95655860931
2024-06-11,137848.94249061332,72128.91750571199,65720.02498490135
2024-06-12,138485.30196759134,72128.91750571199,66356.38446187934
2024-06-13,138518.34370966518,72128.91750571199,66389.42620395319
2024-06-14,138561.1755975387,72128.91750571199,66432.2580918267
2024-06-17,139135.12289504384,72128.91750571199,67006.20538933185
2024-06-18,139289.31769138848,72128.91750571199,67160.40018567651
2024-06-20,139089.8434707204,72128.91750571199,66960.92596500841
2024-06-21,138745.9645995073,72128.91750571199,66617.04709379532
2024-06-24,138589.32226671273,72128.91750571199,66460.40476100074
2024-06-25,138786.34895093093,72128.91750571199,66657.43144521893
2024-06-26,138699.46140695893,72128.91750571199,66570.54390124693
2024-06-27,139078.8295566958,72128.91750571199,66949.91205098381
2024-06-28,138838.9709846041,72128.91750571199,66710.05347889209
2024-07-01,138812.048083655,72128.91750571199,66683.13057794303
2024-07-02,139223.2342072408,72128.91750571199,67094.3167015288
2024-07-03,139575.6794560286,72128.91750571199,67446.7619503166
2024-07-05,139940.36238706598,72128.91750571199,67811.444881354
2024-07-08,140219.38154235634,72128.91750571199,68090.46403664433
2024-07-09,140171.654581583,72128.91750571199,68042.73707587099
2024-07-10,140788.43376696162,72128.91750571199,68659.51626124965
2024-07-11,140223.0528470312,72128.91750571199,68094.13534131921
2024-07-12,140631.79143416707,72128.91750571199,68502.87392845507
2024-07-15,140931.6146492817,72128.91750571199,68802.6971435697
2024-07-16,141198.39612232248,72128.91750571199,69069.47861661048
2024-07-17,140424.97460414923,72128.91750571199,68296.05709843723
2024-07-18,139876.72643936818,72128.91750571199,67747.8089336562
2024-07-19,139319.91189701244,72128.91750571199,67190.99439130045
2024-07-22,139824.3484593446,139824.3484593446,0
2024-07-23,139824.3484593446,139824.3484593446,0
2024-07-24,139694.6806388103,74893.17112641025,64801.50951240004
2024-07-25,139320.7752360639,74893.17112641025,64427.60410965364
2024-07-26,139910.90069598952,74893.17112641025,65017.72956957926
2024-07-29,139812.94464798569,74893.17112641025,64919.77352157542
2024-07-30,139725.7398735432,74893.17112641025,64832.568747132966
2024-07-31,141008.7251852034,74893.17112641025,66115.55405879315
2024-08-01,139533.4115353893,74893.17112641025,64640.240408979065
2024-08-02,138355.5497874406,74893.17112641025,63462.37866103034
2024-08-05,137360.4596900356,74893.17112641025,62467.28856362538
2024-08-06,137004.47307655824,74893.17112641025,62111.30195014799
2024-08-07,136527.83328200292,74893.17112641025,61634.662155592676
2024-08-08,138396.16570978364,74893.17112641025,63502.9945833734
2024-08-09,138563.40774296096,74893.17112641025,63670.236616550705
2024-08-12,138598.05073554767,74893.17112641025,63704.87960913743
2024-08-13,139632.56216934443,74893.17112641025,64739.391042934185
2024-08-14,139846.39305462112,74893.17112641025,64953.22192821088
2024-08-15,141019.47645876478,74893.17112641025,66126.30533235453
2024-08-16,141061.2869670591,74893.17112641025,66168.11584064885
2024-08-19,141707.55796669424,74893.17112641025,66814.386840284
2024-08-20,141615.57484844673,74893.17112641025,66722.40372203648
2024-08-21,141929.75095362982,74893.17112641025,67036.57982721957
2024-08-22,141451.91657312325,74893.17112641025,66558.74544671299
2024-08-23,142063.54458017164,74893.17112641025,67170.37345376141
2024-08-26,141824.62738991837,74893.17112641025,66931.45626350812
2024-08-27,141880.7729296279,74893.17112641025,66987.60180321765
2024-08-28,141128.18378033003,74893.17112641025,66235.01265391978
2024-08-29,141653.80159888725,74893.17112641025,66760.63047247702
2024-08-30,142202.11655051858,74893.17112641025,67308.94542410833
2024-09-03,140714.85704119183,74893.17112641025,65821.68591478158
2024-09-04,140628.84685270063,74893.17112641025,65735.6757262904
2024-09-05,140481.91278069487,74893.17112641025,65588.74165428462
2024-09-06,139257.46218064675,74893.17112641025,64364.291054236506
2024-09-09,140252.55227805173,74893.17112641025,65359.38115164147
2024-09-10,140392.3188343499,74893.17112641025,65499.14770793964
2024-09-11,141110.264991061,74893.17112641025,66217.09386465077
2024-09-12,141699.1958650354,74893.17112641025,66806.02473862514
2024-09-13,141987.0910792906,74893.17112641025,67093.91995288036
2024-09-16,142081.46336944067,74893.17112641025,67188.29224303042
2024-09-17,142203.31113646983,74893.17112641025,67310.1400100596
2024-09-18,142387.2773729649,74893.17112641025,67494.10624655463
2024-09-19,143014.43499737978,74893.17112641025,68121.26387096952
2024-09-20,142763.5719476138,74893.17112641025,67870.40082120356
2024-09-23,142900.94933200942,74893.17112641025,68007.77820559918
2024-09-24,143130.3098346526,74893.17112641025,68237.13870824236
2024-09-25,143096.86142801715,74893.17112641025,68203.6903016069
2024-09-26,143271.27097690204,74893.17112641025,68378.0998504918
2024-09-27,143064.60760733293,74893.17112641025,68171.4364809227
2024-09-30,143371.61619680843,74893.17112641025,68478.44507039819
2024-10-01,142716.9830955144,74893.17112641025,67823.81196910416
2024-10-02,142818.6506922042,142818.6506922042,0
2024-10-03,142818.6506922042,142818.6506922042,0
2024-10-04,142818.6506922042,142818.6506922042,0
2024-10-07,142818.6506922042,142818.6506922042,0
2024-10-08,142818.6506922042,142818.6506922042,0
2024-10-09,142818.6506922042,142818.6506922042,0
2024-10-10,142818.6506922042,142818.6506922042,0
2024-10-11,142818.6506922042,142818.6506922042,0
2024-10-14,142818.6506922042,142818.6506922042,0
2024-10-15,142818.6506922042,142818.6506922042,0
2024-10-16,142818.6506922042,142818.6506922042,0
2024-10-17,142818.6506922042,142818.6506922042,0
2024-10-18,142818.6506922042,142818.6506922042,0
2024-10-21,142818.6506922042,142818.6506922042,0
2024-10-22,142818.6506922042,142818.6506922042,0
2024-10-23,142818.6506922042,142818.6506922042,0
2024-10-24,142818.6506922042,142818.6506922042,0
2024-10-25,142818.6506922042,142818.6506922042,0
2024-10-28,142818.6506922042,142818.6506922042,0
2024-10-29,142818.6506922042,142818.6506922042,0
2024-10-30,142818.6506922042,142818.6506922042,0
2024-10-31,142686.20606885385,76496.98900219997,66189.21706665386
2024-11-01,142907.06928000003,76496.98900219997,66410.08027780005
2024-11-04,142707.12995201506,76496.98900219997,66210.14094981508
2024-11-05,143812.60844569944,76496.98900219997,67315.61944349945
2024-11-06,145134.30039871638,76496.98900219997,68637.31139651641
2024-11-07,145746.9052001587,76496.98900219997,69249.91619795874
2024-11-08,146010.77861558076,76496.98900219997,69513.78961338077
2024-11-11,146027.05274692836,76496.98900219997,69530.06374472838
2024-11-12,145792.24028034136,76496.98900219997,69295.25127814137
2024-11-13,145943.3572142835,76496.98900219997,69446.3682120835
2024-11-14,145305.1787778663,76496.98900219997,68808.18977566634
2024-11-15,144639.10183056752,76496.98900219997,68142.11282836756
2024-11-18,144852.9904139933,76496.98900219997,68356.00141179335
2024-11-19,145242.40712838265,76496.98900219997,68745.41812618269
2024-11-20,144907.62499780318,76496.98900219997,68410.6359956032
2024-11-21,145426.07232502004,76496.98900219997,68929.08332282005
2024-11-22,145830.60073280358,76496.98900219997,69333.61173060362
2024-11-25,145693.43305430227,76496.98900219997,69196.44405210229
2024-11-26,146371.13438113505,76496.98900219997,69874.14537893508
2024-11-27,146173.51992905687,76496.98900219997,69676.53092685691
2024-11-29,146605.94684772205,76496.98900219997,70108.95784552209
2024-12-02,146664.0687453921,76496.98900219997,70167.07974319214
2024-12-03,146730.32770873597,76496.98900219997,70233.338706536
2024-12-04,147043.02351820085,76496.98900219997,70546.03451600087
2024-12-05,146966.30261327638,76496.98900219997,70469.3136110764
2024-12-06,147099.98297791748,76496.98900219997,70602.99397571752
2024-12-09,146757.06378166418,76496.98900219997,70260.07477946421
2024-12-10,146610.59659953567,76496.98900219997,70113.60759733568
2024-12-11,147029.07426276003,76496.98900219997,70532.08526056005
2024-12-12,146868.6578251907,76496.98900219997,70371.66882299072
2024-12-13,146690.80481832032,76496.98900219997,70193.81581612036
2024-12-16,146938.40410239476,76496.98900219997,70441.41510019478
2024-12-17,146718.70332920196,76496.98900219997,70221.71432700199
2024-12-18,144827.41677901853,76496.98900219997,68330.42777681854
2024-12-19,144419.40105737472,76496.98900219997,67922.41205517476
2024-12-20,145327.26509898095,76496.98900219997,68830.27609678097
2024-12-23,145621.3619011914,76496.98900219997,69124.37289899142
2024-12-24,146371.13438113505,76496.98900219997,69874.14537893508
2024-12-26,146290.9261623504,76496.98900219997,69793.93716015041
2024-12-27,145665.53454342065,76496.98900219997,69168.54554122066
2024-12-30,144766.97000544163,76496.98900219997,68269.98100324167
2024-12-31,144675.13740712297,76496.98900219997,68178.14840492299
2025-01-02,144599.5789401519,76496.98900219997,68102.58993795194
2025-01-03,145317.96559535374,76496.98900219997,68820.97659315375
2025-01-06,145725.9813169975,76496.98900219997,69228.9923147975
2025-01-07,145020.3814792831,76496.98900219997,68523.3924770831
2025-01-08,144868.10210738753,76496.98900219997,68371.11310518756
2025-01-10,143892.8166644841,76496.98900219997,67395.82766228411
2025-01-13,144290.37044454724,76496.98900219997,67793.38144234726
2025-01-14,144226.43635711016,76496.98900219997,67729.4473549102
2025-01-15,145506.2805438047,76496.98900219997,69009.29154160472
2025-01-16,145256.3563838235,76496.98900219997,68759.36738162351
2025-01-17,145974.7430390253,76496.98900219997,69477.75403682534
2025-01-21,146750.0891539438,76496.98900219997,70253.10015174381
2025-01-22,146925.61728490732,76496.98900219997,70428.62828270736
2025-01-23,147291.78524022864,76496.98900219997,70794.79623802868
2025-01-24,147113.93223335833,76496.98900219997,70616.94323115834
2025-01-27,146146.78385612863,76496.98900219997,69649.79485392867
2025-01-28,146719.86576715537,76496.98900219997,70222.87676495539
2025-01-29,146598.97222000163,76496.98900219997,70101.98321780167
2025-01-30,146927.94216081413,76496.98900219997,70430.95315861417
2025-01-31,146124.69753501404,76496.98900219997,69627.70853281407
2025-02-03,146294.4134762106,76496.98900219997,69797.42447401062
2025-02-04,146289.763724397,76496.98900219997,69792.774722197
2025-02-05,146794.26179617303,76496.98900219997,70297.27279397305
2025-02-06,146939.56654034817,76496.98900219997,70442.57753814818
2025-02-07,146270.00227918918,76496.98900219997,69773.0132769892
2025-02-10,146705.91651171455,76496.98900219997,70208.92750951457
2025-02-11,146860.52075951686,76496.98900219997,70363.5317573169
2025-02-12,146776.825226872,76496.98900219997,70279.83622467204
2025-02-13,147365.01883129292,76496.98900219997,70868.02982909295
2025-02-14,147380.13052468712,76496.98900219997,70883.14152248716
2025-02-18,147632.37956057518,76496.98900219997,71135.39055837519
2025-02-19,147673.06488894418,76496.98900219997,71176.0758867442
2025-02-20,147451.0392398446,76496.98900219997,70954.05023764462
2025-02-21,146271.1647171426,76496.98900219997,69774.1757149426
2025-02-24,146014.26592944094,76496.98900219997,69517.27692724096
2025-02-25,145778.29102490054,76496.98900219997,69281.30202270056
2025-02-26,145506.2805438047,76496.98900219997,69009.29154160472
2025-02-27,144486.822458672,76496.98900219997,67989.83345647203
2025-02-28,145580.67657282235,76496.98900219997,69083.68757062238
2025-03-03,144546.10679429545,76496.98900219997,68049.11779209548
2025-03-04,143968.37513145513,76496.98900219997,67471.38612925517
2025-03-05,144139.2535106051,76496.98900219997,67642.26450840513
2025-03-06,143263.93773169414,76496.98900219997,66766.94872949416
2025-03-07,143303.46062210976,76496.98900219997,66806.4716199098
2025-03-10,141428.44820327393,76496.98900219997,64931.459201073965
2025-03-11,141337.77804290864,76496.98900219997,64840.789040708674
2025-03-12,141671.39773553473,76496.98900219997,65174.40873333476
2025-03-13,140883.26480312884,76496.98900219997,64386.27580092888
2025-03-14,141835.30148696428,76496.98900219997,65338.31248476432
2025-03-17,142404.8960841308,76496.98900219997,65907.90708193081
2025-03-18,141733.006947065,76496.98900219997,65236.01794486503
2025-03-19,142604.83541211576,76496.98900219997,66107.84640991579
2025-03-20,142253.77915018867,76496.98900219997,65756.79014798868
2025-03-21,142174.7333693574,76496.98900219997,65677.74436715741
2025-03-24,143201.1660822105,76496.98900219997,66704.17708001052
2025-03-25,143453.4151180985,76496.98900219997,66956.42611589853
2025-03-26,142479.29211314843,76496.98900219997,65982.30311094847
2025-03-27,142357.23612804135,76496.98900219997,65860.24712584137
2025-03-28,140913.4881899173,76496.98900219997,64416.49918771731
2025-03-31,141244.78300663657,76496.98900219997,64747.7940044366
2025-04-01,141800.42834836227,76496.98900219997,65303.43934616228
2025-04-02,139830.09601734753,76496.98900219997,63333.107015147565
2025-04-03,138847.83594672367,76496.98900219997,62350.846944523706
2025-04-04,135258.22754662135,76496.98900219997,58761.238544421365
2025-04-07,135726.69004184194,76496.98900219997,59229.70103964197
2025-04-08,133522.7076821936,76496.98900219997,57025.718679993646
2025-04-09,139954.47687836143,76496.98900219997,63457.48787616147
2025-04-10,137187.87454926703,76496.98900219997,60690.88554706705
2025-04-11,138604.88641446288,76496.98900219997,62107.897412262886
2025-04-14,138908.28272030054,76496.98900219997,62411.293718100555
2025-04-15,138522.3533197714,76496.98900219997,62025.364317571424
2025-04-16,137635.41316132643,76496.98900219997,61138.42415912645
2025-04-17,137769.09352596753,76496.98900219997,61272.104523767564
2025-04-21,136484.5995874594,76496.98900219997,59987.610585259434
2025-04-22,138879.2217714655,76496.98900219997,62382.23276926553
2025-04-23,138885.03396123252,76496.98900219997,62388.044959032544
2025-04-24,140241.5990528515,76496.98900219997,63744.61005065152
2025-04-25,140574.05630752418,76496.98900219997,64077.06730532421
2025-04-28,140558.94461412998,76496.98900219997,64061.95561193
2025-04-29,140778.64538732276,76496.98900219997,64281.65638512279
2025-04-30,141509.818860012,76496.98900219997,65012.82985781203
2025-05-01,141265.7068897978,76496.98900219997,64768.71788759781
2025-05-02,142387.4595148298,76496.98900219997,65890.4705126298
2025-05-05,141920.15945756255,76496.98900219997,65423.17045536258
2025-05-06,141988.74329681322,76496.98900219997,65491.754294613245
2025-05-07,141710.92062595038,76496.98900219997,65213.9316237504
2025-05-08,141964.55579005205,141964.55579005205,0
