date,equity,cash,holdings
2018-02-08,100000.0,100000.0,0
2018-02-09,100000.0,100000.0,0
2018-02-12,100000.0,100000.0,0
2018-02-13,100000.0,100000.0,0
2018-02-14,100000.0,100000.0,0
2018-02-15,100000.0,100000.0,0
2018-02-16,100000.0,100000.0,0
2018-02-20,100000.0,100000.0,0
2018-02-21,100000.0,100000.0,0
2018-02-22,100000.0,100000.0,0
2018-02-23,100000.0,100000.0,0
2018-02-26,100000.0,100000.0,0
2018-02-27,100000.0,100000.0,0
2018-02-28,100000.0,100000.0,0
2018-03-01,100000.0,100000.0,0
2018-03-02,100000.0,100000.0,0
2018-03-05,100000.0,100000.0,0
2018-03-06,100000.0,100000.0,0
2018-03-07,100000.0,100000.0,0
2018-03-08,100000.0,100000.0,0
2018-03-09,100000.0,100000.0,0
2018-03-12,100000.0,100000.0,0
2018-03-13,100000.0,100000.0,0
2018-03-14,100000.0,100000.0,0
2018-03-15,100000.0,100000.0,0
2018-03-16,100000.0,100000.0,0
2018-03-19,100000.0,100000.0,0
2018-03-20,100000.0,100000.0,0
2018-03-21,100000.0,100000.0,0
2018-03-22,99914.769007035,57320.569624223695,42594.199382811305
2018-03-23,99370.14851874333,57320.569624223695,42049.57889451963
2018-03-26,100456.13802972493,57320.569624223695,43135.56840550123
2018-03-27,99724.55826933312,57320.569624223695,42403.988645109435
2018-03-28,99675.78628530701,57320.569624223695,42355.216661083316
2018-03-29,100020.44163909159,57320.569624223695,42699.8720148679
2018-04-02,99243.34136027543,57320.569624223695,41922.77173605173
2018-04-03,99635.14296528525,57320.569624223695,42314.57334106155
2018-04-04,100332.58233685876,57320.569624223695,43012.01271263506
2018-04-05,100022.06737189247,57320.569624223695,42701.49774766877
2018-04-06,99501.83287561385,57320.569624223695,42181.263251390155
2018-04-09,99771.70452055839,57320.569624223695,42451.13489633469
2018-04-10,100295.19048243873,57320.569624223695,42974.620858215036
2018-04-11,100283.81035283263,57320.569624223695,42963.240728608944
2018-04-12,100435.00350331361,57320.569624223695,43114.43387908991
2018-04-13,100456.13802972493,57320.569624223695,43135.56840550123
2018-04-16,100830.05657392519,57320.569624223695,43509.48694970149
2018-04-17,101255.9985677533,57320.569624223695,43935.4289435296
2018-04-18,101345.41387180118,57320.569624223695,44024.84424757749
2018-04-19,101030.02170843228,57320.569624223695,43709.452084208584
2018-04-20,100745.51846827992,57320.569624223695,43424.94884405621
2018-04-23,100747.14420108078,57320.569624223695,43426.574576857085
2018-04-24,100150.50026316124,57320.569624223695,42829.93063893755
2018-04-25,100361.84552727443,57320.569624223695,43041.27590305074
2018-04-26,100713.0038122625,57320.569624223695,43392.4341880388
2018-04-27,100654.47743143115,57320.569624223695,43333.907807207455
2018-04-30,100342.33673366398,57320.569624223695,43021.76710944029
2018-05-01,100472.39535773364,57320.569624223695,43151.82573350994
2018-05-02,100030.1960358968,57320.569624223695,42709.62641167312
2018-05-03,100005.81004388376,57320.569624223695,42685.24041966006
2018-05-04,100623.58850821461,57320.569624223695,43303.01888399092
2018-05-07,100660.98036263464,57320.569624223695,43340.41073841094
2018-05-08,100685.3663546477,57320.569624223695,43364.796730424
2018-05-09,101132.44287488713,57320.569624223695,43811.87325066343
2018-05-10,101529.12167829956,57320.569624223695,44208.55205407587
2018-05-11,101727.46108000579,57320.569624223695,44406.89145578209
2018-05-14,101694.94642398838,57320.569624223695,44374.37679976468
2018-05-15,101319.40214698725,57320.569624223695,43998.83252276356
2018-05-16,101612.03405114397,57320.569624223695,44291.464426920276
2018-05-17,101579.51939512655,57320.569624223695,44258.949770902866
2018-05-18,101418.57184784036,57320.569624223695,44098.00222361667
2018-05-21,101743.7184080145,57320.569624223695,44423.1487837908
2018-05-22,101625.03991355094,57320.569624223695,44304.47028932724
2018-05-23,101711.20375199709,57320.569624223695,44390.63412777339
2018-05-24,101725.8353472049,57320.569624223695,44405.26572298122
2018-05-25,101589.27379193177,57320.569624223695,44268.704167708085
2018-05-29,101069.03929565317,57320.569624223695,43748.46967142948
2018-05-30,101582.7708607283,57320.569624223695,44262.2012365046
2018-05-31,101394.18585582731,57320.569624223695,44073.61623160361
2018-06-01,101859.14543687631,57320.569624223695,44538.57581265261
2018-06-04,101992.45552654771,57320.569624223695,44671.88590232401
2018-06-05,102096.50242580342,57320.569624223695,44775.93280157974
2018-06-06,102431.4033827828,57320.569624223695,45110.83375855909
2018-06-07,102446.03497799061,57320.569624223695,45125.46535376692
2018-06-08,102584.22226606464,57320.569624223695,45263.652641840934
2018-06-11,102657.3802421038,57320.569624223695,45336.81061788011
2018-06-12,102714.28089013428,57320.569624223695,45393.711265910584
2018-06-13,102519.1929540298,57320.569624223695,45198.6233298061
2018-06-14,102631.36851728987,57320.569624223695,45310.798893066174
2018-06-15,102278.58449950095,57320.569624223695,44958.01487527725
2018-06-18,102086.7480289982,57320.569624223695,44766.17840477451
2018-06-19,102133.89428022345,57320.569624223695,44813.32465599976
2018-06-20,102231.43824827569,57320.569624223695,44910.868624052
2018-06-21,101899.78875689808,57320.569624223695,44579.21913267438
2018-06-22,101946.93500812333,57320.569624223695,44626.36538389963
2018-06-25,101390.93439022556,57320.569624223695,44070.36476600186
2018-06-26,101533.99887670219,57320.569624223695,44213.42925247848
2018-06-27,101215.35524773152,57320.569624223695,43894.785623507836
2018-06-28,101418.57184784036,57320.569624223695,44098.00222361667
2018-06-29,101403.94025263253,57320.569624223695,44083.37062840883
2018-07-02,101525.87021269783,57320.569624223695,44205.300588474136
2018-07-03,101269.00443016026,57320.569624223695,43948.434805936566
2018-07-05,101625.03991355094,57320.569624223695,44304.47028932724
2018-07-06,102098.12815860429,57320.569624223695,44777.5585343806
2018-07-09,102576.09360206028,57320.569624223695,45255.52397783658
2018-07-10,102311.09915551836,57320.569624223695,44990.52953129466
2018-07-11,102371.25126915057,57320.569624223695,45050.68164492687
2018-07-12,102758.17567575778,57320.569624223695,45437.606051534094
2018-07-13,102806.94765978391,57320.569624223695,45486.378035560214
2018-07-16,102693.14636372295,57320.569624223695,45372.57673949926
2018-07-17,102977.64960387532,57320.569624223695,45657.07997965163
2018-07-18,103008.53852709186,57320.569624223695,45687.96890286817
2018-07-19,102858.97110941177,57320.569624223695,45538.40148518807
2018-07-20,102789.06459897434,57320.569624223695,45468.49497475063
2018-07-23,103008.53852709186,57320.569624223695,45687.96890286817
2018-07-24,103052.43331271538,57320.569624223695,45731.863688491685
2018-07-25,103332.05935446513,57320.569624223695,46011.48973024143
2018-07-26,103447.48638332695,57320.569624223695,46126.91675910325
2018-07-27,103055.68477831711,57320.569624223695,45735.11515409342
2018-07-30,102858.97110941177,57320.569624223695,45538.40148518807
2018-07-31,103062.1877095206,57320.569624223695,45741.618085296905
2018-08-01,103006.912794291,57320.569624223695,45686.3431700673
2018-08-02,103250.77271442159,57320.569624223695,45930.2030901979
2018-08-03,103429.60332251736,57320.569624223695,46109.03369829367
2018-08-06,103597.05380100704,57320.569624223695,46276.48417678335
2018-08-07,103744.99548588628,57320.569624223695,46424.42586166258
2018-08-08,103676.71470824971,57320.569624223695,46356.145084026015
2018-08-09,103624.69125862184,57320.569624223695,46304.12163439815
2018-08-10,103442.60918492434,57320.569624223695,46122.039560700636
2018-08-13,103252.39844722245,57320.569624223695,45931.82882299877
2018-08-14,103486.50397054784,57320.569624223695,46165.93434632415
2018-08-15,103154.85447917023,57320.569624223695,45834.284854946534
2018-08-16,103504.38703135742,57320.569624223695,46183.81740713372
2018-08-17,103663.70884584275,57320.569624223695,46343.13922161905
2018-08-20,103738.4925546828,57320.569624223695,46417.9229304591
2018-08-21,103601.93099940967,57320.569624223695,46281.36137518597
2018-08-22,103845.79091954026,57320.569624223695,46525.221295316565
2018-08-23,103771.00721070022,57320.569624223695,46450.43758647652
2018-08-24,104081.5221756665,57320.569624223695,46760.95255144281
2018-08-27,104478.20097907895,57320.569624223695,47157.63135485525
2018-08-28,104492.83257428679,57320.569624223695,47172.26295006309
2018-08-29,104704.17783839996,57320.569624223695,47383.60821417627
2018-08-30,104444.06059026066,57320.569624223695,47123.49096603697
2018-08-31,104629.39412955992,57320.569624223695,47308.82450533622
2018-09-04,104444.06059026066,57320.569624223695,47123.49096603697
2018-09-05,104257.10131816054,57320.569624223695,46936.531693936835
2018-09-06,104131.91989249349,57320.569624223695,46811.3502682698
2018-09-07,104040.87885564474,57320.569624223695,46720.309231421044
2018-09-10,104192.0720061257,57320.569624223695,46871.50238190201
2018-09-11,104357.89675181452,57320.569624223695,47037.32712759082
2018-09-12,104307.49903498753,57320.569624223695,46986.92941076383
2018-09-13,104598.50520634337,57320.569624223695,47277.93558211968
2018-09-14,104616.38826715296,57320.569624223695,47295.81864292926
2018-09-17,104185.56907492223,57320.569624223695,46864.99945069853
2018-09-18,104631.01986236079,57320.569624223695,47310.45023813709
2018-09-19,104723.68663201042,57320.569624223695,47403.117007786714
2018-09-20,105099.23090901153,57320.569624223695,47778.66128478784
2018-09-21,104741.56969281999,57320.569624223695,47421.000068596295
2018-09-24,104655.40585437385,57320.569624223695,47334.836230150155
2018-09-25,104631.01986236079,57320.569624223695,47310.45023813709
2018-09-26,104465.19511667198,57320.569624223695,47144.625492448286
2018-09-27,104601.75667194511,57320.569624223695,47281.18704772142
2018-09-28,104629.39412955992,57320.569624223695,47308.82450533622
2018-10-01,104741.56969281999,57320.569624223695,47421.000068596295
2018-10-02,104730.1895632139,57320.569624223695,47409.6199389902
2018-10-03,104678.16611358605,57320.569624223695,47357.596489362346
2018-10-04,104447.31205586239,57320.569624223695,47126.742431638704
2018-10-05,104159.5573501083,57320.569624223695,46838.9877258846
2018-10-08,104131.91989249349,57320.569624223695,46811.3502682698
2018-10-09,104104.2824348787,57320.569624223695,46783.71281065499
2018-10-10,102304.59622431487,57320.569624223695,44984.02660009117
2018-10-11,101995.70699214944,57320.569624223695,44675.13736792575
2018-10-12,102372.87700195145,57320.569624223695,45052.307377727746
2018-10-15,101974.57246573814,57320.569624223695,44654.00284151443
2018-10-16,102987.40400068054,57320.569624223695,45666.83437645685
2018-10-17,102837.83658300046,57320.569624223695,45517.26695877676
2018-10-18,102280.21023230182,57320.569624223695,44959.640608078116
2018-10-19,102224.9353170722,57320.569624223695,44904.365692848514
2018-10-22,101950.18647372507,57320.569624223695,44629.61684950137
2018-10-23,101864.02263527893,57320.569624223695,44543.45301105523
2018-10-24,100514.66441055627,57320.569624223695,43194.09478633258
2018-10-25,100735.7640714747,57320.569624223695,43415.19444725099
2018-10-26,100625.21424101548,57320.569624223695,43304.64461679178
2018-10-29,100199.27224718736,57320.569624223695,42878.70262296367
2018-10-30,100924.34907637569,57320.569624223695,43603.77945215198
2018-10-31,101340.53667339857,57320.569624223695,44019.96704917487
2018-11-01,101686.81775998403,57320.569624223695,44366.248135760325
2018-11-02,101511.23861748999,57320.569624223695,44190.66899326629
2018-11-05,101878.65423048675,57320.569624223695,44558.08460626306
2018-11-06,102028.22164816686,57320.569624223695,44707.65202394316
2018-11-07,103032.92451910493,57320.569624223695,45712.35489488123
2018-11-08,102904.49162783613,57320.569624223695,45583.922003612446
2018-11-09,102376.12846755318,57320.569624223695,45055.55884332948
2018-11-12,101547.00473910915,57320.569624223695,44226.435114885455
2018-11-13,101771.3558656293,57320.569624223695,44450.7862414056
2018-11-14,101247.86990374894,57320.569624223695,43927.30027952525
2018-11-15,101659.18030236923,57320.569624223695,44338.61067814553
2018-11-16,101881.9056960885,57320.569624223695,44561.33607186481
2018-11-19,101046.27903644097,57320.569624223695,43725.709412217286
2018-11-20,100259.42436081958,57320.569624223695,42938.85473659589
2018-11-21,100459.38949532667,57320.569624223695,43138.81987110298
2018-11-23,100065.96215751598,57320.569624223695,42745.39253329228
2018-11-26,100529.2960057641,57320.569624223695,43208.72638154041
2018-11-27,100994.25558681312,57320.569624223695,43673.68596258942
2018-11-28,101864.02263527893,57320.569624223695,44543.45301105523
2018-11-29,101891.66009289373,57320.569624223695,44571.09046867003
2018-11-30,102276.95876670006,57320.569624223695,44956.38914247637
2018-12-03,102595.60239567072,57320.569624223695,45275.032771447026
2018-12-04,101377.92852781859,57320.569624223695,44057.3589035949
2018-12-06,101130.81714208625,57320.569624223695,43810.24751786256
2018-12-07,100127.74000394906,57320.569624223695,42807.170379725365
2018-12-10,100161.88039276734,57320.569624223695,42841.31076854364
2018-12-11,100425.24910650839,57320.569624223695,43104.67948228469
2018-12-12,100542.30186817108,57320.569624223695,43221.73224394739
2018-12-13,100295.19048243873,57320.569624223695,42974.620858215036
2018-12-14,99561.98498924606,57320.569624223695,42241.41536502237
2018-12-17,98992.97850894133,57320.569624223695,41672.40888471764
2018-12-18,98731.23552800115,57320.569624223695,41410.665903777466
2018-12-19,98219.12969572691,57320.569624223695,40898.560071503205
2018-12-20,97726.5326570631,57320.569624223695,40405.9630328394
2018-12-21,96395.05749315003,57320.569624223695,39074.48786892633
2018-12-24,95213.14974691704,57320.569624223695,37892.580122693354
2018-12-26,97159.15190955924,57320.569624223695,39838.582285335535
2018-12-27,97640.36881861695,57320.569624223695,40319.79919439325
2018-12-28,97568.83657537863,57320.569624223695,40248.26695115494
2018-12-31,97978.52124119805,57320.569624223695,40657.95161697435
2019-01-02,97427.39782170288,57320.569624223695,40106.82819747919
2019-01-03,96913.66625662777,57320.569624223695,39593.096632404064
2019-01-04,98393.08310542005,57320.569624223695,41072.513481196365
2019-01-07,98776.75604642554,57320.569624223695,41456.18642220184
2019-01-08,99084.0195457901,57320.569624223695,41763.4499215664
2019-01-09,99033.6218289631,57320.569624223695,41713.052204739404
2019-01-10,99357.14265633636,57320.569624223695,42036.57303211267
2019-01-11,99384.78011395116,57320.569624223695,42064.21048972747
2019-01-14,99279.10748189458,57320.569624223695,41958.537857670875
2019-01-15,99607.50550767046,57320.569624223695,42286.93588344676
2019-01-16,99669.28335410354,57320.569624223695,42348.71372987984
2019-01-17,100040.54598739899,100040.54598739899,0
2019-01-18,100040.54598739899,100040.54598739899,0
2019-01-22,100040.54598739899,100040.54598739899,0
2019-01-23,100040.54598739899,100040.54598739899,0
2019-01-24,100040.54598739899,100040.54598739899,0
2019-01-25,100040.54598739899,100040.54598739899,0
2019-01-28,100040.54598739899,100040.54598739899,0
2019-01-29,100040.54598739899,100040.54598739899,0
2019-01-30,100040.54598739899,100040.54598739899,0
2019-01-31,100040.54598739899,100040.54598739899,0
2019-02-01,100040.54598739899,100040.54598739899,0
2019-02-04,100040.54598739899,100040.54598739899,0
2019-02-05,100040.54598739899,100040.54598739899,0
2019-02-06,100040.54598739899,100040.54598739899,0
2019-02-07,100040.54598739899,100040.54598739899,0
2019-02-08,100040.54598739899,100040.54598739899,0
2019-02-11,100040.54598739899,100040.54598739899,0
2019-02-12,100040.54598739899,100040.54598739899,0
2019-02-13,100040.54598739899,100040.54598739899,0
2019-02-14,100040.54598739899,100040.54598739899,0
2019-02-15,100040.54598739899,100040.54598739899,0
2019-02-19,100040.54598739899,100040.54598739899,0
2019-02-20,100040.54598739899,100040.54598739899,0
2019-02-21,100040.54598739899,100040.54598739899,0
2019-02-22,100040.54598739899,100040.54598739899,0
2019-02-25,100040.54598739899,100040.54598739899,0
2019-02-26,100040.54598739899,100040.54598739899,0
2019-02-27,100040.54598739899,100040.54598739899,0
2019-02-28,100040.54598739899,100040.54598739899,0
2019-03-01,100040.54598739899,100040.54598739899,0
2019-03-04,100040.54598739899,100040.54598739899,0
2019-03-05,100040.54598739899,100040.54598739899,0
2019-03-06,100040.54598739899,100040.54598739899,0
2019-03-07,100040.54598739899,100040.54598739899,0
2019-03-08,100040.54598739899,100040.54598739899,0
2019-03-11,100040.54598739899,100040.54598739899,0
2019-03-12,100040.54598739899,100040.54598739899,0
2019-03-13,100040.54598739899,100040.54598739899,0
2019-03-14,100040.54598739899,100040.54598739899,0
2019-03-15,100040.54598739899,100040.54598739899,0
2019-03-18,100040.54598739899,100040.54598739899,0
2019-03-19,100040.54598739899,100040.54598739899,0
2019-03-20,100040.54598739899,100040.54598739899,0
2019-03-21,100040.54598739899,100040.54598739899,0
2019-03-22,100040.54598739899,100040.54598739899,0
2019-03-25,100040.54598739899,100040.54598739899,0
2019-03-26,100040.54598739899,100040.54598739899,0
2019-03-27,100040.54598739899,100040.54598739899,0
2019-03-28,100040.54598739899,100040.54598739899,0
2019-03-29,100040.54598739899,100040.54598739899,0
2019-04-01,100040.54598739899,100040.54598739899,0
2019-04-02,100040.54598739899,100040.54598739899,0
2019-04-03,100040.54598739899,100040.54598739899,0
2019-04-04,100040.54598739899,100040.54598739899,0
2019-04-05,100040.54598739899,100040.54598739899,0
2019-04-08,100040.54598739899,100040.54598739899,0
2019-04-09,100040.54598739899,100040.54598739899,0
2019-04-10,100040.54598739899,100040.54598739899,0
2019-04-11,100040.54598739899,100040.54598739899,0
2019-04-12,100040.54598739899,100040.54598739899,0
2019-04-15,100040.54598739899,100040.54598739899,0
2019-04-16,100040.54598739899,100040.54598739899,0
2019-04-17,100040.54598739899,100040.54598739899,0
2019-04-18,100040.54598739899,100040.54598739899,0
2019-04-22,100040.54598739899,100040.54598739899,0
2019-04-23,100040.54598739899,100040.54598739899,0
2019-04-24,100040.54598739899,100040.54598739899,0
2019-04-25,100040.54598739899,100040.54598739899,0
2019-04-26,100040.54598739899,100040.54598739899,0
2019-04-29,100040.54598739899,100040.54598739899,0
2019-04-30,100040.54598739899,100040.54598739899,0
2019-05-01,100040.54598739899,100040.54598739899,0
2019-05-02,100040.54598739899,100040.54598739899,0
2019-05-03,100040.54598739899,100040.54598739899,0
2019-05-06,100040.54598739899,100040.54598739899,0
2019-05-07,100040.54598739899,100040.54598739899,0
2019-05-08,100040.54598739899,100040.54598739899,0
2019-05-09,100040.54598739899,100040.54598739899,0
2019-05-10,100040.54598739899,100040.54598739899,0
2019-05-13,100040.54598739899,100040.54598739899,0
2019-05-14,100040.54598739899,100040.54598739899,0
2019-05-15,100040.54598739899,100040.54598739899,0
2019-05-16,100040.54598739899,100040.54598739899,0
2019-05-17,100040.54598739899,100040.54598739899,0
2019-05-20,100040.54598739899,100040.54598739899,0
2019-05-21,100040.54598739899,100040.54598739899,0
2019-05-22,100040.54598739899,100040.54598739899,0
2019-05-23,100040.54598739899,100040.54598739899,0
2019-05-24,100040.54598739899,100040.54598739899,0
2019-05-28,100040.54598739899,100040.54598739899,0
2019-05-29,100040.54598739899,100040.54598739899,0
2019-05-30,100040.54598739899,100040.54598739899,0
2019-05-31,100040.54598739899,100040.54598739899,0
2019-06-03,100040.54598739899,100040.54598739899,0
2019-06-04,100040.54598739899,100040.54598739899,0
2019-06-05,100040.54598739899,100040.54598739899,0
2019-06-06,100040.54598739899,100040.54598739899,0
2019-06-07,100040.54598739899,100040.54598739899,0
2019-06-10,100040.54598739899,100040.54598739899,0
2019-06-11,100040.54598739899,100040.54598739899,0
2019-06-12,100040.54598739899,100040.54598739899,0
2019-06-13,100040.54598739899,100040.54598739899,0
2019-06-14,100040.54598739899,100040.54598739899,0
2019-06-17,100040.54598739899,100040.54598739899,0
2019-06-18,100040.54598739899,100040.54598739899,0
2019-06-19,100040.54598739899,100040.54598739899,0
2019-06-20,100040.54598739899,100040.54598739899,0
2019-06-21,100040.54598739899,100040.54598739899,0
2019-06-24,100040.54598739899,100040.54598739899,0
2019-06-25,100040.54598739899,100040.54598739899,0
2019-06-26,100040.54598739899,100040.54598739899,0
2019-06-27,100040.54598739899,100040.54598739899,0
2019-06-28,100040.54598739899,100040.54598739899,0
2019-07-01,100040.54598739899,100040.54598739899,0
2019-07-02,100040.54598739899,100040.54598739899,0
2019-07-03,100040.54598739899,100040.54598739899,0
2019-07-05,100040.54598739899,100040.54598739899,0
2019-07-08,100040.54598739899,100040.54598739899,0
2019-07-09,100040.54598739899,100040.54598739899,0
2019-07-10,100040.54598739899,100040.54598739899,0
2019-07-11,100040.54598739899,100040.54598739899,0
2019-07-12,100040.54598739899,100040.54598739899,0
2019-07-15,100040.54598739899,100040.54598739899,0
2019-07-16,100040.54598739899,100040.54598739899,0
2019-07-17,100040.54598739899,100040.54598739899,0
2019-07-18,100040.54598739899,100040.54598739899,0
2019-07-19,100040.54598739899,100040.54598739899,0
2019-07-22,100040.54598739899,100040.54598739899,0
2019-07-23,100040.54598739899,100040.54598739899,0
2019-07-24,100040.54598739899,100040.54598739899,0
2019-07-25,100040.54598739899,100040.54598739899,0
2019-07-26,100040.54598739899,100040.54598739899,0
2019-07-29,100040.54598739899,100040.54598739899,0
2019-07-30,100040.54598739899,100040.54598739899,0
2019-07-31,100040.54598739899,100040.54598739899,0
2019-08-01,100040.54598739899,100040.54598739899,0
2019-08-02,100040.54598739899,100040.54598739899,0
2019-08-05,100040.54598739899,100040.54598739899,0
2019-08-06,100040.54598739899,100040.54598739899,0
2019-08-07,100040.54598739899,100040.54598739899,0
2019-08-08,100040.54598739899,100040.54598739899,0
2019-08-09,100040.54598739899,100040.54598739899,0
2019-08-12,100040.54598739899,100040.54598739899,0
2019-08-13,100040.54598739899,100040.54598739899,0
2019-08-14,100040.54598739899,100040.54598739899,0
2019-08-15,100040.54598739899,100040.54598739899,0
2019-08-16,100040.54598739899,100040.54598739899,0
2019-08-19,100040.54598739899,100040.54598739899,0
2019-08-20,100040.54598739899,100040.54598739899,0
2019-08-21,100040.54598739899,100040.54598739899,0
2019-08-22,100040.54598739899,100040.54598739899,0
2019-08-23,100040.54598739899,100040.54598739899,0
2019-08-26,100040.54598739899,100040.54598739899,0
2019-08-27,100040.54598739899,100040.54598739899,0
2019-08-28,100040.54598739899,100040.54598739899,0
2019-08-29,100040.54598739899,100040.54598739899,0
2019-08-30,100040.54598739899,100040.54598739899,0
2019-09-03,100040.54598739899,100040.54598739899,0
2019-09-04,100040.54598739899,100040.54598739899,0
2019-09-05,100040.54598739899,100040.54598739899,0
2019-09-06,100040.54598739899,100040.54598739899,0
2019-09-09,100040.54598739899,100040.54598739899,0
2019-09-10,100040.54598739899,100040.54598739899,0
2019-09-11,100040.54598739899,100040.54598739899,0
2019-09-12,100040.54598739899,100040.54598739899,0
2019-09-13,100040.54598739899,100040.54598739899,0
2019-09-16,100040.54598739899,100040.54598739899,0
2019-09-17,100040.54598739899,100040.54598739899,0
2019-09-18,100040.54598739899,100040.54598739899,0
2019-09-19,100040.54598739899,100040.54598739899,0
2019-09-20,100040.54598739899,100040.54598739899,0
2019-09-23,100040.54598739899,100040.54598739899,0
2019-09-24,100040.54598739899,100040.54598739899,0
2019-09-25,100040.54598739899,100040.54598739899,0
2019-09-26,100040.54598739899,100040.54598739899,0
2019-09-27,100040.54598739899,100040.54598739899,0
2019-09-30,100040.54598739899,100040.54598739899,0
2019-10-01,100040.54598739899,100040.54598739899,0
2019-10-02,100040.54598739899,100040.54598739899,0
2019-10-03,100040.54598739899,100040.54598739899,0
2019-10-04,100040.54598739899,100040.54598739899,0
2019-10-07,100040.54598739899,100040.54598739899,0
2019-10-08,100040.54598739899,100040.54598739899,0
2019-10-09,100040.54598739899,100040.54598739899,0
2019-10-10,100040.54598739899,100040.54598739899,0
2019-10-11,100040.54598739899,100040.54598739899,0
2019-10-14,100040.54598739899,100040.54598739899,0
2019-10-15,100040.54598739899,100040.54598739899,0
2019-10-16,100040.54598739899,100040.54598739899,0
2019-10-17,100040.54598739899,100040.54598739899,0
2019-10-18,100040.54598739899,100040.54598739899,0
2019-10-21,100040.54598739899,100040.54598739899,0
2019-10-22,100040.54598739899,100040.54598739899,0
2019-10-23,100040.54598739899,100040.54598739899,0
2019-10-24,100040.54598739899,100040.54598739899,0
2019-10-25,100040.54598739899,100040.54598739899,0
2019-10-28,100040.54598739899,100040.54598739899,0
2019-10-29,100040.54598739899,100040.54598739899,0
2019-10-30,100040.54598739899,100040.54598739899,0
2019-10-31,100040.54598739899,100040.54598739899,0
2019-11-01,100040.54598739899,100040.54598739899,0
2019-11-04,100040.54598739899,100040.54598739899,0
2019-11-05,100040.54598739899,100040.54598739899,0
2019-11-06,100040.54598739899,100040.54598739899,0
2019-11-07,100040.54598739899,100040.54598739899,0
2019-11-08,100040.54598739899,100040.54598739899,0
2019-11-11,100040.54598739899,100040.54598739899,0
2019-11-12,100040.54598739899,100040.54598739899,0
2019-11-13,100040.54598739899,100040.54598739899,0
2019-11-14,100040.54598739899,100040.54598739899,0
2019-11-15,100040.54598739899,100040.54598739899,0
2019-11-18,100040.54598739899,100040.54598739899,0
2019-11-19,100040.54598739899,100040.54598739899,0
2019-11-20,100040.54598739899,100040.54598739899,0
2019-11-21,100040.54598739899,100040.54598739899,0
2019-11-22,100040.54598739899,100040.54598739899,0
2019-11-25,100040.54598739899,100040.54598739899,0
2019-11-26,100040.54598739899,100040.54598739899,0
2019-11-27,100040.54598739899,100040.54598739899,0
2019-11-29,100040.54598739899,100040.54598739899,0
2019-12-02,100040.54598739899,100040.54598739899,0
2019-12-03,100040.54598739899,100040.54598739899,0
2019-12-04,100040.54598739899,100040.54598739899,0
2019-12-05,100040.54598739899,100040.54598739899,0
2019-12-06,100040.54598739899,100040.54598739899,0
2019-12-09,100040.54598739899,100040.54598739899,0
2019-12-10,100040.54598739899,100040.54598739899,0
2019-12-11,100040.54598739899,100040.54598739899,0
2019-12-12,100040.54598739899,100040.54598739899,0
2019-12-13,100040.54598739899,100040.54598739899,0
2019-12-16,100040.54598739899,100040.54598739899,0
2019-12-17,100040.54598739899,100040.54598739899,0
2019-12-18,100040.54598739899,100040.54598739899,0
2019-12-19,100040.54598739899,100040.54598739899,0
2019-12-20,100040.54598739899,100040.54598739899,0
2019-12-23,100040.54598739899,100040.54598739899,0
2019-12-24,100040.54598739899,100040.54598739899,0
2019-12-26,100040.54598739899,100040.54598739899,0
2019-12-27,100040.54598739899,100040.54598739899,0
2019-12-30,100040.54598739899,100040.54598739899,0
2019-12-31,100040.54598739899,100040.54598739899,0
2020-01-02,100040.54598739899,100040.54598739899,0
2020-01-03,100040.54598739899,100040.54598739899,0
2020-01-06,100040.54598739899,100040.54598739899,0
2020-01-07,100040.54598739899,100040.54598739899,0
2020-01-08,100040.54598739899,100040.54598739899,0
2020-01-09,100040.54598739899,100040.54598739899,0
2020-01-10,100040.54598739899,100040.54598739899,0
2020-01-13,100040.54598739899,100040.54598739899,0
2020-01-14,100040.54598739899,100040.54598739899,0
2020-01-15,100040.54598739899,100040.54598739899,0
2020-01-16,100040.54598739899,100040.54598739899,0
2020-01-17,100040.54598739899,100040.54598739899,0
2020-01-21,100040.54598739899,100040.54598739899,0
2020-01-22,100040.54598739899,100040.54598739899,0
2020-01-23,100040.54598739899,100040.54598739899,0
2020-01-24,100040.54598739899,100040.54598739899,0
2020-01-27,100040.54598739899,100040.54598739899,0
2020-01-28,100040.54598739899,100040.54598739899,0
2020-01-29,100040.54598739899,100040.54598739899,0
2020-01-30,100040.54598739899,100040.54598739899,0
2020-01-31,100040.54598739899,100040.54598739899,0
2020-02-03,100040.54598739899,100040.54598739899,0
2020-02-04,100040.54598739899,100040.54598739899,0
2020-02-05,100040.54598739899,100040.54598739899,0
2020-02-06,100040.54598739899,100040.54598739899,0
2020-02-07,100040.54598739899,100040.54598739899,0
2020-02-10,100040.54598739899,100040.54598739899,0
2020-02-11,100040.54598739899,100040.54598739899,0
2020-02-12,100040.54598739899,100040.54598739899,0
2020-02-13,100040.54598739899,100040.54598739899,0
2020-02-14,100040.54598739899,100040.54598739899,0
2020-02-18,100040.54598739899,100040.54598739899,0
2020-02-19,100040.54598739899,100040.54598739899,0
2020-02-20,100040.54598739899,100040.54598739899,0
2020-02-21,100040.54598739899,100040.54598739899,0
2020-02-24,100040.54598739899,100040.54598739899,0
2020-02-25,100040.54598739899,100040.54598739899,0
2020-02-26,100040.54598739899,100040.54598739899,0
2020-02-27,100040.54598739899,100040.54598739899,0
2020-02-28,100040.54598739899,100040.54598739899,0
2020-03-02,100040.54598739899,100040.54598739899,0
2020-03-03,100040.54598739899,100040.54598739899,0
2020-03-04,100040.54598739899,100040.54598739899,0
2020-03-05,100040.54598739899,100040.54598739899,0
2020-03-06,100040.54598739899,100040.54598739899,0
2020-03-09,100040.54598739899,100040.54598739899,0
2020-03-10,100040.54598739899,100040.54598739899,0
2020-03-11,100040.54598739899,100040.54598739899,0
2020-03-12,100040.54598739899,100040.54598739899,0
2020-03-13,100040.54598739899,100040.54598739899,0
2020-03-16,100040.54598739899,100040.54598739899,0
2020-03-17,100040.54598739899,100040.54598739899,0
2020-03-18,100040.54598739899,100040.54598739899,0
2020-03-19,100040.54598739899,100040.54598739899,0
2020-03-20,100040.54598739899,100040.54598739899,0
2020-03-23,100040.54598739899,100040.54598739899,0
2020-03-24,100040.54598739899,100040.54598739899,0
2020-03-25,100040.54598739899,100040.54598739899,0
2020-03-26,100040.54598739899,100040.54598739899,0
2020-03-27,100040.54598739899,100040.54598739899,0
2020-03-30,100040.54598739899,100040.54598739899,0
2020-03-31,100040.54598739899,100040.54598739899,0
2020-04-01,100040.54598739899,100040.54598739899,0
2020-04-02,100040.54598739899,100040.54598739899,0
2020-04-03,100040.54598739899,100040.54598739899,0
2020-04-06,100040.54598739899,100040.54598739899,0
2020-04-07,100040.54598739899,100040.54598739899,0
2020-04-08,100040.54598739899,100040.54598739899,0
2020-04-09,100040.54598739899,100040.54598739899,0
2020-04-13,100040.54598739899,100040.54598739899,0
2020-04-14,100040.54598739899,100040.54598739899,0
2020-04-15,100040.54598739899,100040.54598739899,0
2020-04-16,100040.54598739899,100040.54598739899,0
2020-04-17,100040.54598739899,100040.54598739899,0
2020-04-20,100040.54598739899,100040.54598739899,0
2020-04-21,100040.54598739899,100040.54598739899,0
2020-04-22,100040.54598739899,100040.54598739899,0
2020-04-23,100040.54598739899,100040.54598739899,0
2020-04-24,100040.54598739899,100040.54598739899,0
2020-04-27,100040.54598739899,100040.54598739899,0
2020-04-28,100040.54598739899,100040.54598739899,0
2020-04-29,100040.54598739899,100040.54598739899,0
2020-04-30,100040.54598739899,100040.54598739899,0
2020-05-01,100040.54598739899,100040.54598739899,0
2020-05-04,100040.54598739899,100040.54598739899,0
2020-05-05,100040.54598739899,100040.54598739899,0
2020-05-06,100040.54598739899,100040.54598739899,0
2020-05-07,100040.54598739899,100040.54598739899,0
2020-05-08,100040.54598739899,100040.54598739899,0
2020-05-11,100040.54598739899,100040.54598739899,0
2020-05-12,100040.54598739899,100040.54598739899,0
2020-05-13,100040.54598739899,100040.54598739899,0
2020-05-14,100040.54598739899,100040.54598739899,0
2020-05-15,100040.54598739899,100040.54598739899,0
2020-05-18,100040.54598739899,100040.54598739899,0
2020-05-19,100040.54598739899,100040.54598739899,0
2020-05-20,100040.54598739899,100040.54598739899,0
2020-05-21,100040.54598739899,100040.54598739899,0
2020-05-22,100040.54598739899,100040.54598739899,0
2020-05-26,100040.54598739899,100040.54598739899,0
2020-05-27,100040.54598739899,100040.54598739899,0
2020-05-28,100040.54598739899,100040.54598739899,0
2020-05-29,100040.54598739899,100040.54598739899,0
2020-06-01,100040.54598739899,100040.54598739899,0
2020-06-02,100040.54598739899,100040.54598739899,0
2020-06-03,100040.54598739899,100040.54598739899,0
2020-06-04,100040.54598739899,100040.54598739899,0
2020-06-05,100040.54598739899,100040.54598739899,0
2020-06-08,100040.54598739899,100040.54598739899,0
2020-06-09,100040.54598739899,100040.54598739899,0
2020-06-10,100040.54598739899,100040.54598739899,0
2020-06-11,100040.54598739899,100040.54598739899,0
2020-06-12,100040.54598739899,100040.54598739899,0
2020-06-15,100040.54598739899,100040.54598739899,0
2020-06-16,100040.54598739899,100040.54598739899,0
2020-06-17,100040.54598739899,100040.54598739899,0
2020-06-18,100040.54598739899,100040.54598739899,0
2020-06-19,100040.54598739899,100040.54598739899,0
2020-06-22,100040.54598739899,100040.54598739899,0
2020-06-23,100040.54598739899,100040.54598739899,0
2020-06-24,100040.54598739899,100040.54598739899,0
2020-06-25,100040.54598739899,100040.54598739899,0
2020-06-26,100040.54598739899,100040.54598739899,0
2020-06-29,100040.54598739899,100040.54598739899,0
2020-06-30,100040.54598739899,100040.54598739899,0
2020-07-01,100040.54598739899,100040.54598739899,0
2020-07-02,100040.54598739899,100040.54598739899,0
2020-07-06,100040.54598739899,100040.54598739899,0
2020-07-07,100040.54598739899,100040.54598739899,0
2020-07-08,100040.54598739899,100040.54598739899,0
2020-07-09,100040.54598739899,100040.54598739899,0
2020-07-10,100040.54598739899,100040.54598739899,0
2020-07-13,100040.54598739899,100040.54598739899,0
2020-07-14,100040.54598739899,100040.54598739899,0
2020-07-15,100040.54598739899,100040.54598739899,0
2020-07-16,100040.54598739899,100040.54598739899,0
2020-07-17,100040.54598739899,100040.54598739899,0
2020-07-20,100040.54598739899,100040.54598739899,0
2020-07-21,100040.54598739899,100040.54598739899,0
2020-07-22,100040.54598739899,100040.54598739899,0
2020-07-23,100040.54598739899,100040.54598739899,0
2020-07-24,100040.54598739899,100040.54598739899,0
2020-07-27,100040.54598739899,100040.54598739899,0
2020-07-28,100040.54598739899,100040.54598739899,0
2020-07-29,100040.54598739899,100040.54598739899,0
2020-07-30,100040.54598739899,100040.54598739899,0
2020-07-31,100040.54598739899,100040.54598739899,0
2020-08-03,100040.54598739899,100040.54598739899,0
2020-08-04,100040.54598739899,100040.54598739899,0
2020-08-05,100040.54598739899,100040.54598739899,0
2020-08-06,100040.54598739899,100040.54598739899,0
2020-08-07,100040.54598739899,100040.54598739899,0
2020-08-10,100040.54598739899,100040.54598739899,0
2020-08-11,100040.54598739899,100040.54598739899,0
2020-08-12,100040.54598739899,100040.54598739899,0
2020-08-13,100040.54598739899,100040.54598739899,0
2020-08-14,100040.54598739899,100040.54598739899,0
2020-08-17,100040.54598739899,100040.54598739899,0
2020-08-18,100040.54598739899,100040.54598739899,0
2020-08-19,100040.54598739899,100040.54598739899,0
2020-08-20,100040.54598739899,100040.54598739899,0
2020-08-21,100040.54598739899,100040.54598739899,0
2020-08-24,100040.54598739899,100040.54598739899,0
2020-08-25,100040.54598739899,100040.54598739899,0
2020-08-26,100040.54598739899,100040.54598739899,0
2020-08-27,100040.54598739899,100040.54598739899,0
2020-08-28,100040.54598739899,100040.54598739899,0
2020-08-31,100040.54598739899,100040.54598739899,0
2020-09-01,100040.54598739899,100040.54598739899,0
2020-09-02,100040.54598739899,100040.54598739899,0
2020-09-03,100040.54598739899,100040.54598739899,0
2020-09-04,100040.54598739899,100040.54598739899,0
2020-09-08,100040.54598739899,100040.54598739899,0
2020-09-09,100040.54598739899,100040.54598739899,0
2020-09-10,100040.54598739899,100040.54598739899,0
2020-09-11,100040.54598739899,100040.54598739899,0
2020-09-14,100040.54598739899,100040.54598739899,0
2020-09-15,100040.54598739899,100040.54598739899,0
2020-09-16,100040.54598739899,100040.54598739899,0
2020-09-17,100040.54598739899,100040.54598739899,0
2020-09-18,100040.54598739899,100040.54598739899,0
2020-09-21,100040.54598739899,100040.54598739899,0
2020-09-22,100040.54598739899,100040.54598739899,0
2020-09-23,100040.54598739899,100040.54598739899,0
2020-09-24,100040.54598739899,100040.54598739899,0
2020-09-25,100040.54598739899,100040.54598739899,0
2020-09-28,100040.54598739899,100040.54598739899,0
2020-09-29,100040.54598739899,100040.54598739899,0
2020-09-30,100040.54598739899,100040.54598739899,0
2020-10-01,100040.54598739899,100040.54598739899,0
2020-10-02,100040.54598739899,100040.54598739899,0
2020-10-05,100040.54598739899,100040.54598739899,0
2020-10-06,100040.54598739899,100040.54598739899,0
2020-10-07,100040.54598739899,100040.54598739899,0
2020-10-08,100040.54598739899,100040.54598739899,0
2020-10-09,100040.54598739899,100040.54598739899,0
2020-10-12,100040.54598739899,100040.54598739899,0
2020-10-13,100040.54598739899,100040.54598739899,0
2020-10-14,100040.54598739899,100040.54598739899,0
2020-10-15,100040.54598739899,100040.54598739899,0
2020-10-16,100040.54598739899,100040.54598739899,0
2020-10-19,100040.54598739899,100040.54598739899,0
2020-10-20,100040.54598739899,100040.54598739899,0
2020-10-21,100040.54598739899,100040.54598739899,0
2020-10-22,100040.54598739899,100040.54598739899,0
2020-10-23,100040.54598739899,100040.54598739899,0
2020-10-26,100040.54598739899,100040.54598739899,0
2020-10-27,100040.54598739899,100040.54598739899,0
2020-10-28,100040.54598739899,100040.54598739899,0
2020-10-29,100040.54598739899,100040.54598739899,0
2020-10-30,100040.54598739899,100040.54598739899,0
2020-11-02,100040.54598739899,100040.54598739899,0
2020-11-03,100040.54598739899,100040.54598739899,0
2020-11-04,100040.54598739899,100040.54598739899,0
2020-11-05,100040.54598739899,100040.54598739899,0
2020-11-06,100040.54598739899,100040.54598739899,0
2020-11-09,100040.54598739899,100040.54598739899,0
2020-11-10,100040.54598739899,100040.54598739899,0
2020-11-11,100040.54598739899,100040.54598739899,0
2020-11-12,100040.54598739899,100040.54598739899,0
2020-11-13,100040.54598739899,100040.54598739899,0
2020-11-16,100040.54598739899,100040.54598739899,0
2020-11-17,100040.54598739899,100040.54598739899,0
2020-11-18,100040.54598739899,100040.54598739899,0
2020-11-19,100040.54598739899,100040.54598739899,0
2020-11-20,100040.54598739899,100040.54598739899,0
2020-11-23,100040.54598739899,100040.54598739899,0
2020-11-24,100040.54598739899,100040.54598739899,0
2020-11-25,100040.54598739899,100040.54598739899,0
2020-11-27,100040.54598739899,100040.54598739899,0
2020-11-30,100040.54598739899,100040.54598739899,0
2020-12-01,100040.54598739899,100040.54598739899,0
2020-12-02,100040.54598739899,100040.54598739899,0
2020-12-03,100040.54598739899,100040.54598739899,0
2020-12-04,100040.54598739899,100040.54598739899,0
2020-12-07,100040.54598739899,100040.54598739899,0
2020-12-08,100040.54598739899,100040.54598739899,0
2020-12-09,100040.54598739899,100040.54598739899,0
2020-12-10,100040.54598739899,100040.54598739899,0
2020-12-11,100040.54598739899,100040.54598739899,0
2020-12-14,100040.54598739899,100040.54598739899,0
2020-12-15,100040.54598739899,100040.54598739899,0
2020-12-16,100040.54598739899,100040.54598739899,0
2020-12-17,100040.54598739899,100040.54598739899,0
2020-12-18,100040.54598739899,100040.54598739899,0
2020-12-21,100040.54598739899,100040.54598739899,0
2020-12-22,100040.54598739899,100040.54598739899,0
2020-12-23,100040.54598739899,100040.54598739899,0
2020-12-24,100040.54598739899,100040.54598739899,0
2020-12-28,100040.54598739899,100040.54598739899,0
2020-12-29,100040.54598739899,100040.54598739899,0
2020-12-30,100040.54598739899,100040.54598739899,0
2020-12-31,100040.54598739899,100040.54598739899,0
2021-01-04,100040.54598739899,100040.54598739899,0
2021-01-05,100040.54598739899,100040.54598739899,0
2021-01-06,100040.54598739899,100040.54598739899,0
2021-01-07,100040.54598739899,100040.54598739899,0
2021-01-08,100040.54598739899,100040.54598739899,0
2021-01-11,100040.54598739899,100040.54598739899,0
2021-01-12,100040.54598739899,100040.54598739899,0
2021-01-13,100040.54598739899,100040.54598739899,0
2021-01-14,100040.54598739899,100040.54598739899,0
2021-01-15,100040.54598739899,100040.54598739899,0
2021-01-19,100040.54598739899,100040.54598739899,0
2021-01-20,100040.54598739899,100040.54598739899,0
2021-01-21,100040.54598739899,100040.54598739899,0
2021-01-22,100040.54598739899,100040.54598739899,0
2021-01-25,100040.54598739899,100040.54598739899,0
2021-01-26,100040.54598739899,100040.54598739899,0
2021-01-27,100040.54598739899,100040.54598739899,0
2021-01-28,100040.54598739899,100040.54598739899,0
2021-01-29,100040.54598739899,100040.54598739899,0
2021-02-01,100040.54598739899,100040.54598739899,0
2021-02-02,100040.54598739899,100040.54598739899,0
2021-02-03,100040.54598739899,100040.54598739899,0
2021-02-04,100040.54598739899,100040.54598739899,0
2021-02-05,100040.54598739899,100040.54598739899,0
2021-02-08,100040.54598739899,100040.54598739899,0
2021-02-09,100040.54598739899,100040.54598739899,0
2021-02-10,100040.54598739899,100040.54598739899,0
2021-02-11,100040.54598739899,100040.54598739899,0
2021-02-12,100040.54598739899,100040.54598739899,0
2021-02-16,100040.54598739899,100040.54598739899,0
2021-02-17,100040.54598739899,100040.54598739899,0
2021-02-18,100040.54598739899,100040.54598739899,0
2021-02-19,100040.54598739899,100040.54598739899,0
2021-02-22,100040.54598739899,100040.54598739899,0
2021-02-23,100040.54598739899,100040.54598739899,0
2021-02-24,100040.54598739899,100040.54598739899,0
2021-02-25,100040.54598739899,100040.54598739899,0
2021-02-26,100040.54598739899,100040.54598739899,0
2021-03-01,100040.54598739899,100040.54598739899,0
2021-03-02,100040.54598739899,100040.54598739899,0
2021-03-03,100040.54598739899,100040.54598739899,0
2021-03-04,100040.54598739899,100040.54598739899,0
2021-03-05,100040.54598739899,100040.54598739899,0
2021-03-08,100040.54598739899,100040.54598739899,0
2021-03-09,100040.54598739899,100040.54598739899,0
2021-03-10,100040.54598739899,100040.54598739899,0
2021-03-11,100040.54598739899,100040.54598739899,0
2021-03-12,100040.54598739899,100040.54598739899,0
2021-03-15,100040.54598739899,100040.54598739899,0
2021-03-16,100040.54598739899,100040.54598739899,0
2021-03-17,100040.54598739899,100040.54598739899,0
2021-03-18,100040.54598739899,100040.54598739899,0
2021-03-19,100040.54598739899,100040.54598739899,0
2021-03-22,100040.54598739899,100040.54598739899,0
2021-03-23,100040.54598739899,100040.54598739899,0
2021-03-24,100040.54598739899,100040.54598739899,0
2021-03-25,100040.54598739899,100040.54598739899,0
2021-03-26,100040.54598739899,100040.54598739899,0
2021-03-29,100040.54598739899,100040.54598739899,0
2021-03-30,100040.54598739899,100040.54598739899,0
2021-03-31,100040.54598739899,100040.54598739899,0
2021-04-01,100040.54598739899,100040.54598739899,0
2021-04-05,100040.54598739899,100040.54598739899,0
2021-04-06,100040.54598739899,100040.54598739899,0
2021-04-07,100040.54598739899,100040.54598739899,0
2021-04-08,100040.54598739899,100040.54598739899,0
2021-04-09,100040.54598739899,100040.54598739899,0
2021-04-12,100040.54598739899,100040.54598739899,0
2021-04-13,100040.54598739899,100040.54598739899,0
2021-04-14,100040.54598739899,100040.54598739899,0
2021-04-15,100040.54598739899,100040.54598739899,0
2021-04-16,100040.54598739899,100040.54598739899,0
2021-04-19,100040.54598739899,100040.54598739899,0
2021-04-20,100040.54598739899,100040.54598739899,0
2021-04-21,100040.54598739899,100040.54598739899,0
2021-04-22,100040.54598739899,100040.54598739899,0
2021-04-23,100040.54598739899,100040.54598739899,0
2021-04-26,100040.54598739899,100040.54598739899,0
2021-04-27,100040.54598739899,100040.54598739899,0
2021-04-28,100040.54598739899,100040.54598739899,0
2021-04-29,100040.54598739899,100040.54598739899,0
2021-04-30,100040.54598739899,100040.54598739899,0
2021-05-03,100040.54598739899,100040.54598739899,0
2021-05-04,100040.54598739899,100040.54598739899,0
2021-05-05,100040.54598739899,100040.54598739899,0
2021-05-06,100040.54598739899,100040.54598739899,0
2021-05-07,100040.54598739899,100040.54598739899,0
2021-05-10,100040.54598739899,100040.54598739899,0
2021-05-11,100040.54598739899,100040.54598739899,0
2021-05-12,100040.54598739899,100040.54598739899,0
2021-05-13,100040.54598739899,100040.54598739899,0
2021-05-14,100040.54598739899,100040.54598739899,0
2021-05-17,100040.54598739899,100040.54598739899,0
2021-05-18,100040.54598739899,100040.54598739899,0
2021-05-19,100040.54598739899,100040.54598739899,0
2021-05-20,100040.54598739899,100040.54598739899,0
2021-05-21,100040.54598739899,100040.54598739899,0
2021-05-24,100040.54598739899,100040.54598739899,0
2021-05-25,100040.54598739899,100040.54598739899,0
2021-05-26,100040.54598739899,100040.54598739899,0
2021-05-27,100040.54598739899,100040.54598739899,0
2021-05-28,100040.54598739899,100040.54598739899,0
2021-06-01,100040.54598739899,100040.54598739899,0
2021-06-02,100040.54598739899,100040.54598739899,0
2021-06-03,100040.54598739899,100040.54598739899,0
2021-06-04,100040.54598739899,100040.54598739899,0
2021-06-07,100040.54598739899,100040.54598739899,0
2021-06-08,100040.54598739899,100040.54598739899,0
2021-06-09,100040.54598739899,100040.54598739899,0
2021-06-10,100040.54598739899,100040.54598739899,0
2021-06-11,100040.54598739899,100040.54598739899,0
2021-06-14,100040.54598739899,100040.54598739899,0
2021-06-15,100040.54598739899,100040.54598739899,0
2021-06-16,100040.54598739899,100040.54598739899,0
2021-06-17,100040.54598739899,100040.54598739899,0
2021-06-18,100040.54598739899,100040.54598739899,0
2021-06-21,100040.54598739899,100040.54598739899,0
2021-06-22,100040.54598739899,100040.54598739899,0
2021-06-23,100040.54598739899,100040.54598739899,0
2021-06-24,100040.54598739899,100040.54598739899,0
2021-06-25,100040.54598739899,100040.54598739899,0
2021-06-28,100040.54598739899,100040.54598739899,0
2021-06-29,100040.54598739899,100040.54598739899,0
2021-06-30,100040.54598739899,100040.54598739899,0
2021-07-01,100040.54598739899,100040.54598739899,0
2021-07-02,100040.54598739899,100040.54598739899,0
2021-07-06,100040.54598739899,100040.54598739899,0
2021-07-07,100040.54598739899,100040.54598739899,0
2021-07-08,100040.54598739899,100040.54598739899,0
2021-07-09,100040.54598739899,100040.54598739899,0
2021-07-12,100040.54598739899,100040.54598739899,0
2021-07-13,100040.54598739899,100040.54598739899,0
2021-07-14,100040.54598739899,100040.54598739899,0
2021-07-15,100040.54598739899,100040.54598739899,0
2021-07-16,100040.54598739899,100040.54598739899,0
2021-07-19,100040.54598739899,100040.54598739899,0
2021-07-20,100040.54598739899,100040.54598739899,0
2021-07-21,100040.54598739899,100040.54598739899,0
2021-07-22,100040.54598739899,100040.54598739899,0
2021-07-23,100040.54598739899,100040.54598739899,0
2021-07-26,100040.54598739899,100040.54598739899,0
2021-07-27,100040.54598739899,100040.54598739899,0
2021-07-28,100040.54598739899,100040.54598739899,0
2021-07-29,100040.54598739899,100040.54598739899,0
2021-07-30,100040.54598739899,100040.54598739899,0
2021-08-02,100040.54598739899,100040.54598739899,0
2021-08-03,100040.54598739899,100040.54598739899,0
2021-08-04,100040.54598739899,100040.54598739899,0
2021-08-05,100040.54598739899,100040.54598739899,0
2021-08-06,100040.54598739899,100040.54598739899,0
2021-08-09,100040.54598739899,100040.54598739899,0
2021-08-10,100040.54598739899,100040.54598739899,0
2021-08-11,100040.54598739899,100040.54598739899,0
2021-08-12,100040.54598739899,100040.54598739899,0
2021-08-13,100040.54598739899,100040.54598739899,0
2021-08-16,100040.54598739899,100040.54598739899,0
2021-08-17,100040.54598739899,100040.54598739899,0
2021-08-18,100040.54598739899,100040.54598739899,0
2021-08-19,100040.54598739899,100040.54598739899,0
2021-08-20,100040.54598739899,100040.54598739899,0
2021-08-23,100040.54598739899,100040.54598739899,0
2021-08-24,100040.54598739899,100040.54598739899,0
2021-08-25,100040.54598739899,100040.54598739899,0
2021-08-26,100040.54598739899,100040.54598739899,0
2021-08-27,100040.54598739899,100040.54598739899,0
2021-08-30,100040.54598739899,100040.54598739899,0
2021-08-31,100040.54598739899,100040.54598739899,0
2021-09-01,100040.54598739899,100040.54598739899,0
2021-09-02,100040.54598739899,100040.54598739899,0
2021-09-03,100040.54598739899,100040.54598739899,0
2021-09-07,100040.54598739899,100040.54598739899,0
2021-09-08,100040.54598739899,100040.54598739899,0
2021-09-09,100040.54598739899,100040.54598739899,0
2021-09-10,100040.54598739899,100040.54598739899,0
2021-09-13,100040.54598739899,100040.54598739899,0
2021-09-14,100040.54598739899,100040.54598739899,0
2021-09-15,100040.54598739899,100040.54598739899,0
2021-09-16,100040.54598739899,100040.54598739899,0
2021-09-17,100040.54598739899,100040.54598739899,0
2021-09-20,100040.54598739899,100040.54598739899,0
2021-09-21,100040.54598739899,100040.54598739899,0
2021-09-22,100040.54598739899,100040.54598739899,0
2021-09-23,100040.54598739899,100040.54598739899,0
2021-09-24,100040.54598739899,100040.54598739899,0
2021-09-27,100040.54598739899,100040.54598739899,0
2021-09-28,100040.54598739899,100040.54598739899,0
2021-09-29,100040.54598739899,100040.54598739899,0
2021-09-30,100040.54598739899,100040.54598739899,0
2021-10-01,100040.54598739899,100040.54598739899,0
2021-10-04,100040.54598739899,100040.54598739899,0
2021-10-05,100040.54598739899,100040.54598739899,0
2021-10-06,100040.54598739899,100040.54598739899,0
2021-10-07,100040.54598739899,100040.54598739899,0
2021-10-08,100040.54598739899,100040.54598739899,0
2021-10-11,100040.54598739899,100040.54598739899,0
2021-10-12,100040.54598739899,100040.54598739899,0
2021-10-13,100040.54598739899,100040.54598739899,0
2021-10-14,100040.54598739899,100040.54598739899,0
2021-10-15,100040.54598739899,100040.54598739899,0
2021-10-18,100040.54598739899,100040.54598739899,0
2021-10-19,100040.54598739899,100040.54598739899,0
2021-10-20,100040.54598739899,100040.54598739899,0
2021-10-21,100040.54598739899,100040.54598739899,0
2021-10-22,100040.54598739899,100040.54598739899,0
2021-10-25,100040.54598739899,100040.54598739899,0
2021-10-26,100040.54598739899,100040.54598739899,0
2021-10-27,100040.54598739899,100040.54598739899,0
2021-10-28,100040.54598739899,100040.54598739899,0
2021-10-29,100040.54598739899,100040.54598739899,0
2021-11-01,100040.54598739899,100040.54598739899,0
2021-11-02,100040.54598739899,100040.54598739899,0
2021-11-03,100040.54598739899,100040.54598739899,0
2021-11-04,100040.54598739899,100040.54598739899,0
2021-11-05,100040.54598739899,100040.54598739899,0
2021-11-08,100040.54598739899,100040.54598739899,0
2021-11-09,100040.54598739899,100040.54598739899,0
2021-11-10,100040.54598739899,100040.54598739899,0
2021-11-11,100040.54598739899,100040.54598739899,0
2021-11-12,100040.54598739899,100040.54598739899,0
2021-11-15,100040.54598739899,100040.54598739899,0
2021-11-16,100040.54598739899,100040.54598739899,0
2021-11-17,100040.54598739899,100040.54598739899,0
2021-11-18,100040.54598739899,100040.54598739899,0
2021-11-19,100040.54598739899,100040.54598739899,0
2021-11-22,100040.54598739899,100040.54598739899,0
2021-11-23,100040.54598739899,100040.54598739899,0
2021-11-24,100040.54598739899,100040.54598739899,0
2021-11-26,100040.54598739899,100040.54598739899,0
2021-11-29,100040.54598739899,100040.54598739899,0
2021-11-30,100040.54598739899,100040.54598739899,0
2021-12-01,100040.54598739899,100040.54598739899,0
2021-12-02,100040.54598739899,100040.54598739899,0
2021-12-03,100040.54598739899,100040.54598739899,0
2021-12-06,100040.54598739899,100040.54598739899,0
2021-12-07,100040.54598739899,100040.54598739899,0
2021-12-08,100040.54598739899,100040.54598739899,0
2021-12-09,100040.54598739899,100040.54598739899,0
2021-12-10,100040.54598739899,100040.54598739899,0
2021-12-13,100040.54598739899,100040.54598739899,0
2021-12-14,100040.54598739899,100040.54598739899,0
2021-12-15,100040.54598739899,100040.54598739899,0
2021-12-16,100040.54598739899,100040.54598739899,0
2021-12-17,100040.54598739899,100040.54598739899,0
2021-12-20,100040.54598739899,100040.54598739899,0
2021-12-21,100040.54598739899,100040.54598739899,0
2021-12-22,100040.54598739899,100040.54598739899,0
2021-12-23,100040.54598739899,100040.54598739899,0
2021-12-27,100040.54598739899,100040.54598739899,0
2021-12-28,100040.54598739899,100040.54598739899,0
2021-12-29,100040.54598739899,100040.54598739899,0
2021-12-30,100040.54598739899,100040.54598739899,0
2021-12-31,100040.54598739899,100040.54598739899,0
2022-01-03,100040.54598739899,100040.54598739899,0
2022-01-04,100040.54598739899,100040.54598739899,0
2022-01-05,100040.54598739899,100040.54598739899,0
2022-01-06,100040.54598739899,100040.54598739899,0
2022-01-07,100040.54598739899,100040.54598739899,0
2022-01-10,100040.54598739899,100040.54598739899,0
2022-01-11,100040.54598739899,100040.54598739899,0
2022-01-12,100040.54598739899,100040.54598739899,0
2022-01-13,100040.54598739899,100040.54598739899,0
2022-01-14,100040.54598739899,100040.54598739899,0
2022-01-18,100040.54598739899,100040.54598739899,0
2022-01-19,100040.54598739899,100040.54598739899,0
2022-01-20,100040.54598739899,100040.54598739899,0
2022-01-21,100040.54598739899,100040.54598739899,0
2022-01-24,100040.54598739899,100040.54598739899,0
2022-01-25,100040.54598739899,100040.54598739899,0
2022-01-26,100040.54598739899,100040.54598739899,0
2022-01-27,100040.54598739899,100040.54598739899,0
2022-01-28,100040.54598739899,100040.54598739899,0
2022-01-31,100040.54598739899,100040.54598739899,0
2022-02-01,100040.54598739899,100040.54598739899,0
2022-02-02,100040.54598739899,100040.54598739899,0
2022-02-03,100040.54598739899,100040.54598739899,0
2022-02-04,100040.54598739899,100040.54598739899,0
2022-02-07,100040.54598739899,100040.54598739899,0
2022-02-08,100040.54598739899,100040.54598739899,0
2022-02-09,100040.54598739899,100040.54598739899,0
2022-02-10,100040.54598739899,100040.54598739899,0
2022-02-11,100040.54598739899,100040.54598739899,0
2022-02-14,100040.54598739899,100040.54598739899,0
2022-02-15,100040.54598739899,100040.54598739899,0
2022-02-16,100040.54598739899,100040.54598739899,0
2022-02-17,100040.54598739899,100040.54598739899,0
2022-02-18,100040.54598739899,100040.54598739899,0
2022-02-22,100040.54598739899,100040.54598739899,0
2022-02-23,100040.54598739899,100040.54598739899,0
2022-02-24,100040.54598739899,100040.54598739899,0
2022-02-25,100040.54598739899,100040.54598739899,0
2022-02-28,100040.54598739899,100040.54598739899,0
2022-03-01,100040.54598739899,100040.54598739899,0
2022-03-02,100040.54598739899,100040.54598739899,0
2022-03-03,100040.54598739899,100040.54598739899,0
2022-03-04,100040.54598739899,100040.54598739899,0
2022-03-07,100040.54598739899,100040.54598739899,0
2022-03-08,100040.54598739899,100040.54598739899,0
2022-03-09,100040.54598739899,100040.54598739899,0
2022-03-10,100040.54598739899,100040.54598739899,0
2022-03-11,100040.54598739899,100040.54598739899,0
2022-03-14,100040.54598739899,100040.54598739899,0
2022-03-15,100040.54598739899,100040.54598739899,0
2022-03-16,100040.54598739899,100040.54598739899,0
2022-03-17,100040.54598739899,100040.54598739899,0
2022-03-18,100040.54598739899,100040.54598739899,0
2022-03-21,100040.54598739899,100040.54598739899,0
2022-03-22,100040.54598739899,100040.54598739899,0
2022-03-23,100040.54598739899,100040.54598739899,0
2022-03-24,100040.54598739899,100040.54598739899,0
2022-03-25,100040.54598739899,100040.54598739899,0
2022-03-28,100040.54598739899,100040.54598739899,0
2022-03-29,100040.54598739899,100040.54598739899,0
2022-03-30,100040.54598739899,100040.54598739899,0
2022-03-31,100040.54598739899,100040.54598739899,0
2022-04-01,100040.54598739899,100040.54598739899,0
2022-04-04,100040.54598739899,100040.54598739899,0
2022-04-05,100040.54598739899,100040.54598739899,0
2022-04-06,100040.54598739899,100040.54598739899,0
2022-04-07,99952.45241624773,55927.67922720931,44024.773189038424
2022-04-08,99756.45574102274,55927.67922720931,43828.77651381343
2022-04-11,99014.60832529614,55927.67922720931,43086.929098086825
2022-04-12,99017.5482754245,55927.67922720931,43089.869048215194
2022-04-13,99342.90275629799,55927.67922720931,43415.22352908869
2022-04-14,98833.31140071302,55927.67922720931,42905.632173503705
2022-04-18,99058.70757722176,55927.67922720931,43131.02835001245
2022-04-19,99382.102091343,55927.67922720931,43454.42286413369
2022-04-20,99653.55748652961,55927.67922720931,43725.87825932031
2022-04-21,98748.05284699015,55927.67922720931,42820.37361978083
2022-04-22,97501.51399255916,55927.67922720931,41573.834765349864
2022-04-25,97910.16706040328,55927.67922720931,41982.487833193976
2022-04-26,96753.78667657581,55927.67922720931,40826.10744936651
2022-04-27,97142.84007689742,55927.67922720931,41215.160849688116
2022-04-28,97470.15452452317,55927.67922720931,41542.47529731386
2022-04-29,96435.2920793352,55927.67922720931,40507.61285212589
2022-05-02,96509.7708159207,55927.67922720931,40582.09158871139
2022-05-03,96785.14614461182,55927.67922720931,40857.466917402504
2022-05-04,97886.64745937628,55927.67922720931,41958.968232166975
2022-05-05,96521.5306164342,55927.67922720931,40593.85138922489
2022-05-06,96175.59648466208,55927.67922720931,40247.91725745277
2022-05-09,95075.07515327373,55927.67922720931,39147.39592606442
2022-05-10,94995.69649980761,55927.67922720931,39068.0172725983
2022-05-11,94524.32449589149,55927.67922720931,38596.64526868219
2022-05-12,94524.32449589149,55927.67922720931,38596.64526868219
2022-05-13,95283.81161238835,55927.67922720931,39356.132385179044
2022-05-16,95168.1735740056,55927.67922720931,39240.494346796295
2022-05-17,95929.62065725471,55927.67922720931,40001.9414300454
2022-05-18,94099.01171065326,55927.67922720931,38171.33248344394
2022-05-19,94197.99003164188,55927.67922720931,38270.31080443256
2022-05-20,94207.78986540312,55927.67922720931,38280.110638193815
2022-05-23,94588.02341533962,55927.67922720931,38660.34418813031
2022-05-24,94692.88163658499,55927.67922720931,38765.20240937568
2022-05-25,94802.63977471099,55927.67922720931,38874.96054750167
2022-05-26,95658.1652620681,55927.67922720931,39730.48603485878
2022-05-27,96763.58651033706,55927.67922720931,40835.90728312775
2022-05-31,96554.85005122244,55927.67922720931,40627.170824013134
2022-06-01,95956.08020841007,55927.67922720931,40028.40098120077
2022-06-02,96890.9843492333,55927.67922720931,40963.305122024
2022-06-03,96136.39714961709,55927.67922720931,40208.71792240777
2022-06-06,96293.19448979707,55927.67922720931,40365.51526258776
2022-06-07,96552.89008447019,55927.67922720931,40625.210857260885
2022-06-08,96263.79498851333,55927.67922720931,40336.11576130402
2022-06-09,95332.8107811946,55927.67922720931,39405.13155398529
2022-06-10,94175.450413991,55927.67922720931,38247.77118678169
2022-06-13,92778.97410301291,55927.67922720931,36851.2948758036
2022-06-14,92741.73473472017,55927.67922720931,36814.05550751086
2022-06-15,93334.62467727577,55927.67922720931,37406.94545006646
2022-06-16,91958.7280171963,55927.67922720931,36031.048789987
2022-06-17,91827.41024479555,55927.67922720931,35899.731017586244
2022-06-21,92644.71638048379,55927.67922720931,36717.03715327448
2022-06-22,92448.71970525879,55927.67922720931,36521.04047804949
2022-06-23,92850.51288947003,55927.67922720931,36922.833662260724
2022-06-24,94110.77151116675,55927.67922720931,38183.09228395744
2022-06-27,94057.85240885601,55927.67922720931,38130.17318164669
2022-06-28,93284.6455250934,55927.67922720931,37356.966297884086
2022-06-29,93170.9674534629,55927.67922720931,37243.28822625359
2022-06-30,92909.31189203753,55927.67922720931,36981.63266482822
2022-07-01,93271.90574120378,55927.67922720931,37344.226513994465
2022-07-05,93260.14594069027,55927.67922720931,37332.466713480964
2022-07-06,93517.88156861113,55927.67922720931,37590.20234140183
2022-07-07,93966.71395487638,55927.67922720931,38039.03472766707
2022-07-08,94018.653073811,55927.67922720931,38090.97384660169
2022-07-11,93641.35947400288,55927.67922720931,37713.68024679358
2022-07-12,93229.7664560304,55927.67922720931,37302.08722882109
2022-07-13,92818.17343805791,55927.67922720931,36890.4942108486
2022-07-14,93123.9282514089,55927.67922720931,37196.24902419959
2022-07-15,93676.63887554339,55927.67922720931,37748.95964833408
2022-07-18,93462.02251617202,55927.67922720931,37534.34328896271
2022-07-19,94441.02590892087,55927.67922720931,38513.34668171156
2022-07-20,94559.60389743198,55927.67922720931,38631.92467022268
2022-07-21,94833.99924274698,55927.67922720931,38906.320015537676
2022-07-22,94578.22358157836,55927.67922720931,38650.544354369056
2022-07-25,94559.60389743198,55927.67922720931,38631.92467022268
2022-07-26,94544.90414679013,55927.67922720931,38617.22491958081
2022-07-27,95176.0134410146,55927.67922720931,39248.33421380529
2022-07-28,95941.38045776822,55927.67922720931,40013.7012305589
2022-07-29,96250.07522124756,55927.67922720931,40322.39599403826
2022-08-01,96119.73743222296,55927.67922720931,40192.05820501364
2022-08-02,95926.68070712633,55927.67922720931,39999.001479917024
2022-08-03,96475.47139775631,55927.67922720931,40547.79217054701
2022-08-04,96521.5306164342,55927.67922720931,40593.85138922489
2022-08-05,96396.09274429019,55927.67922720931,40468.41351708089
2022-08-08,96511.73078267294,55927.67922720931,40584.05155546364
2022-08-09,96282.41467265971,55927.67922720931,40354.735445450395
2022-08-10,97094.8208914673,55927.67922720931,41167.14166425799
2022-08-11,97126.1803595033,55927.67922720931,41198.50113229399
2022-08-12,97707.90311611263,97707.90311611263,0
2022-08-15,97707.90311611263,97707.90311611263,0
2022-08-16,97707.90311611263,97707.90311611263,0
2022-08-17,97707.90311611263,97707.90311611263,0
2022-08-18,97707.90311611263,97707.90311611263,0
2022-08-19,97707.90311611263,97707.90311611263,0
2022-08-22,97707.90311611263,97707.90311611263,0
2022-08-23,97707.90311611263,97707.90311611263,0
2022-08-24,97707.90311611263,97707.90311611263,0
2022-08-25,97707.90311611263,97707.90311611263,0
2022-08-26,97707.90311611263,97707.90311611263,0
2022-08-29,97707.90311611263,97707.90311611263,0
2022-08-30,97707.90311611263,97707.90311611263,0
2022-08-31,97707.90311611263,97707.90311611263,0
2022-09-01,97707.90311611263,97707.90311611263,0
2022-09-02,97707.90311611263,97707.90311611263,0
2022-09-06,97707.90311611263,97707.90311611263,0
2022-09-07,97707.90311611263,97707.90311611263,0
2022-09-08,97707.90311611263,97707.90311611263,0
2022-09-09,97707.90311611263,97707.90311611263,0
2022-09-12,97707.90311611263,97707.90311611263,0
2022-09-13,97707.90311611263,97707.90311611263,0
2022-09-14,97707.90311611263,97707.90311611263,0
2022-09-15,97707.90311611263,97707.90311611263,0
2022-09-16,97707.90311611263,97707.90311611263,0
2022-09-19,97707.90311611263,97707.90311611263,0
2022-09-20,97707.90311611263,97707.90311611263,0
2022-09-21,97707.90311611263,97707.90311611263,0
2022-09-22,97707.90311611263,97707.90311611263,0
2022-09-23,97707.90311611263,97707.90311611263,0
2022-09-26,97707.90311611263,97707.90311611263,0
2022-09-27,97707.90311611263,97707.90311611263,0
2022-09-28,97707.90311611263,97707.90311611263,0
2022-09-29,97707.90311611263,97707.90311611263,0
2022-09-30,97707.90311611263,97707.90311611263,0
2022-10-03,97707.90311611263,97707.90311611263,0
2022-10-04,97707.90311611263,97707.90311611263,0
2022-10-05,97707.90311611263,97707.90311611263,0
2022-10-06,97707.90311611263,97707.90311611263,0
2022-10-07,97707.90311611263,97707.90311611263,0
2022-10-10,97707.90311611263,97707.90311611263,0
2022-10-11,97707.90311611263,97707.90311611263,0
2022-10-12,97707.90311611263,97707.90311611263,0
2022-10-13,97707.90311611263,97707.90311611263,0
2022-10-14,97707.90311611263,97707.90311611263,0
2022-10-17,97707.90311611263,97707.90311611263,0
2022-10-18,97707.90311611263,97707.90311611263,0
2022-10-19,97707.90311611263,97707.90311611263,0
2022-10-20,97707.90311611263,97707.90311611263,0
2022-10-21,97707.90311611263,97707.90311611263,0
2022-10-24,97707.90311611263,97707.90311611263,0
2022-10-25,97707.90311611263,97707.90311611263,0
2022-10-26,97707.90311611263,97707.90311611263,0
2022-10-27,97707.90311611263,97707.90311611263,0
2022-10-28,97707.90311611263,97707.90311611263,0
2022-10-31,97707.90311611263,97707.90311611263,0
2022-11-01,97707.90311611263,97707.90311611263,0
2022-11-02,97707.90311611263,97707.90311611263,0
2022-11-03,97707.90311611263,97707.90311611263,0
2022-11-04,97707.90311611263,97707.90311611263,0
2022-11-07,97707.90311611263,97707.90311611263,0
2022-11-08,97707.90311611263,97707.90311611263,0
2022-11-09,97707.90311611263,97707.90311611263,0
2022-11-10,97707.90311611263,97707.90311611263,0
2022-11-11,97707.90311611263,97707.90311611263,0
2022-11-14,97707.90311611263,97707.90311611263,0
2022-11-15,97707.90311611263,97707.90311611263,0
2022-11-16,97707.90311611263,97707.90311611263,0
2022-11-17,97707.90311611263,97707.90311611263,0
2022-11-18,97707.90311611263,97707.90311611263,0
2022-11-21,97707.90311611263,97707.90311611263,0
2022-11-22,97707.90311611263,97707.90311611263,0
2022-11-23,97707.90311611263,97707.90311611263,0
2022-11-25,97707.90311611263,97707.90311611263,0
2022-11-28,97707.90311611263,97707.90311611263,0
2022-11-29,97707.90311611263,97707.90311611263,0
2022-11-30,97707.90311611263,97707.90311611263,0
2022-12-01,97707.90311611263,97707.90311611263,0
2022-12-02,97707.90311611263,97707.90311611263,0
2022-12-05,97707.90311611263,97707.90311611263,0
2022-12-06,97707.90311611263,97707.90311611263,0
2022-12-07,97707.90311611263,97707.90311611263,0
2022-12-08,97707.90311611263,97707.90311611263,0
2022-12-09,97707.90311611263,97707.90311611263,0
2022-12-12,97707.90311611263,97707.90311611263,0
2022-12-13,97707.90311611263,97707.90311611263,0
2022-12-14,97707.90311611263,97707.90311611263,0
2022-12-15,97707.90311611263,97707.90311611263,0
2022-12-16,97707.90311611263,97707.90311611263,0
2022-12-19,97707.90311611263,97707.90311611263,0
2022-12-20,97707.90311611263,97707.90311611263,0
2022-12-21,97707.90311611263,97707.90311611263,0
2022-12-22,97707.90311611263,97707.90311611263,0
2022-12-23,97707.90311611263,97707.90311611263,0
2022-12-27,97707.90311611263,97707.90311611263,0
2022-12-28,97707.90311611263,97707.90311611263,0
2022-12-29,97707.90311611263,97707.90311611263,0
2022-12-30,97707.90311611263,97707.90311611263,0
2023-01-03,97707.90311611263,97707.90311611263,0
2023-01-04,97707.90311611263,97707.90311611263,0
2023-01-05,97707.90311611263,97707.90311611263,0
2023-01-06,97707.90311611263,97707.90311611263,0
2023-01-09,97707.90311611263,97707.90311611263,0
2023-01-10,97707.90311611263,97707.90311611263,0
2023-01-11,97707.90311611263,97707.90311611263,0
2023-01-12,97707.90311611263,97707.90311611263,0
2023-01-13,97707.90311611263,97707.90311611263,0
2023-01-17,97707.90311611263,97707.90311611263,0
2023-01-18,97707.90311611263,97707.90311611263,0
2023-01-19,97707.90311611263,97707.90311611263,0
2023-01-20,97707.90311611263,97707.90311611263,0
2023-01-23,97707.90311611263,97707.90311611263,0
2023-01-24,97707.90311611263,97707.90311611263,0
2023-01-25,97707.90311611263,97707.90311611263,0
2023-01-26,97707.90311611263,97707.90311611263,0
2023-01-27,97707.90311611263,97707.90311611263,0
2023-01-30,97707.90311611263,97707.90311611263,0
2023-01-31,97707.90311611263,97707.90311611263,0
2023-02-01,97707.90311611263,97707.90311611263,0
2023-02-02,97707.90311611263,97707.90311611263,0
2023-02-03,97707.90311611263,97707.90311611263,0
2023-02-06,97707.90311611263,97707.90311611263,0
2023-02-07,97707.90311611263,97707.90311611263,0
2023-02-08,97707.90311611263,97707.90311611263,0
2023-02-09,97707.90311611263,97707.90311611263,0
2023-02-10,97707.90311611263,97707.90311611263,0
2023-02-13,97707.90311611263,97707.90311611263,0
2023-02-14,97707.90311611263,97707.90311611263,0
2023-02-15,97707.90311611263,97707.90311611263,0
2023-02-16,97707.90311611263,97707.90311611263,0
2023-02-17,97707.90311611263,97707.90311611263,0
2023-02-21,97707.90311611263,97707.90311611263,0
2023-02-22,97707.90311611263,97707.90311611263,0
2023-02-23,97707.90311611263,97707.90311611263,0
2023-02-24,97707.90311611263,97707.90311611263,0
2023-02-27,97707.90311611263,97707.90311611263,0
2023-02-28,97707.90311611263,97707.90311611263,0
2023-03-01,97707.90311611263,97707.90311611263,0
2023-03-02,97707.90311611263,97707.90311611263,0
2023-03-03,97707.90311611263,97707.90311611263,0
2023-03-06,97707.90311611263,97707.90311611263,0
2023-03-07,97707.90311611263,97707.90311611263,0
2023-03-08,97707.90311611263,97707.90311611263,0
2023-03-09,97707.90311611263,97707.90311611263,0
2023-03-10,97707.90311611263,97707.90311611263,0
2023-03-13,97707.90311611263,97707.90311611263,0
2023-03-14,97707.90311611263,97707.90311611263,0
2023-03-15,97707.90311611263,97707.90311611263,0
2023-03-16,97707.90311611263,97707.90311611263,0
2023-03-17,97707.90311611263,97707.90311611263,0
2023-03-20,97707.90311611263,97707.90311611263,0
2023-03-21,97707.90311611263,97707.90311611263,0
2023-03-22,97707.90311611263,97707.90311611263,0
2023-03-23,97707.90311611263,97707.90311611263,0
2023-03-24,97707.90311611263,97707.90311611263,0
2023-03-27,97707.90311611263,97707.90311611263,0
2023-03-28,97707.90311611263,97707.90311611263,0
2023-03-29,97707.90311611263,97707.90311611263,0
2023-03-30,97707.90311611263,97707.90311611263,0
2023-03-31,97707.90311611263,97707.90311611263,0
2023-04-03,97707.90311611263,97707.90311611263,0
2023-04-04,97707.90311611263,97707.90311611263,0
2023-04-05,97707.90311611263,97707.90311611263,0
2023-04-06,97707.90311611263,97707.90311611263,0
2023-04-10,97707.90311611263,97707.90311611263,0
2023-04-11,97707.90311611263,97707.90311611263,0
2023-04-12,97707.90311611263,97707.90311611263,0
2023-04-13,97707.90311611263,97707.90311611263,0
2023-04-14,97707.90311611263,97707.90311611263,0
2023-04-17,97707.90311611263,97707.90311611263,0
2023-04-18,97707.90311611263,97707.90311611263,0
2023-04-19,97707.90311611263,97707.90311611263,0
2023-04-20,97707.90311611263,97707.90311611263,0
2023-04-21,97707.90311611263,97707.90311611263,0
2023-04-24,97707.90311611263,97707.90311611263,0
2023-04-25,97615.63100136274,51502.6301268468,46113.000874515936
2023-04-26,97335.2675736383,51502.6301268468,45832.637446791494
2023-04-27,98063.30808756789,51502.6301268468,46560.67796072109
2023-04-28,98550.55259300835,51502.6301268468,47047.92246616155
2023-05-01,98418.2843629932,51502.6301268468,46915.654236146394
2023-05-02,97966.0852860183,51502.6301268468,46463.455159171484
2023-05-03,97467.53580365345,51502.6301268468,45964.90567680665
2023-05-04,97429.09888211059,51502.6301268468,45926.468755263784
2023-05-05,98101.74500911076,51502.6301268468,46599.11488226396
2023-05-08,98140.18193065363,51502.6301268468,46637.551803806826
2023-05-09,98005.6527052536,51502.6301268468,46503.022578406795
2023-05-10,98228.36075066373,51502.6301268468,46725.73062381693
2023-05-11,98124.3549629595,51502.6301268468,46621.7248361127
2023-05-12,97940.08383909223,51502.6301268468,46437.45371224543
2023-05-15,98142.4429260385,51502.6301268468,46639.8127991917
2023-05-16,97946.86682524686,51502.6301268468,46444.236698400055
2023-05-17,98414.89286991589,51502.6301268468,46912.262743069085
2023-05-18,98972.22823228745,51502.6301268468,47469.59810544065
2023-05-19,98825.26353227062,51502.6301268468,47322.63340542381
2023-05-22,98974.48922767233,51502.6301268468,47471.859100825524
2023-05-23,98387.76092529739,51502.6301268468,46885.13079845059
2023-05-24,98180.87984758137,51502.6301268468,46678.249720734566
2023-05-25,98296.19061220996,51502.6301268468,46793.56048536317
2023-05-26,99038.92759614125,51502.6301268468,47536.29746929445
2023-05-30,99019.70913536982,51502.6301268468,47517.07900852302
2023-05-31,98803.7840761143,51502.6301268468,47301.1539492675
2023-06-01,99209.63274769927,51502.6301268468,47707.00262085247
2023-06-02,99891.32285623894,51502.6301268468,48388.69272939214
2023-06-05,99734.18367699016,51502.6301268468,48231.55355014336
2023-06-06,99942.19525239863,51502.6301268468,48439.565125551824
2023-06-07,99731.9226816053,51502.6301268468,48229.29255475849
2023-06-08,99982.89316932636,51502.6301268468,48480.26304247956
2023-06-09,100117.4223947264,51502.6301268468,48614.792267879595
2023-06-12,100554.92500169962,51502.6301268468,49052.294874852814
2023-06-13,100879.37783942911,51502.6301268468,49376.74771258231
2023-06-14,100932.51123097367,51502.6301268468,49429.881104126864
2023-06-15,101460.45365334187,51502.6301268468,49957.82352649507
2023-06-16,101193.65619792667,51502.6301268468,49691.026071079876
2023-06-20,100949.46869636021,51502.6301268468,49446.83856951342
2023-06-21,100679.27974786772,51502.6301268468,49176.649621020915
2023-06-22,100857.89838327281,51502.6301268468,49355.268256426
2023-06-23,100422.65677168446,51502.6301268468,48920.02664483766
2023-06-26,100365.00138937015,51502.6301268468,48862.37126252336
2023-06-27,100730.1521440274,51502.6301268468,49227.52201718059
2023-06-28,100899.72679789297,51502.6301268468,49397.09667104618
2023-06-29,101050.08299098714,51502.6301268468,49547.45286414034
2023-06-30,101562.19844566123,51502.6301268468,50059.56831881442
2023-07-03,101691.07518259907,51502.6301268468,50188.445055752265
2023-07-05,101564.45944104608,51502.6301268468,50061.82931419929
2023-07-06,101186.87321177205,51502.6301268468,49684.24308492525
2023-07-07,101100.95538714682,51502.6301268468,49598.325260300015
2023-07-10,101210.61366331324,51502.6301268468,49707.98353646643
2023-07-11,101516.97853796373,51502.6301268468,50014.34841111693
2023-07-12,101968.0471172462,51502.6301268468,50465.4169903994
2023-07-13,102303.80493190006,51502.6301268468,50801.17480505326
2023-07-14,102283.45597343618,51502.6301268468,50780.82584658939
2023-07-17,102407.8107196043,51502.6301268468,50905.1805927575
2023-07-18,102831.74735426827,51502.6301268468,51329.11722742147
2023-07-19,102828.35586119095,51502.6301268468,51325.72573434415
2023-07-20,102629.388267322,51502.6301268468,51126.7581404752
2023-07-21,102595.47333654888,51502.6301268468,51092.84320970208
2023-07-24,102858.87929888675,51502.6301268468,51356.249172039956
2023-07-25,102975.3205612078,51502.6301268468,51472.690434361
2023-07-26,103008.10499428847,51502.6301268468,51505.47486744168
2023-07-27,102690.43514271361,51502.6301268468,51187.80501586681
2023-07-28,103167.50516892213,51502.6301268468,51664.87504207533
2023-07-31,103260.20597970199,51502.6301268468,51757.57585285519
2023-08-01,102942.53612812712,51502.6301268468,51439.90600128032
2023-08-02,102476.77107884295,51502.6301268468,50974.14095199616
2023-08-03,102361.46031421438,51502.6301268468,50858.83018736757
2023-08-04,102015.52802032855,51502.6301268468,50512.89789348176
2023-08-07,102459.81361345641,51502.6301268468,50957.1834866096
2023-08-08,102219.01760496727,51502.6301268468,50716.38747812047
2023-08-09,102014.39752263614,51502.6301268468,50511.76739578933
2023-08-10,101974.83010340082,51502.6301268468,50472.19997655402
2023-08-11,101901.3477533924,51502.6301268468,50398.7176265456
2023-08-14,102212.23461881265,51502.6301268468,50709.604491965845
2023-08-15,101606.28785566628,51502.6301268468,50103.65772881947
2023-08-16,101192.52570023424,51502.6301268468,49689.89557338744
2023-08-17,100799.11250326608,51502.6301268468,49296.48237641927
2023-08-18,100817.20046634506,51502.6301268468,49314.57033949826
2023-08-21,101094.17240099219,51502.6301268468,49591.542274145395
2023-08-22,101045.56100021739,51502.6301268468,49542.93087337059
2023-08-23,101819.95191953692,51502.6301268468,50317.32179269011
2023-08-24,100929.11973789634,51502.6301268468,49426.48961104955
2023-08-25,101227.57112869978,51502.6301268468,49724.94100185299
2023-08-28,101565.58993873853,51502.6301268468,50062.95981189173
2023-08-29,102312.84891343956,51502.6301268468,50810.21878659276
2023-08-30,102495.9895396144,51502.6301268468,50993.3594127676
2023-08-31,102450.76963191692,51502.6301268468,50948.13950507011
2023-09-01,102479.03207422784,51502.6301268468,50976.40194738104
2023-09-05,102278.93398266644,51502.6301268468,50776.30385581964
2023-09-06,101937.52367955039,51502.6301268468,50434.89355270359
2023-09-07,101813.16893338229,51502.6301268468,50310.538806535485
2023-09-08,101822.2129149218,51502.6301268468,50319.58278807499
2023-09-11,102148.92674803616,51502.6301268468,50646.29662118936
2023-09-12,101928.4796980109,51502.6301268468,50425.84957116409
2023-09-13,102035.87697879242,51502.6301268468,50533.24685194563
2023-09-14,102450.76963191692,51502.6301268468,50948.13950507011
2023-09-15,101616.46233489821,51502.6301268468,50113.83220805141
2023-09-18,101685.42269413688,51502.6301268468,50182.792567290075
2023-09-19,101571.24242720072,51502.6301268468,50068.61230035392
2023-09-20,101007.12407867452,51502.6301268468,49504.49395182772
2023-09-21,100240.64664320205,51502.6301268468,48738.01651635526
2023-09-22,100181.86076319532,51502.6301268468,48679.230636348526
2023-09-25,100351.43541706091,51502.6301268468,48848.80529021411
2023-09-26,99724.00919775823,51502.6301268468,48221.37907091143
2023-09-27,99736.44467237504,51502.6301268468,48233.81454552824
2023-09-28,99963.67470855493,51502.6301268468,48461.044581708135
2023-09-29,99823.49299469272,51502.6301268468,48320.86286784591
2023-10-02,99820.1015016154,51502.6301268468,48317.4713747686
2023-10-03,99161.02134692448,51502.6301268468,47658.391220077676
2023-10-04,99457.21174234303,51502.6301268468,47954.58161549624
2023-10-05,99431.21029541697,51502.6301268468,47928.58016857017
2023-10-06,100130.98836703564,51502.6301268468,48628.35824018884
2023-10-09,100369.5233801399,51502.6301268468,48866.89325329311
2023-10-10,100639.71232863242,51502.6301268468,49137.08220178561
2023-10-11,100944.94670559047,51502.6301268468,49442.316578743674
2023-10-12,100562.83848554669,51502.6301268468,49060.208358699885
2023-10-13,100164.90329780876,51502.6301268468,48662.27317096196
2023-10-16,100795.72101018875,51502.6301268468,49293.09088334195
2023-10-17,100686.06273402234,51502.6301268468,49183.43260717554
2023-10-18,100159.25080934657,51502.6301268468,48656.62068249977
2023-10-19,99633.56938236326,51502.6301268468,48130.93925551645
2023-10-20,99051.36307075806,51502.6301268468,47548.73294391126
2023-10-23,99188.15329154297,51502.6301268468,47685.52316469617
2023-10-24,99349.8144615615,51502.6301268468,47847.1843347147
2023-10-25,98499.68019684867,51502.6301268468,46997.050070001875
2023-10-26,98399.06590222176,51502.6301268468,46896.43577537496
2023-10-27,97892.60293600988,51502.6301268468,46389.97280916307
2023-10-30,98438.63332145706,51502.6301268468,46936.00319461026
2023-10-31,98676.03783686888,51502.6301268468,47173.40771002208
2023-11-01,99393.90387156655,51502.6301268468,47891.27374471975
2023-11-02,100103.85642241716,51502.6301268468,48601.226295570355
2023-11-03,100712.0641809484,51502.6301268468,49209.4340541016
2023-11-06,100651.01730555679,51502.6301268468,49148.387178709985
2023-11-07,100872.5948532745,51502.6301268468,49369.96472642769
2023-11-08,100863.550871735,51502.6301268468,49360.92074488819
2023-11-09,100525.53206169626,51502.6301268468,49022.90193484945
2023-11-10,101267.13854793509,51502.6301268468,49764.50842108829
2023-11-13,101288.6180040914,51502.6301268468,49785.9878772446
2023-11-14,102291.36945728326,51502.6301268468,50788.73933043645
2023-11-15,102324.15389036393,51502.6301268468,50821.523763517136
2023-11-16,102436.07316191524,51502.6301268468,50933.44303506843
2023-11-17,102415.72420345136,51502.6301268468,50913.09407660455
2023-11-20,102875.83676427332,51502.6301268468,51373.20663742652
2023-11-21,102711.91459886992,51502.6301268468,51209.284472023115
2023-11-22,102923.31766735569,51502.6301268468,51420.68754050889
2023-11-24,102985.49504043974,51502.6301268468,51482.86491359293
2023-11-27,102906.36020196913,51502.6301268468,51403.73007512232
2023-11-28,102973.05956582293,51502.6301268468,51470.42943897613
2023-11-29,102932.36164889518,51502.6301268468,51429.73152204838
2023-11-30,103073.67386044984,51502.6301268468,51571.04373360304
2023-12-01,103485.175020497,51502.6301268468,51982.5448936502
2023-12-04,103032.97594352209,51502.6301268468,51530.3458166753
2023-12-05,103219.50806277426,51502.6301268468,51716.87793592745
2023-12-06,102884.88074581281,51502.6301268468,51382.25061896601
2023-12-07,103285.07692893561,51502.6301268468,51782.44680208881
2023-12-08,103572.22334281467,51502.6301268468,52069.59321596787
2023-12-11,103765.53844822144,51502.6301268468,52262.90832137464
2023-12-12,104039.11888979127,51502.6301268468,52536.488762944464
2023-12-13,104865.51270296291,51502.6301268468,53362.8825761161
2023-12-14,104824.81478603516,51502.6301268468,53322.18465918836
2023-12-15,104647.32664832252,51502.6301268468,53144.69652147571
2023-12-18,104838.3807583444,51502.6301268468,53335.750631497605
2023-12-19,105163.96409376635,51502.6301268468,53661.33396691954
2023-12-20,104492.4484644586,51502.6301268468,52989.8183376118
2023-12-21,104905.08012219821,51502.6301268468,53402.4499953514
2023-12-22,104995.51993759318,51502.6301268468,53492.88981074638
2023-12-26,105267.96988147056,51502.6301268468,53765.33975462376
2023-12-27,105416.06507917985,51502.6301268468,53913.434952333046
2023-12-28,105433.02254456641,51502.6301268468,53930.39241771961
2023-12-29,105209.18400146383,51502.6301268468,53706.55387461703
2024-01-02,104918.64609450745,51502.6301268468,53416.01596766065
2024-01-03,104562.53932138972,51502.6301268468,53059.90919454292
2024-01-04,104387.31217906193,51502.6301268468,52884.68205221514
2024-01-05,104460.79452907035,51502.6301268468,52958.164402223556
2024-01-08,105111.96119991422,51502.6301268468,53609.33107306742
2024-01-09,105064.48029683187,51502.6301268468,53561.85016998506
2024-01-10,105436.41403764371,51502.6301268468,53933.78391079691
2024-01-11,105253.27341146888,51502.6301268468,53750.64328462208
2024-01-12,105274.75286762518,51502.6301268468,53772.12274077839
2024-01-16,105173.00807530584,51502.6301268468,53670.377948459034
2024-01-17,104898.29713604358,51502.6301268468,53395.66700919678
2024-01-18,105397.97711610085,51502.6301268468,53895.34698925405
2024-01-19,106064.97075463884,51502.6301268468,54562.34062779204
2024-01-22,106166.71554695819,51502.6301268468,54664.08542011139
2024-01-23,106441.42648622044,51502.6301268468,54938.79635937365
2024-01-24,106384.90160159858,51502.6301268468,54882.27147475178
2024-01-25,106551.08476238686,51502.6301268468,55048.45463554006
2024-01-26,106529.60530623054,51502.6301268468,55026.97517938375
2024-01-29,107042.85125859707,51502.6301268468,55540.221131750266
2024-01-30,106807.70773857011,51502.6301268468,55305.07761172331
2024-01-31,106220.97943619518,51502.6301268468,54718.34930934838
2024-02-01,107093.72365475674,51502.6301268468,55591.09352790994
2024-02-02,107305.12672324252,51502.6301268468,55802.496596395715
2024-02-05,107187.55496322903,51502.6301268468,55684.92483638223
2024-02-06,107328.86717478369,51502.6301268468,55826.23704793689
2024-02-07,107774.28326560397,51502.6301268468,56271.653138757174
2024-02-08,107808.1981963771,51502.6301268468,56305.568069530294
2024-02-09,108140.56451795365,51502.6301268468,56637.93439110685
2024-02-12,108050.12470255868,51502.6301268468,56547.49457571187
2024-02-13,107379.73957094338,51502.6301268468,55877.10944409657
2024-02-14,107874.8975602309,51502.6301268468,56372.26743338409
2024-02-15,108209.52487719232,51502.6301268468,56706.89475034552
2024-02-16,107840.98262945778,51502.6301268468,56338.35250261098
2024-02-20,107582.09865788964,51502.6301268468,56079.46853104284
2024-02-21,108129.25954102929,51502.6301268468,56626.62941418248
2024-02-22,108857.30005495888,51502.6301268468,57354.66992811207
2024-02-23,108824.51562187819,51502.6301268468,57321.88549503139
2024-02-26,108676.42042416891,51502.6301268468,57173.79029732211
2024-02-27,108784.94820264289,51502.6301268468,57282.31807579609
2024-02-28,108679.81191724623,51502.6301268468,57177.18179039942
2024-02-29,108997.4817688211,51502.6301268468,57494.851641974295
2024-03-01,109385.24247732708,51502.6301268468,57882.612350480274
2024-03-04,109337.76157424471,51502.6301268468,57835.13144739791
2024-03-05,108815.4716403387,51502.6301268468,57312.8415134919
2024-03-06,109037.04918805641,51502.6301268468,57534.4190612096
2024-03-07,109713.08680813387,51502.6301268468,58210.456681287076
2024-03-08,109343.4140627069,51502.6301268468,57840.7839358601
2024-03-11,109462.11632041281,51502.6301268468,57959.486193566016
2024-03-12,109950.4913235457,51502.6301268468,58447.861196698905
2024-03-13,109898.48842969359,51502.6301268468,58395.858302846784
2024-03-14,109638.47396043302,51502.6301268468,58135.84383358622
2024-03-15,109134.271989606,51502.6301268468,57631.64186275921
2024-03-18,109437.24537117919,51502.6301268468,57934.615244332395
2024-03-19,109774.13368352549,51502.6301268468,58271.5035566787
2024-03-20,110501.04369976265,51502.6301268468,58998.41357291585
2024-03-21,110610.70197592907,51502.6301268468,59108.07184908227
2024-03-22,110373.29746051723,51502.6301268468,58870.66733367044
2024-03-25,110341.64352512901,51502.6301268468,58839.0133982822
2024-03-26,110255.72570050377,51502.6301268468,58753.095573656974
2024-03-27,110563.2210728467,51502.6301268468,59060.590945999895
2024-03-28,110622.00695285344,51502.6301268468,59119.37682600664
2024-04-01,110477.30324822146,51502.6301268468,58974.67312137467
2024-04-02,110143.80642895249,51502.6301268468,58641.17630210568
2024-04-03,110367.64497205507,51502.6301268468,58865.014845208265
2024-04-04,109540.12066119097,51502.6301268468,58037.49053434418
2024-04-05,110120.06597741129,51502.6301268468,58617.43585056449
2024-04-08,110153.9809081844,51502.6301268468,58651.350781337605
2024-04-09,110237.63773742477,51502.6301268468,58735.007610577966
2024-04-10,109520.90220041954,51502.6301268468,58018.27207357275
2024-04-11,110090.67303740792,51502.6301268468,58588.042910561126
2024-04-12,109155.75144576232,51502.6301268468,57653.12131891551
2024-04-15,108535.10821261426,51502.6301268468,57032.478085767456
2024-04-16,108582.58911569662,51502.6301268468,57079.95898884982
2024-04-17,108147.34750410827,51502.6301268468,56644.71737726147
2024-04-18,107878.28905330821,51502.6301268468,56375.65892646141
2024-04-19,107429.48146941062,51502.6301268468,55926.85134256381
2024-04-22,107954.0323987015,51502.6301268468,56451.402271854706
2024-04-23,108754.42476494709,51502.6301268468,57251.794638100284
2024-04-24,108304.48668335706,51502.6301268468,56801.856556510254
2024-04-25,108829.03761264794,51502.6301268468,57326.40748580114
2024-04-26,109009.9172434379,51502.6301268468,57507.287116591106
2024-04-29,109138.79398037575,51502.6301268468,57636.16385352895
2024-04-30,108174.47944872678,51502.6301268468,56671.84932187997
2024-05-01,108286.39872027806,51502.6301268468,56783.76859343126
2024-05-02,108761.2077511017,51502.6301268468,57258.577624254904
2024-05-03,109420.28790579265,51502.6301268468,57917.65777894584
2024-05-06,109887.18345276923,51502.6301268468,58384.553325922425
2024-05-07,109985.53675201128,51502.6301268468,58482.90662516447
2024-05-08,109948.23032816083,51502.6301268468,58445.60020131403
2024-05-09,110351.81800436093,51502.6301268468,58849.18787751413
2024-05-10,110279.46615204494,51502.6301268468,58776.83602519814
2024-05-13,110377.81945128698,51502.6301268468,58875.18932444019
2024-05-14,110695.48930286187,51502.6301268468,59192.85917601507
2024-05-15,111319.54326789695,111319.54326789695,0
2024-05-16,111319.54326789695,111319.54326789695,0
2024-05-17,111319.54326789695,111319.54326789695,0
2024-05-20,111319.54326789695,111319.54326789695,0
2024-05-21,111319.54326789695,111319.54326789695,0
2024-05-22,111319.54326789695,111319.54326789695,0
2024-05-23,111319.54326789695,111319.54326789695,0
2024-05-24,111319.54326789695,111319.54326789695,0
2024-05-28,111319.54326789695,111319.54326789695,0
2024-05-29,111319.54326789695,111319.54326789695,0
2024-05-30,111319.54326789695,111319.54326789695,0
2024-05-31,111319.54326789695,111319.54326789695,0
2024-06-03,111319.54326789695,111319.54326789695,0
2024-06-04,111319.54326789695,111319.54326789695,0
2024-06-05,111319.54326789695,111319.54326789695,0
2024-06-06,111319.54326789695,111319.54326789695,0
2024-06-07,111319.54326789695,111319.54326789695,0
2024-06-10,111319.54326789695,111319.54326789695,0
2024-06-11,111319.54326789695,111319.54326789695,0
2024-06-12,111319.54326789695,111319.54326789695,0
2024-06-13,111319.54326789695,111319.54326789695,0
2024-06-14,111319.54326789695,111319.54326789695,0
2024-06-17,111319.54326789695,111319.54326789695,0
2024-06-18,111319.54326789695,111319.54326789695,0
2024-06-20,111319.54326789695,111319.54326789695,0
2024-06-21,111319.54326789695,111319.54326789695,0
2024-06-24,111319.54326789695,111319.54326789695,0
2024-06-25,111319.54326789695,111319.54326789695,0
2024-06-26,111319.54326789695,111319.54326789695,0
2024-06-27,111319.54326789695,111319.54326789695,0
2024-06-28,111319.54326789695,111319.54326789695,0
2024-07-01,111319.54326789695,111319.54326789695,0
2024-07-02,111319.54326789695,111319.54326789695,0
2024-07-03,111319.54326789695,111319.54326789695,0
2024-07-05,111319.54326789695,111319.54326789695,0
2024-07-08,111319.54326789695,111319.54326789695,0
2024-07-09,111319.54326789695,111319.54326789695,0
2024-07-10,111319.54326789695,111319.54326789695,0
2024-07-11,111319.54326789695,111319.54326789695,0
2024-07-12,111319.54326789695,111319.54326789695,0
2024-07-15,111319.54326789695,111319.54326789695,0
2024-07-16,111319.54326789695,111319.54326789695,0
2024-07-17,111319.54326789695,111319.54326789695,0
2024-07-18,111319.54326789695,111319.54326789695,0
2024-07-19,111319.54326789695,111319.54326789695,0
2024-07-22,111223.16287236522,63057.048163849264,48166.11470851596
2024-07-23,110967.68120742506,63057.048163849264,47910.6330435758
2024-07-24,110196.02230107517,63057.048163849264,47138.9741372259
2024-07-25,109924.02991629193,63057.048163849264,46866.98175244266
2024-07-26,110353.30863221179,63057.048163849264,47296.26046836253
2024-07-29,110282.05184131012,63057.048163849264,47225.00367746086
2024-07-30,110218.61591770253,63057.048163849264,47161.56775385326
2024-07-31,111151.90608146356,63057.048163849264,48094.85791761429
2024-08-01,110078.70929166386,63057.048163849264,47021.661127814594
2024-08-02,109221.88983033391,63057.048163849264,46164.84166648464
2024-08-05,108498.02511300342,63057.048163849264,45440.97694915416
2024-08-06,108239.06750704367,63057.048163849264,45182.019343194406
2024-08-07,107892.34239033915,63057.048163849264,44835.29422648989
2024-08-08,109251.43532900047,63057.048163849264,46194.387165151194
2024-08-09,109373.09326468625,63057.048163849264,46316.045100836986
2024-08-12,109398.2938370783,63057.048163849264,46341.24567322904
2024-08-13,110150.83506782044,63057.048163849264,47093.78690397118
2024-08-14,110306.38342844727,63057.048163849264,47249.33526459801
2024-08-15,111159.72694875763,63057.048163849264,48102.67878490837
2024-08-16,111190.14143267908,63057.048163849264,48133.09326882982
2024-08-19,111660.26245557918,63057.048163849264,48603.21429172992
2024-08-20,111593.350590952,63057.048163849264,48536.30242710274
2024-08-21,111724.41278673758,111724.41278673758,0
2024-08-22,111724.41278673758,111724.41278673758,0
2024-08-23,111724.41278673758,111724.41278673758,0
2024-08-26,111724.41278673758,111724.41278673758,0
2024-08-27,111724.41278673758,111724.41278673758,0
2024-08-28,111631.85905419383,65378.11965201417,46253.739402179664
2024-08-29,111998.91249965354,65378.11965201417,46620.79284763937
2024-08-30,112381.8159802581,65378.11965201417,47003.69632824394
2024-09-03,111343.22157208233,65378.11965201417,45965.10192006816
2024-09-04,111283.15828100711,65378.11965201417,45905.03862899294
2024-09-05,111180.5501587536,65378.11965201417,45802.43050673943
2024-09-06,110325.48247330768,65378.11965201417,44947.362821293515
2024-09-09,111020.381382553,65378.11965201417,45642.26173053883
2024-09-10,111117.98423055024,65378.11965201417,45739.864578536064
2024-09-11,111619.34586855315,65378.11965201417,46241.22621653899
2024-09-12,112030.61256994325,65378.11965201417,46652.49291792908
2024-09-13,112231.65775257003,65378.11965201417,46853.53810055587
2024-09-16,112297.56053027758,65378.11965201417,46919.44087826341
2024-09-17,112382.65019263414,65378.11965201417,47004.530540619984
2024-09-18,112511.11889854504,65378.11965201417,47132.999246530875
2024-09-19,112949.08039596857,65378.11965201417,47570.9607439544
2024-09-20,112773.89579699916,65378.11965201417,47395.776144984986
2024-09-23,112869.8302202443,65378.11965201417,47491.71056823013
2024-09-24,113029.99899644492,65378.11965201417,47651.879344430745
2024-09-25,113006.64104991566,65378.11965201417,47628.52139790149
2024-09-26,113128.4360568182,65378.11965201417,47750.31640480403
2024-09-27,112984.11731576244,65378.11965201417,47605.997663748276
2024-09-30,113198.50989640596,65378.11965201417,47820.39024439179
2024-10-01,112741.3615143334,65378.11965201417,47363.24186231924
2024-10-02,112907.36977716631,65378.11965201417,47529.25012515215
2024-10-03,112744.69836383758,65378.11965201417,47366.578711823415
2024-10-04,113120.92814543378,65378.11965201417,47742.808493419616
2024-10-07,112736.35624007715,65378.11965201417,47358.23658806297
2024-10-08,113151.79400334744,65378.11965201417,47773.67435133328
2024-10-09,113512.17374979879,65378.11965201417,48134.05409778463
2024-10-10,113492.98686514977,65378.11965201417,48114.8672131356
2024-10-11,113646.48194234201,65378.11965201417,48268.362290327845
2024-10-14,114155.35149172934,65378.11965201417,48777.23183971517
2024-10-15,113750.75848934762,65378.11965201417,48372.63883733344
2024-10-16,113890.90616852313,65378.11965201417,48512.78651650897
2024-10-17,114004.35905166523,65378.11965201417,48626.23939965106
2024-10-18,114156.18570410539,65378.11965201417,48778.06605209121
2024-10-21,114063.5881303644,65378.11965201417,48685.46847835024
2024-10-22,114018.54066205799,65378.11965201417,48640.42101004383
2024-10-23,113642.31088046178,65378.11965201417,48264.19122844761
2024-10-24,113709.04787054537,65378.11965201417,48330.928218531204
2024-10-25,113591.42392552306,65378.11965201417,48213.30427350889
2024-10-28,113823.3349660635,65378.11965201417,48445.21531404934
2024-10-29,114016.87223730588,65378.11965201417,48638.752585291724
2024-10-30,113587.25286364282,65378.11965201417,48209.13321162866
2024-10-31,112878.17234400475,65378.11965201417,47500.05269199058
2024-11-01,113036.67269545326,65378.11965201417,47658.5530434391
2024-11-04,112893.18816677356,65378.11965201417,47515.0685147594
2024-11-05,113686.52413639217,65378.11965201417,48308.40448437799
2024-11-06,114635.0236079551,65378.11965201417,49256.90395594093
2024-11-07,115074.6535301307,65378.11965201417,49696.533878116534
2024-11-08,115264.01973949287,65378.11965201417,49885.9000874787
2024-11-11,115275.6987127575,65378.11965201417,49897.57906074332
2024-11-12,115107.18781279644,65378.11965201417,49729.06816078228
2024-11-13,115215.63542168227,65378.11965201417,49837.5157696681
2024-11-14,114757.65282723367,65378.11965201417,49379.533175219505
2024-11-15,114279.64913576,65378.11965201417,48901.52948374584
2024-11-18,114433.14421295225,65378.11965201417,49055.02456093808
2024-11-19,114712.60535892725,65378.11965201417,49334.48570691309
2024-11-20,114472.35219462635,65378.11965201417,49094.23254261219
2024-11-21,114844.41091434233,65378.11965201417,49466.291262328166
2024-11-22,115134.71682120592,65378.11965201417,49756.59716919176
2024-11-25,115036.27976083264,65378.11965201417,49658.16010881847
2024-11-26,115522.62557606676,65378.11965201417,50144.50592405259
2024-11-27,115380.80947213914,65378.11965201417,50002.68982012497
2024-11-29,115691.13647602781,65378.11965201417,50313.01682401363
2024-12-02,115732.84709483004,65378.11965201417,50354.72744281587
2024-12-03,115780.39720026459,65378.11965201417,50402.27754825043
2024-12-04,116004.80032942064,65378.11965201417,50626.680677406475
2024-12-05,115949.74231260168,65378.11965201417,50571.62266058752
2024-12-06,116045.67673584685,65378.11965201417,50667.557083832675
2024-12-09,115799.58408491363,65378.11965201417,50421.464432899455
2024-12-10,115694.47332553199,65378.11965201417,50316.35367351781
2024-12-11,115994.7897809081,65378.11965201417,50616.67012889394
2024-12-12,115879.66847301392,65378.11965201417,50501.54882099976
2024-12-13,115752.03397947908,65378.11965201417,50373.9143274649
2024-12-16,115929.72121557662,65378.11965201417,50551.60156356245
2024-12-17,115772.05507650416,65378.11965201417,50393.93542448998
2024-12-18,114414.79154067926,65378.11965201417,49036.6718886651
2024-12-19,114121.98299668754,65378.11965201417,48743.86334467337
2024-12-20,114773.50286237852,65378.11965201417,49395.38321036436
2024-12-23,114984.55859351787,65378.11965201417,49606.43894150369
2024-12-24,115522.62557606676,65378.11965201417,50144.50592405259
2024-12-26,115465.06492211967,65378.11965201417,50086.94527010549
2024-12-27,115016.25866380756,65378.11965201417,49638.13901179339
2024-12-30,114371.41249712493,65378.11965201417,48993.292845110765
2024-12-31,114305.5097194174,65378.11965201417,48927.39006740323
2025-01-02,114251.28591497449,65378.11965201417,48873.16626296032
2025-01-03,114766.82916337016,65378.11965201417,49388.709511356
2025-01-06,115059.6377073619,65378.11965201417,49681.51805534772
2025-01-07,114553.2707951027,65378.11965201417,49175.15114308854
2025-01-08,114443.98897384084,65378.11965201417,49065.86932182666
2025-01-10,113744.08479033926,65378.11965201417,48365.96513832508
2025-01-13,114029.38542294657,65378.11965201417,48651.265770932405
2025-01-14,113983.5037422641,65378.11965201417,48605.384090249936
2025-01-15,114901.97156828942,65378.11965201417,49523.85191627526
2025-01-16,114722.61590743979,65378.11965201417,49344.49625542563
2025-01-17,115238.15915583548,65378.11965201417,49860.03950382132
2025-01-21,115794.57881065736,65378.11965201417,50416.45915864319
2025-01-22,115920.54487944012,65378.11965201417,50542.42522742595
2025-01-23,116183.32177789422,65378.11965201417,50805.20212588006
2025-01-24,116055.68728435937,65378.11965201417,50677.567632345206
2025-01-27,115361.6225874901,65378.11965201417,49983.50293547594
2025-01-28,115772.8892888802,65378.11965201417,50394.769636866025
2025-01-29,115686.13120177152,65378.11965201417,50308.01154975736
2025-01-30,115922.2133041922,65378.11965201417,50544.09365217804
2025-01-31,115345.77255234527,65378.11965201417,49967.65290033109
2025-02-03,115467.56755924781,65378.11965201417,50089.44790723363
2025-02-04,115464.23070974361,65378.11965201417,50086.111057729446
2025-02-05,115826.27888094707,65378.11965201417,50448.15922893289
2025-02-06,115930.55542795266,65378.11965201417,50552.43577593849
2025-02-07,115450.04909935086,65378.11965201417,50071.92944733669
2025-02-10,115762.87874036765,65378.11965201417,50384.75908835349
2025-02-11,115873.82898638162,65378.11965201417,50495.70933436744
2025-02-12,115813.76569530639,65378.11965201417,50435.64604329222
2025-02-13,116235.87715758506,65378.11965201417,50857.75750557088
2025-02-14,116246.72191847363,65378.11965201417,50868.602266459464
2025-02-18,116427.74600407536,65378.11965201417,51049.62635206119
2025-02-19,116456.94343723691,65378.11965201417,51078.823785222754
2025-02-20,116297.60887341236,65378.11965201417,50919.489221398195
2025-02-21,115450.88331172691,65378.11965201417,50072.763659712735
2025-02-24,115266.522376621,65378.11965201417,49888.40272460683
2025-02-25,115097.1772642839,65378.11965201417,49719.05761226974
2025-02-26,114901.97156828942,65378.11965201417,49523.85191627526
2025-02-27,114170.36731449814,65378.11965201417,48792.24766248397
2025-02-28,114955.36116035629,65378.11965201417,49577.24150834212
2025-03-03,114212.91214567643,65378.11965201417,48834.79249366226
2025-03-04,113798.30859478217,65378.11965201417,48420.18894276799
2025-03-05,113920.93781406074,65378.11965201417,48542.81816204658
2025-03-06,113292.77589489901,65378.11965201417,47914.65624288485
2025-03-07,113321.13911568455,65378.11965201417,47943.019463670375
2025-03-10,111975.5545531243,65378.11965201417,46597.43490111012
2025-03-11,111910.48598779278,65378.11965201417,46532.36633577862
2025-03-12,112149.90493971764,65378.11965201417,46771.78528770348
2025-03-13,111584.30894875928,65378.11965201417,46206.18929674511
2025-03-14,112267.52888473996,65378.11965201417,46889.409232725804
2025-03-17,112676.29294900192,65378.11965201417,47298.17329698775
2025-03-18,112194.11819564803,65378.11965201417,46815.99854363386
2025-03-19,112819.77747768162,65378.11965201417,47441.657825667455
2025-03-20,112567.8453401161,65378.11965201417,47189.72568810192
2025-03-21,112511.11889854504,65378.11965201417,47132.999246530875
2025-03-24,113247.7284265926,65378.11965201417,47869.60877457843
2025-03-25,113428.75251219432,65378.11965201417,48050.63286018015
2025-03-26,112729.68254106879,65378.11965201417,47351.562889054614
2025-03-27,112642.09024158408,65378.11965201417,47263.970589569915
2025-03-28,111605.99847053643,65378.11965201417,46227.87881852227
2025-03-31,111843.74899770922,65378.11965201417,46465.629345695044
2025-04-01,112242.50251345862,65378.11965201417,46864.38286144445
2025-04-02,110828.5125360627,65378.11965201417,45450.39288404853
2025-04-03,110123.60307830485,65378.11965201417,44745.48342629067
2025-04-04,107547.55526107852,65378.11965201417,42169.43560906435
2025-04-07,107883.74284862456,65378.11965201417,42505.6231966104
2025-04-08,106302.07618364364,65378.11965201417,40923.956531629476
2025-04-09,110917.7732602995,65378.11965201417,45539.65360828532
2025-04-10,108932.34780531288,65378.11965201417,43554.22815329871
2025-04-11,109949.25269171147,65378.11965201417,44571.13303969731
2025-04-14,110166.98212185917,65378.11965201417,44788.862469845
2025-04-15,109890.02361301231,65378.11965201417,44511.90396099814
2025-04-16,109253.51957009012,65378.11965201417,43875.39991807596
2025-04-17,109349.45399333528,65378.11965201417,43971.33434132111
2025-04-21,108427.64931780577,65378.11965201417,43049.529665791604
2025-04-22,110146.12681245805,65378.11965201417,44768.007160443885
2025-04-23,110150.29787433828,65378.11965201417,44772.17822232412
2025-04-24,111123.82371718256,65378.11965201417,45745.704065168386
2025-04-25,111362.40845673135,65378.11965201417,45984.288804717195
2025-04-28,111351.56369584278,65378.11965201417,45973.44404382862
2025-04-29,111509.22983491526,65378.11965201417,46131.11018290108
2025-04-30,112033.94941944742,65378.11965201417,46655.82976743325
2025-05-01,111858.76482047801,65378.11965201417,46480.645168463845
2025-05-02,112569.25572879866,112569.25572879866,0
2025-05-05,112569.25572879866,112569.25572879866,0
2025-05-06,112569.25572879866,112569.25572879866,0
2025-05-07,112569.25572879866,112569.25572879866,0
2025-05-08,112569.25572879866,112569.25572879866,0
