date,equity,cash,holdings
2018-02-08,100000.0,100000.0,0
2018-02-09,100000.0,100000.0,0
2018-02-12,100000.0,100000.0,0
2018-02-13,100000.0,100000.0,0
2018-02-14,100000.0,100000.0,0
2018-02-15,100000.0,100000.0,0
2018-02-16,100000.0,100000.0,0
2018-02-20,100000.0,100000.0,0
2018-02-21,100000.0,100000.0,0
2018-02-22,100000.0,100000.0,0
2018-02-23,100000.0,100000.0,0
2018-02-26,100000.0,100000.0,0
2018-02-27,100000.0,100000.0,0
2018-02-28,100000.0,100000.0,0
2018-03-01,100000.0,100000.0,0
2018-03-02,100000.0,100000.0,0
2018-03-05,100000.0,100000.0,0
2018-03-06,100000.0,100000.0,0
2018-03-07,100000.0,100000.0,0
2018-03-08,100000.0,100000.0,0
2018-03-09,100000.0,100000.0,0
2018-03-12,100000.0,100000.0,0
2018-03-13,100000.0,100000.0,0
2018-03-14,100000.0,100000.0,0
2018-03-15,100000.0,100000.0,0
2018-03-16,100000.0,100000.0,0
2018-03-19,100000.0,100000.0,0
2018-03-20,100000.0,100000.0,0
2018-03-21,100000.0,100000.0,0
2018-03-22,99861.90995999261,30851.395213668904,69010.51474632371
2018-03-23,98979.52360732015,30851.395213668904,68128.12839365125
2018-03-26,100739.02833444017,30851.395213668904,69887.63312077126
2018-03-27,99553.73323383537,30851.395213668904,68702.33802016647
2018-03-28,99474.7135604617,30851.395213668904,68623.3183467928
2018-03-29,100033.11925230219,30851.395213668904,69181.72403863329
2018-04-02,98774.07245654866,30851.395213668904,67922.67724287976
2018-04-03,99408.86383265033,30851.395213668904,68557.46861898142
2018-04-04,100538.84516189358,30851.395213668904,69687.44994822468
2018-04-05,100035.75324141466,30851.395213668904,69184.35802774575
2018-04-06,99192.87672542901,30851.395213668904,68341.48151176011
2018-04-09,99630.11891809657,30851.395213668904,68778.72370442767
2018-04-10,100478.2634123071,30851.395213668904,69626.8681986382
2018-04-11,100459.82548851993,30851.395213668904,69608.43027485102
2018-04-12,100704.78647597825,30851.395213668904,69853.39126230935
2018-04-13,100739.02833444017,30851.395213668904,69887.63312077126
2018-04-16,101344.84583030484,30851.395213668904,70493.45061663594
2018-04-17,102034.95097776808,30851.395213668904,71183.55576409918
2018-04-18,102179.82037895311,30851.395213668904,71328.4251652842
2018-04-19,101668.82649113682,30851.395213668904,70817.43127746791
2018-04-20,101207.87839645718,30851.395213668904,70356.48318278827
2018-04-23,101210.51238556963,30851.395213668904,70359.11717190073
2018-04-24,100243.8383812986,30851.395213668904,69392.4431676297
2018-04-25,100586.25696591777,30851.395213668904,69734.86175224886
2018-04-26,101155.19861420809,30851.395213668904,70303.80340053918
2018-04-27,101060.3750061597,30851.395213668904,70208.97979249079
2018-04-30,100554.6490965683,30851.395213668904,69703.2538828994
2018-05-01,100765.36822556471,30851.395213668904,69913.97301189581
2018-05-02,100048.92318697693,30851.395213668904,69197.52797330802
2018-05-03,100009.41335029011,30851.395213668904,69158.0181366212
2018-05-04,101010.32921302305,30851.395213668904,70158.93399935415
2018-05-07,101070.9109626095,30851.395213668904,70219.5157489406
2018-05-08,101110.42079929633,30851.395213668904,70259.02558562743
2018-05-09,101834.76780522149,30851.395213668904,70983.37259155259
2018-05-10,102477.46114866054,30851.395213668904,71626.06593499164
2018-05-11,102798.80782038005,30851.395213668904,71947.41260671115
2018-05-14,102746.12803813095,30851.395213668904,71894.73282446204
2018-05-15,102137.67655315383,30851.395213668904,71286.28133948492
2018-05-16,102611.79459339575,30851.395213668904,71760.39937972685
2018-05-17,102559.11481114665,30851.395213668904,71707.71959747774
2018-05-18,102298.3498890136,30851.395213668904,71446.95467534469
2018-05-21,102825.14771150461,30851.395213668904,71973.75249783571
2018-05-22,102632.86650629538,30851.395213668904,71781.47129262648
2018-05-23,102772.46792925551,30851.395213668904,71921.0727155866
2018-05-24,102796.1738312676,30851.395213668904,71944.7786175987
2018-05-25,102574.91874582139,30851.395213668904,71723.52353215248
2018-05-29,101732.04222983574,30851.395213668904,70880.64701616684
2018-05-30,102564.38278937155,30851.395213668904,71712.98757570265
2018-05-31,102258.84005232676,30851.395213668904,71407.44483865786
2018-06-01,103012.16093848892,30851.395213668904,72160.76572482001
2018-06-04,103228.14804571023,30851.395213668904,72376.75283204133
2018-06-05,103396.72334890737,30851.395213668904,72545.32813523847
2018-06-06,103939.32510607313,30851.395213668904,73087.92989240422
2018-06-07,103963.0310080852,30851.395213668904,73111.6357944163
2018-06-08,104186.9200826439,30851.395213668904,73335.524868975
2018-06-11,104305.44959270438,30851.395213668904,73454.05437903547
2018-06-12,104397.63921164031,30851.395213668904,73546.24399797141
2018-06-13,104081.56051814569,30851.395213668904,73230.16530447679
2018-06-14,104263.30576690509,30851.395213668904,73411.91055323619
2018-06-15,103691.73012950235,30851.395213668904,72840.33491583345
2018-06-18,103380.91941423265,30851.395213668904,72529.52420056374
2018-06-19,103457.30509849383,30851.395213668904,72605.90988482493
2018-06-20,103615.34444524113,30851.395213668904,72763.94923157223
2018-06-21,103078.0106663003,30851.395213668904,72226.61545263139
2018-06-22,103154.3963505615,30851.395213668904,72303.00113689259
2018-06-25,102253.57207410184,30851.395213668904,71402.17686043294
2018-06-26,102485.3631159979,30851.395213668904,71633.967902329
2018-06-27,101969.1012499567,30851.395213668904,71117.7060362878
2018-06-28,102298.3498890136,30851.395213668904,71446.95467534469
2018-06-29,102274.6439870015,30851.395213668904,71423.2487733326
2018-07-02,102472.19317043564,30851.395213668904,71620.79795676674
2018-07-03,102056.02289066772,30851.395213668904,71204.62767699882
2018-07-05,102632.86650629538,30851.395213668904,71781.47129262648
2018-07-06,103399.35733801982,30851.395213668904,72547.96212435092
2018-07-09,104173.75013708163,30851.395213668904,73322.35492341273
2018-07-10,103744.40991175144,30851.395213668904,72893.01469808254
2018-07-11,103841.86750891228,30851.395213668904,72990.47229524338
2018-07-12,104468.7569176766,30851.395213668904,73617.3617040077
2018-07-13,104547.77659105025,30851.395213668904,73696.38137738135
2018-07-16,104363.39735317838,30851.395213668904,73512.00213950948
2018-07-17,104824.34544785802,30851.395213668904,73972.95023418912
2018-07-18,104874.39124099468,30851.395213668904,74022.99602732577
2018-07-19,104632.06424264882,30851.395213668904,73780.66902897992
2018-07-20,104518.80271081324,30851.395213668904,73667.40749714433
2018-07-23,104874.39124099468,30851.395213668904,74022.99602732577
2018-07-24,104945.50894703098,30851.395213668904,74094.11373336207
2018-07-25,105398.55507437325,30851.395213668904,74547.15986070434
2018-07-26,105585.56830135756,30851.395213668904,74734.17308768866
2018-07-27,104950.77692525588,30851.395213668904,74099.38171158698
2018-07-30,104632.06424264882,30851.395213668904,73780.66902897992
2018-07-31,104961.3128817057,30851.395213668904,74109.9176680368
2018-08-01,104871.75725188223,30851.395213668904,74020.36203821332
2018-08-02,105266.85561875049,30851.395213668904,74415.46040508158
2018-08-03,105556.59442112055,30851.395213668904,74705.19920745165
2018-08-06,105827.89529970342,30851.395213668904,74976.50008603452
2018-08-07,106067.58830893684,30851.395213668904,75216.19309526794
2018-08-08,105956.96076621373,30851.395213668904,75105.56555254482
2018-08-09,105872.67311461516,30851.395213668904,75021.27790094625
2018-08-10,105577.66633402019,30851.395213668904,74726.27112035129
2018-08-13,105269.48960786294,30851.395213668904,74418.09439419403
2018-08-14,105648.78404005649,30851.395213668904,74797.38882638759
2018-08-15,105111.45026111565,30851.395213668904,74260.05504744675
2018-08-16,105677.75792029349,30851.395213668904,74826.36270662458
2018-08-17,105935.88885331409,30851.395213668904,75084.49363964518
2018-08-20,106057.05235248702,30851.395213668904,75205.65713881812
2018-08-21,105835.79726704079,30851.395213668904,74984.40205337189
2018-08-22,106230.89563390907,30851.395213668904,75379.50042024016
2018-08-23,106109.73213473613,30851.395213668904,75258.33692106722
2018-08-24,106612.82405521505,30851.395213668904,75761.42884154615
2018-08-27,107255.51739865409,30851.395213668904,76404.12218498519
2018-08-28,107279.2233006662,30851.395213668904,76427.8280869973
2018-08-29,107621.64188528535,30851.395213668904,76770.24667161645
2018-08-30,107200.20362729255,30851.395213668904,76348.80841362364
2018-08-31,107500.47838611242,30851.395213668904,76649.08317244351
2018-09-04,107200.20362729255,30851.395213668904,76348.80841362364
2018-09-05,106897.2948793602,30851.395213668904,76045.8996656913
2018-09-06,106694.47771770116,30851.395213668904,75843.08250403225
2018-09-07,106546.97432740367,30851.395213668904,75695.57911373477
2018-09-10,106791.935314862,30851.395213668904,75940.5401011931
2018-09-11,107060.60220433242,30851.395213668904,76209.20699066352
2018-09-12,106978.9485418463,30851.395213668904,76127.5533281774
2018-09-13,107450.43259297578,30851.395213668904,76599.03737930687
2018-09-14,107479.40647321279,30851.395213668904,76628.01125954388
2018-09-17,106781.39935841218,30851.395213668904,75930.00414474327
2018-09-18,107503.11237522487,30851.395213668904,76651.71716155596
2018-09-19,107653.24975463482,30851.395213668904,76801.85454096591
2018-09-20,108261.70123961194,30851.395213668904,77410.30602594303
2018-09-21,107682.22363487181,30851.395213668904,76830.82842120291
2018-09-24,107542.6222119117,30851.395213668904,76691.2269982428
2018-09-25,107503.11237522487,30851.395213668904,76651.71716155596
2018-09-26,107234.44548575446,30851.395213668904,76383.05027208556
2018-09-27,107455.70057120068,30851.395213668904,76604.30535753178
2018-09-28,107500.47838611242,30851.395213668904,76649.08317244351
2018-10-01,107682.22363487181,30851.395213668904,76830.82842120291
2018-10-02,107663.78571108464,30851.395213668904,76812.39049741573
2018-10-03,107579.49805948608,30851.395213668904,76728.10284581718
2018-10-04,107205.47160551745,30851.395213668904,76354.07639184855
2018-10-05,106739.2555326129,30851.395213668904,75887.86031894399
2018-10-08,106694.47771770116,30851.395213668904,75843.08250403225
2018-10-09,106649.69990278942,30851.395213668904,75798.30468912052
2018-10-10,103733.87395530162,30851.395213668904,72882.47874163272
2018-10-11,103233.41602393515,30851.395213668904,72382.02081026624
2018-10-12,103844.50149802474,30851.395213668904,72993.10628435583
2018-10-15,103199.17416547323,30851.395213668904,72347.77895180433
2018-10-16,104840.14938253276,30851.395213668904,73988.75416886386
2018-10-17,104597.8223841869,30851.395213668904,73746.427170518
2018-10-18,103694.3641186148,30851.395213668904,72842.9689049459
2018-10-19,103604.80848879131,30851.395213668904,72753.41327512241
2018-10-22,103159.6643287864,30851.395213668904,72308.2691151175
2018-10-23,103020.06290582629,30851.395213668904,72168.66769215738
2018-10-24,100833.85194248855,30851.395213668904,69982.45672881964
2018-10-25,101192.07446178245,30851.395213668904,70340.67924811355
2018-10-26,101012.9632021355,30851.395213668904,70161.5679884666
2018-10-29,100322.85805467227,30851.395213668904,69471.46284100336
2018-10-30,101497.61719882724,30851.395213668904,70646.22198515834
2018-10-31,102171.91841161574,30851.395213668904,71320.52319794684
2018-11-01,102732.95809256868,30851.395213668904,71881.56287889977
2018-11-02,102448.48726842353,30851.395213668904,71597.09205475463
2018-11-05,103043.76880783838,30851.395213668904,72192.37359416948
2018-11-06,103286.09580618425,30851.395213668904,72434.70059251535
2018-11-07,104913.90107768151,30851.395213668904,74062.50586401261
2018-11-08,104705.81593779755,30851.395213668904,73854.42072412865
2018-11-09,103849.76947624964,30851.395213668904,72998.37426258074
2018-11-12,102506.43502889755,30851.395213668904,71655.03981522865
2018-11-13,102869.92552641635,30851.395213668904,72018.53031274745
2018-11-14,102021.7810322058,30851.395213668904,71170.3858185369
2018-11-15,102688.18027765695,30851.395213668904,71836.78506398805
2018-11-16,103049.0367860633,30851.395213668904,72197.6415723944
2018-11-19,101695.16638226136,30851.395213668904,70843.77116859246
2018-11-20,100420.31565183311,30851.395213668904,69568.9204381642
2018-11-21,100744.29631266509,30851.395213668904,69892.90109899618
2018-11-23,100106.87094745095,30851.395213668904,69255.47573378205
2018-11-26,100857.55784450064,30851.395213668904,70006.16263083174
2018-11-27,101610.87873066281,30851.395213668904,70759.4835169939
2018-11-28,103020.06290582629,30851.395213668904,72168.66769215738
2018-11-29,103064.84072073804,30851.395213668904,72213.44550706913
2018-11-30,103689.09614038988,30851.395213668904,72837.70092672098
2018-12-03,104205.35800643108,30851.395213668904,73353.96279276218
2018-12-04,102232.50016120222,30851.395213668904,71381.10494753331
2018-12-06,101832.13381610904,30851.395213668904,70980.73860244013
2018-12-07,100206.96253372423,30851.395213668904,69355.56732005533
2018-12-10,100262.27630508579,30851.395213668904,69410.88109141689
2018-12-11,100688.98254130351,30851.395213668904,69837.58732763461
2018-12-12,100878.6297574003,30851.395213668904,70027.23454373139
2018-12-13,100478.2634123071,30851.395213668904,69626.8681986382
2018-12-14,99290.33432258986,30851.395213668904,68438.93910892095
2018-12-17,98368.43813323056,30851.395213668904,67517.04291956166
2018-12-18,97944.3658861253,30851.395213668904,67092.9706724564
2018-12-19,97114.65931570194,30851.395213668904,66263.26410203303
2018-12-20,96316.56061462805,30851.395213668904,65465.165400959144
2018-12-21,94159.32353152732,30851.395213668904,63307.928317858416
2018-12-24,92244.41344677247,30851.395213668904,61393.01823310356
2018-12-26,95397.29841438122,30851.395213668904,64545.90320071232
2018-12-27,96176.95919166793,30851.395213668904,65325.56397799902
2018-12-28,96061.0636707199,30851.395213668904,65209.668457051
2018-12-31,96724.8289270586,30851.395213668904,65873.43371338969
2019-01-02,95831.9066179363,30851.395213668904,64980.5114042674
2019-01-03,94999.5660584005,30851.395213668904,64148.17084473159
2019-01-04,97396.49615073465,30851.395213668904,66545.10093706574
2019-01-07,98018.11758127404,30851.395213668904,67166.72236760514
2019-01-08,98515.94152352806,30851.395213668904,67664.54630985916
2019-01-09,98434.28786104194,30851.395213668904,67582.89264737304
2019-01-10,98958.45169442051,30851.395213668904,68107.0564807516
2019-01-11,99003.22950933226,30851.395213668904,68151.83429566336
2019-01-14,98832.02021702267,30851.395213668904,67980.62500335377
2019-01-15,99364.0860177386,30851.395213668904,68512.6908040697
2019-01-16,99464.1776040119,30851.395213668904,68612.782390343
2019-01-17,100065.69203088323,100065.69203088323,0
2019-01-18,100065.69203088323,100065.69203088323,0
2019-01-22,100065.69203088323,100065.69203088323,0
2019-01-23,100065.69203088323,100065.69203088323,0
2019-01-24,100065.69203088323,100065.69203088323,0
2019-01-25,100065.69203088323,100065.69203088323,0
2019-01-28,100065.69203088323,100065.69203088323,0
2019-01-29,100065.69203088323,100065.69203088323,0
2019-01-30,100065.69203088323,100065.69203088323,0
2019-01-31,100065.69203088323,100065.69203088323,0
2019-02-01,100065.69203088323,100065.69203088323,0
2019-02-04,100065.69203088323,100065.69203088323,0
2019-02-05,100065.69203088323,100065.69203088323,0
2019-02-06,100065.69203088323,100065.69203088323,0
2019-02-07,100065.69203088323,100065.69203088323,0
2019-02-08,100065.69203088323,100065.69203088323,0
2019-02-11,100065.69203088323,100065.69203088323,0
2019-02-12,100065.69203088323,100065.69203088323,0
2019-02-13,100065.69203088323,100065.69203088323,0
2019-02-14,100065.69203088323,100065.69203088323,0
2019-02-15,100065.69203088323,100065.69203088323,0
2019-02-19,100065.69203088323,100065.69203088323,0
2019-02-20,100065.69203088323,100065.69203088323,0
2019-02-21,100065.69203088323,100065.69203088323,0
2019-02-22,100065.69203088323,100065.69203088323,0
2019-02-25,100065.69203088323,100065.69203088323,0
2019-02-26,100065.69203088323,100065.69203088323,0
2019-02-27,100065.69203088323,100065.69203088323,0
2019-02-28,100065.69203088323,100065.69203088323,0
2019-03-01,100065.69203088323,100065.69203088323,0
2019-03-04,100065.69203088323,100065.69203088323,0
2019-03-05,100065.69203088323,100065.69203088323,0
2019-03-06,100065.69203088323,100065.69203088323,0
2019-03-07,100065.69203088323,100065.69203088323,0
2019-03-08,100065.69203088323,100065.69203088323,0
2019-03-11,100065.69203088323,100065.69203088323,0
2019-03-12,100065.69203088323,100065.69203088323,0
2019-03-13,100065.69203088323,100065.69203088323,0
2019-03-14,100065.69203088323,100065.69203088323,0
2019-03-15,100065.69203088323,100065.69203088323,0
2019-03-18,100065.69203088323,100065.69203088323,0
2019-03-19,100065.69203088323,100065.69203088323,0
2019-03-20,100065.69203088323,100065.69203088323,0
2019-03-21,100065.69203088323,100065.69203088323,0
2019-03-22,100065.69203088323,100065.69203088323,0
2019-03-25,100065.69203088323,100065.69203088323,0
2019-03-26,100065.69203088323,100065.69203088323,0
2019-03-27,100065.69203088323,100065.69203088323,0
2019-03-28,100065.69203088323,100065.69203088323,0
2019-03-29,100065.69203088323,100065.69203088323,0
2019-04-01,100065.69203088323,100065.69203088323,0
2019-04-02,100065.69203088323,100065.69203088323,0
2019-04-03,100065.69203088323,100065.69203088323,0
2019-04-04,100065.69203088323,100065.69203088323,0
2019-04-05,100065.69203088323,100065.69203088323,0
2019-04-08,100065.69203088323,100065.69203088323,0
2019-04-09,100065.69203088323,100065.69203088323,0
2019-04-10,100065.69203088323,100065.69203088323,0
2019-04-11,100065.69203088323,100065.69203088323,0
2019-04-12,100065.69203088323,100065.69203088323,0
2019-04-15,100065.69203088323,100065.69203088323,0
2019-04-16,100065.69203088323,100065.69203088323,0
2019-04-17,100065.69203088323,100065.69203088323,0
2019-04-18,100065.69203088323,100065.69203088323,0
2019-04-22,100065.69203088323,100065.69203088323,0
2019-04-23,100065.69203088323,100065.69203088323,0
2019-04-24,100065.69203088323,100065.69203088323,0
2019-04-25,100065.69203088323,100065.69203088323,0
2019-04-26,100065.69203088323,100065.69203088323,0
2019-04-29,100065.69203088323,100065.69203088323,0
2019-04-30,100065.69203088323,100065.69203088323,0
2019-05-01,100065.69203088323,100065.69203088323,0
2019-05-02,100065.69203088323,100065.69203088323,0
2019-05-03,100065.69203088323,100065.69203088323,0
2019-05-06,100065.69203088323,100065.69203088323,0
2019-05-07,100065.69203088323,100065.69203088323,0
2019-05-08,100065.69203088323,100065.69203088323,0
2019-05-09,100065.69203088323,100065.69203088323,0
2019-05-10,100065.69203088323,100065.69203088323,0
2019-05-13,100065.69203088323,100065.69203088323,0
2019-05-14,100065.69203088323,100065.69203088323,0
2019-05-15,100065.69203088323,100065.69203088323,0
2019-05-16,100065.69203088323,100065.69203088323,0
2019-05-17,100065.69203088323,100065.69203088323,0
2019-05-20,100065.69203088323,100065.69203088323,0
2019-05-21,100065.69203088323,100065.69203088323,0
2019-05-22,100065.69203088323,100065.69203088323,0
2019-05-23,100065.69203088323,100065.69203088323,0
2019-05-24,100065.69203088323,100065.69203088323,0
2019-05-28,100065.69203088323,100065.69203088323,0
2019-05-29,100065.69203088323,100065.69203088323,0
2019-05-30,100065.69203088323,100065.69203088323,0
2019-05-31,100065.69203088323,100065.69203088323,0
2019-06-03,100065.69203088323,100065.69203088323,0
2019-06-04,100065.69203088323,100065.69203088323,0
2019-06-05,100065.69203088323,100065.69203088323,0
2019-06-06,100065.69203088323,100065.69203088323,0
2019-06-07,100065.69203088323,100065.69203088323,0
2019-06-10,100065.69203088323,100065.69203088323,0
2019-06-11,100065.69203088323,100065.69203088323,0
2019-06-12,100065.69203088323,100065.69203088323,0
2019-06-13,100065.69203088323,100065.69203088323,0
2019-06-14,100065.69203088323,100065.69203088323,0
2019-06-17,100065.69203088323,100065.69203088323,0
2019-06-18,100065.69203088323,100065.69203088323,0
2019-06-19,100065.69203088323,100065.69203088323,0
2019-06-20,100065.69203088323,100065.69203088323,0
2019-06-21,100065.69203088323,100065.69203088323,0
2019-06-24,100065.69203088323,100065.69203088323,0
2019-06-25,100065.69203088323,100065.69203088323,0
2019-06-26,100065.69203088323,100065.69203088323,0
2019-06-27,100065.69203088323,100065.69203088323,0
2019-06-28,100065.69203088323,100065.69203088323,0
2019-07-01,100065.69203088323,100065.69203088323,0
2019-07-02,100065.69203088323,100065.69203088323,0
2019-07-03,100065.69203088323,100065.69203088323,0
2019-07-05,100065.69203088323,100065.69203088323,0
2019-07-08,100065.69203088323,100065.69203088323,0
2019-07-09,100065.69203088323,100065.69203088323,0
2019-07-10,100065.69203088323,100065.69203088323,0
2019-07-11,100065.69203088323,100065.69203088323,0
2019-07-12,100065.69203088323,100065.69203088323,0
2019-07-15,100065.69203088323,100065.69203088323,0
2019-07-16,100065.69203088323,100065.69203088323,0
2019-07-17,100065.69203088323,100065.69203088323,0
2019-07-18,100065.69203088323,100065.69203088323,0
2019-07-19,100065.69203088323,100065.69203088323,0
2019-07-22,100065.69203088323,100065.69203088323,0
2019-07-23,100065.69203088323,100065.69203088323,0
2019-07-24,100065.69203088323,100065.69203088323,0
2019-07-25,100065.69203088323,100065.69203088323,0
2019-07-26,100065.69203088323,100065.69203088323,0
2019-07-29,100065.69203088323,100065.69203088323,0
2019-07-30,100065.69203088323,100065.69203088323,0
2019-07-31,100065.69203088323,100065.69203088323,0
2019-08-01,100065.69203088323,100065.69203088323,0
2019-08-02,100065.69203088323,100065.69203088323,0
2019-08-05,100065.69203088323,100065.69203088323,0
2019-08-06,100065.69203088323,100065.69203088323,0
2019-08-07,100065.69203088323,100065.69203088323,0
2019-08-08,100065.69203088323,100065.69203088323,0
2019-08-09,100065.69203088323,100065.69203088323,0
2019-08-12,100065.69203088323,100065.69203088323,0
2019-08-13,100065.69203088323,100065.69203088323,0
2019-08-14,100065.69203088323,100065.69203088323,0
2019-08-15,100065.69203088323,100065.69203088323,0
2019-08-16,100065.69203088323,100065.69203088323,0
2019-08-19,100065.69203088323,100065.69203088323,0
2019-08-20,100065.69203088323,100065.69203088323,0
2019-08-21,100065.69203088323,100065.69203088323,0
2019-08-22,100065.69203088323,100065.69203088323,0
2019-08-23,100065.69203088323,100065.69203088323,0
2019-08-26,100065.69203088323,100065.69203088323,0
2019-08-27,100065.69203088323,100065.69203088323,0
2019-08-28,100065.69203088323,100065.69203088323,0
2019-08-29,100065.69203088323,100065.69203088323,0
2019-08-30,100065.69203088323,100065.69203088323,0
2019-09-03,100065.69203088323,100065.69203088323,0
2019-09-04,100065.69203088323,100065.69203088323,0
2019-09-05,100065.69203088323,100065.69203088323,0
2019-09-06,100065.69203088323,100065.69203088323,0
2019-09-09,100065.69203088323,100065.69203088323,0
2019-09-10,100065.69203088323,100065.69203088323,0
2019-09-11,100065.69203088323,100065.69203088323,0
2019-09-12,100065.69203088323,100065.69203088323,0
2019-09-13,100065.69203088323,100065.69203088323,0
2019-09-16,100065.69203088323,100065.69203088323,0
2019-09-17,100065.69203088323,100065.69203088323,0
2019-09-18,100065.69203088323,100065.69203088323,0
2019-09-19,100065.69203088323,100065.69203088323,0
2019-09-20,100065.69203088323,100065.69203088323,0
2019-09-23,100065.69203088323,100065.69203088323,0
2019-09-24,100065.69203088323,100065.69203088323,0
2019-09-25,100065.69203088323,100065.69203088323,0
2019-09-26,100065.69203088323,100065.69203088323,0
2019-09-27,100065.69203088323,100065.69203088323,0
2019-09-30,100065.69203088323,100065.69203088323,0
2019-10-01,100065.69203088323,100065.69203088323,0
2019-10-02,100065.69203088323,100065.69203088323,0
2019-10-03,100065.69203088323,100065.69203088323,0
2019-10-04,100065.69203088323,100065.69203088323,0
2019-10-07,100065.69203088323,100065.69203088323,0
2019-10-08,100065.69203088323,100065.69203088323,0
2019-10-09,100065.69203088323,100065.69203088323,0
2019-10-10,100065.69203088323,100065.69203088323,0
2019-10-11,100065.69203088323,100065.69203088323,0
2019-10-14,100065.69203088323,100065.69203088323,0
2019-10-15,100065.69203088323,100065.69203088323,0
2019-10-16,100065.69203088323,100065.69203088323,0
2019-10-17,100065.69203088323,100065.69203088323,0
2019-10-18,100065.69203088323,100065.69203088323,0
2019-10-21,100065.69203088323,100065.69203088323,0
2019-10-22,100065.69203088323,100065.69203088323,0
2019-10-23,100065.69203088323,100065.69203088323,0
2019-10-24,100065.69203088323,100065.69203088323,0
2019-10-25,100065.69203088323,100065.69203088323,0
2019-10-28,100065.69203088323,100065.69203088323,0
2019-10-29,100065.69203088323,100065.69203088323,0
2019-10-30,100065.69203088323,100065.69203088323,0
2019-10-31,100065.69203088323,100065.69203088323,0
2019-11-01,100065.69203088323,100065.69203088323,0
2019-11-04,100065.69203088323,100065.69203088323,0
2019-11-05,100065.69203088323,100065.69203088323,0
2019-11-06,100065.69203088323,100065.69203088323,0
2019-11-07,100065.69203088323,100065.69203088323,0
2019-11-08,100065.69203088323,100065.69203088323,0
2019-11-11,100065.69203088323,100065.69203088323,0
2019-11-12,100065.69203088323,100065.69203088323,0
2019-11-13,100065.69203088323,100065.69203088323,0
2019-11-14,100065.69203088323,100065.69203088323,0
2019-11-15,100065.69203088323,100065.69203088323,0
2019-11-18,100065.69203088323,100065.69203088323,0
2019-11-19,100065.69203088323,100065.69203088323,0
2019-11-20,100065.69203088323,100065.69203088323,0
2019-11-21,100065.69203088323,100065.69203088323,0
2019-11-22,100065.69203088323,100065.69203088323,0
2019-11-25,100065.69203088323,100065.69203088323,0
2019-11-26,100065.69203088323,100065.69203088323,0
2019-11-27,100065.69203088323,100065.69203088323,0
2019-11-29,100065.69203088323,100065.69203088323,0
2019-12-02,100065.69203088323,100065.69203088323,0
2019-12-03,100065.69203088323,100065.69203088323,0
2019-12-04,100065.69203088323,100065.69203088323,0
2019-12-05,100065.69203088323,100065.69203088323,0
2019-12-06,100065.69203088323,100065.69203088323,0
2019-12-09,100065.69203088323,100065.69203088323,0
2019-12-10,100065.69203088323,100065.69203088323,0
2019-12-11,100065.69203088323,100065.69203088323,0
2019-12-12,100065.69203088323,100065.69203088323,0
2019-12-13,100065.69203088323,100065.69203088323,0
2019-12-16,100065.69203088323,100065.69203088323,0
2019-12-17,100065.69203088323,100065.69203088323,0
2019-12-18,100065.69203088323,100065.69203088323,0
2019-12-19,100065.69203088323,100065.69203088323,0
2019-12-20,100065.69203088323,100065.69203088323,0
2019-12-23,100065.69203088323,100065.69203088323,0
2019-12-24,100065.69203088323,100065.69203088323,0
2019-12-26,100065.69203088323,100065.69203088323,0
2019-12-27,100065.69203088323,100065.69203088323,0
2019-12-30,100065.69203088323,100065.69203088323,0
2019-12-31,100065.69203088323,100065.69203088323,0
2020-01-02,100065.69203088323,100065.69203088323,0
2020-01-03,100065.69203088323,100065.69203088323,0
2020-01-06,100065.69203088323,100065.69203088323,0
2020-01-07,100065.69203088323,100065.69203088323,0
2020-01-08,100065.69203088323,100065.69203088323,0
2020-01-09,100065.69203088323,100065.69203088323,0
2020-01-10,100065.69203088323,100065.69203088323,0
2020-01-13,100065.69203088323,100065.69203088323,0
2020-01-14,100065.69203088323,100065.69203088323,0
2020-01-15,100065.69203088323,100065.69203088323,0
2020-01-16,100065.69203088323,100065.69203088323,0
2020-01-17,100065.69203088323,100065.69203088323,0
2020-01-21,100065.69203088323,100065.69203088323,0
2020-01-22,100065.69203088323,100065.69203088323,0
2020-01-23,100065.69203088323,100065.69203088323,0
2020-01-24,100065.69203088323,100065.69203088323,0
2020-01-27,100065.69203088323,100065.69203088323,0
2020-01-28,100065.69203088323,100065.69203088323,0
2020-01-29,100065.69203088323,100065.69203088323,0
2020-01-30,100065.69203088323,100065.69203088323,0
2020-01-31,100065.69203088323,100065.69203088323,0
2020-02-03,100065.69203088323,100065.69203088323,0
2020-02-04,100065.69203088323,100065.69203088323,0
2020-02-05,100065.69203088323,100065.69203088323,0
2020-02-06,100065.69203088323,100065.69203088323,0
2020-02-07,100065.69203088323,100065.69203088323,0
2020-02-10,100065.69203088323,100065.69203088323,0
2020-02-11,100065.69203088323,100065.69203088323,0
2020-02-12,100065.69203088323,100065.69203088323,0
2020-02-13,100065.69203088323,100065.69203088323,0
2020-02-14,100065.69203088323,100065.69203088323,0
2020-02-18,100065.69203088323,100065.69203088323,0
2020-02-19,100065.69203088323,100065.69203088323,0
2020-02-20,100065.69203088323,100065.69203088323,0
2020-02-21,100065.69203088323,100065.69203088323,0
2020-02-24,100065.69203088323,100065.69203088323,0
2020-02-25,100065.69203088323,100065.69203088323,0
2020-02-26,100065.69203088323,100065.69203088323,0
2020-02-27,100065.69203088323,100065.69203088323,0
2020-02-28,100065.69203088323,100065.69203088323,0
2020-03-02,100065.69203088323,100065.69203088323,0
2020-03-03,100065.69203088323,100065.69203088323,0
2020-03-04,100065.69203088323,100065.69203088323,0
2020-03-05,100065.69203088323,100065.69203088323,0
2020-03-06,100065.69203088323,100065.69203088323,0
2020-03-09,100065.69203088323,100065.69203088323,0
2020-03-10,100065.69203088323,100065.69203088323,0
2020-03-11,100065.69203088323,100065.69203088323,0
2020-03-12,100065.69203088323,100065.69203088323,0
2020-03-13,100065.69203088323,100065.69203088323,0
2020-03-16,100065.69203088323,100065.69203088323,0
2020-03-17,100065.69203088323,100065.69203088323,0
2020-03-18,100065.69203088323,100065.69203088323,0
2020-03-19,100065.69203088323,100065.69203088323,0
2020-03-20,100065.69203088323,100065.69203088323,0
2020-03-23,100065.69203088323,100065.69203088323,0
2020-03-24,100065.69203088323,100065.69203088323,0
2020-03-25,100065.69203088323,100065.69203088323,0
2020-03-26,100065.69203088323,100065.69203088323,0
2020-03-27,100065.69203088323,100065.69203088323,0
2020-03-30,100065.69203088323,100065.69203088323,0
2020-03-31,100065.69203088323,100065.69203088323,0
2020-04-01,100065.69203088323,100065.69203088323,0
2020-04-02,100065.69203088323,100065.69203088323,0
2020-04-03,100065.69203088323,100065.69203088323,0
2020-04-06,100065.69203088323,100065.69203088323,0
2020-04-07,100065.69203088323,100065.69203088323,0
2020-04-08,100065.69203088323,100065.69203088323,0
2020-04-09,100065.69203088323,100065.69203088323,0
2020-04-13,100065.69203088323,100065.69203088323,0
2020-04-14,100065.69203088323,100065.69203088323,0
2020-04-15,100065.69203088323,100065.69203088323,0
2020-04-16,100065.69203088323,100065.69203088323,0
2020-04-17,100065.69203088323,100065.69203088323,0
2020-04-20,100065.69203088323,100065.69203088323,0
2020-04-21,100065.69203088323,100065.69203088323,0
2020-04-22,100065.69203088323,100065.69203088323,0
2020-04-23,100065.69203088323,100065.69203088323,0
2020-04-24,100065.69203088323,100065.69203088323,0
2020-04-27,100065.69203088323,100065.69203088323,0
2020-04-28,100065.69203088323,100065.69203088323,0
2020-04-29,100065.69203088323,100065.69203088323,0
2020-04-30,100065.69203088323,100065.69203088323,0
2020-05-01,100065.69203088323,100065.69203088323,0
2020-05-04,100065.69203088323,100065.69203088323,0
2020-05-05,100065.69203088323,100065.69203088323,0
2020-05-06,100065.69203088323,100065.69203088323,0
2020-05-07,100065.69203088323,100065.69203088323,0
2020-05-08,100065.69203088323,100065.69203088323,0
2020-05-11,100065.69203088323,100065.69203088323,0
2020-05-12,100065.69203088323,100065.69203088323,0
2020-05-13,100065.69203088323,100065.69203088323,0
2020-05-14,100065.69203088323,100065.69203088323,0
2020-05-15,100065.69203088323,100065.69203088323,0
2020-05-18,100065.69203088323,100065.69203088323,0
2020-05-19,100065.69203088323,100065.69203088323,0
2020-05-20,100065.69203088323,100065.69203088323,0
2020-05-21,100065.69203088323,100065.69203088323,0
2020-05-22,100065.69203088323,100065.69203088323,0
2020-05-26,100065.69203088323,100065.69203088323,0
2020-05-27,100065.69203088323,100065.69203088323,0
2020-05-28,100065.69203088323,100065.69203088323,0
2020-05-29,100065.69203088323,100065.69203088323,0
2020-06-01,100065.69203088323,100065.69203088323,0
2020-06-02,100065.69203088323,100065.69203088323,0
2020-06-03,100065.69203088323,100065.69203088323,0
2020-06-04,100065.69203088323,100065.69203088323,0
2020-06-05,100065.69203088323,100065.69203088323,0
2020-06-08,100065.69203088323,100065.69203088323,0
2020-06-09,100065.69203088323,100065.69203088323,0
2020-06-10,100065.69203088323,100065.69203088323,0
2020-06-11,100065.69203088323,100065.69203088323,0
2020-06-12,100065.69203088323,100065.69203088323,0
2020-06-15,100065.69203088323,100065.69203088323,0
2020-06-16,100065.69203088323,100065.69203088323,0
2020-06-17,100065.69203088323,100065.69203088323,0
2020-06-18,100065.69203088323,100065.69203088323,0
2020-06-19,100065.69203088323,100065.69203088323,0
2020-06-22,100065.69203088323,100065.69203088323,0
2020-06-23,100065.69203088323,100065.69203088323,0
2020-06-24,100065.69203088323,100065.69203088323,0
2020-06-25,100065.69203088323,100065.69203088323,0
2020-06-26,100065.69203088323,100065.69203088323,0
2020-06-29,100065.69203088323,100065.69203088323,0
2020-06-30,100065.69203088323,100065.69203088323,0
2020-07-01,100065.69203088323,100065.69203088323,0
2020-07-02,100065.69203088323,100065.69203088323,0
2020-07-06,100065.69203088323,100065.69203088323,0
2020-07-07,100065.69203088323,100065.69203088323,0
2020-07-08,100065.69203088323,100065.69203088323,0
2020-07-09,100065.69203088323,100065.69203088323,0
2020-07-10,100065.69203088323,100065.69203088323,0
2020-07-13,100065.69203088323,100065.69203088323,0
2020-07-14,100065.69203088323,100065.69203088323,0
2020-07-15,100065.69203088323,100065.69203088323,0
2020-07-16,100065.69203088323,100065.69203088323,0
2020-07-17,100065.69203088323,100065.69203088323,0
2020-07-20,100065.69203088323,100065.69203088323,0
2020-07-21,100065.69203088323,100065.69203088323,0
2020-07-22,100065.69203088323,100065.69203088323,0
2020-07-23,100065.69203088323,100065.69203088323,0
2020-07-24,100065.69203088323,100065.69203088323,0
2020-07-27,100065.69203088323,100065.69203088323,0
2020-07-28,100065.69203088323,100065.69203088323,0
2020-07-29,100065.69203088323,100065.69203088323,0
2020-07-30,100065.69203088323,100065.69203088323,0
2020-07-31,100065.69203088323,100065.69203088323,0
2020-08-03,100065.69203088323,100065.69203088323,0
2020-08-04,100065.69203088323,100065.69203088323,0
2020-08-05,100065.69203088323,100065.69203088323,0
2020-08-06,100065.69203088323,100065.69203088323,0
2020-08-07,100065.69203088323,100065.69203088323,0
2020-08-10,100065.69203088323,100065.69203088323,0
2020-08-11,100065.69203088323,100065.69203088323,0
2020-08-12,100065.69203088323,100065.69203088323,0
2020-08-13,100065.69203088323,100065.69203088323,0
2020-08-14,100065.69203088323,100065.69203088323,0
2020-08-17,100065.69203088323,100065.69203088323,0
2020-08-18,100065.69203088323,100065.69203088323,0
2020-08-19,100065.69203088323,100065.69203088323,0
2020-08-20,100065.69203088323,100065.69203088323,0
2020-08-21,100065.69203088323,100065.69203088323,0
2020-08-24,100065.69203088323,100065.69203088323,0
2020-08-25,100065.69203088323,100065.69203088323,0
2020-08-26,100065.69203088323,100065.69203088323,0
2020-08-27,100065.69203088323,100065.69203088323,0
2020-08-28,100065.69203088323,100065.69203088323,0
2020-08-31,100065.69203088323,100065.69203088323,0
2020-09-01,100065.69203088323,100065.69203088323,0
2020-09-02,100065.69203088323,100065.69203088323,0
2020-09-03,100065.69203088323,100065.69203088323,0
2020-09-04,100065.69203088323,100065.69203088323,0
2020-09-08,100065.69203088323,100065.69203088323,0
2020-09-09,100065.69203088323,100065.69203088323,0
2020-09-10,100065.69203088323,100065.69203088323,0
2020-09-11,100065.69203088323,100065.69203088323,0
2020-09-14,100065.69203088323,100065.69203088323,0
2020-09-15,100065.69203088323,100065.69203088323,0
2020-09-16,100065.69203088323,100065.69203088323,0
2020-09-17,100065.69203088323,100065.69203088323,0
2020-09-18,100065.69203088323,100065.69203088323,0
2020-09-21,100065.69203088323,100065.69203088323,0
2020-09-22,100065.69203088323,100065.69203088323,0
2020-09-23,100065.69203088323,100065.69203088323,0
2020-09-24,100065.69203088323,100065.69203088323,0
2020-09-25,100065.69203088323,100065.69203088323,0
2020-09-28,100065.69203088323,100065.69203088323,0
2020-09-29,100065.69203088323,100065.69203088323,0
2020-09-30,100065.69203088323,100065.69203088323,0
2020-10-01,100065.69203088323,100065.69203088323,0
2020-10-02,100065.69203088323,100065.69203088323,0
2020-10-05,100065.69203088323,100065.69203088323,0
2020-10-06,100065.69203088323,100065.69203088323,0
2020-10-07,100065.69203088323,100065.69203088323,0
2020-10-08,100065.69203088323,100065.69203088323,0
2020-10-09,100065.69203088323,100065.69203088323,0
2020-10-12,100065.69203088323,100065.69203088323,0
2020-10-13,100065.69203088323,100065.69203088323,0
2020-10-14,100065.69203088323,100065.69203088323,0
2020-10-15,100065.69203088323,100065.69203088323,0
2020-10-16,100065.69203088323,100065.69203088323,0
2020-10-19,100065.69203088323,100065.69203088323,0
2020-10-20,100065.69203088323,100065.69203088323,0
2020-10-21,100065.69203088323,100065.69203088323,0
2020-10-22,100065.69203088323,100065.69203088323,0
2020-10-23,100065.69203088323,100065.69203088323,0
2020-10-26,100065.69203088323,100065.69203088323,0
2020-10-27,100065.69203088323,100065.69203088323,0
2020-10-28,100065.69203088323,100065.69203088323,0
2020-10-29,100065.69203088323,100065.69203088323,0
2020-10-30,100065.69203088323,100065.69203088323,0
2020-11-02,100065.69203088323,100065.69203088323,0
2020-11-03,100065.69203088323,100065.69203088323,0
2020-11-04,100065.69203088323,100065.69203088323,0
2020-11-05,100065.69203088323,100065.69203088323,0
2020-11-06,100065.69203088323,100065.69203088323,0
2020-11-09,100065.69203088323,100065.69203088323,0
2020-11-10,100065.69203088323,100065.69203088323,0
2020-11-11,100065.69203088323,100065.69203088323,0
2020-11-12,100065.69203088323,100065.69203088323,0
2020-11-13,100065.69203088323,100065.69203088323,0
2020-11-16,100065.69203088323,100065.69203088323,0
2020-11-17,100065.69203088323,100065.69203088323,0
2020-11-18,100065.69203088323,100065.69203088323,0
2020-11-19,100065.69203088323,100065.69203088323,0
2020-11-20,100065.69203088323,100065.69203088323,0
2020-11-23,100065.69203088323,100065.69203088323,0
2020-11-24,100065.69203088323,100065.69203088323,0
2020-11-25,100065.69203088323,100065.69203088323,0
2020-11-27,100065.69203088323,100065.69203088323,0
2020-11-30,100065.69203088323,100065.69203088323,0
2020-12-01,100065.69203088323,100065.69203088323,0
2020-12-02,100065.69203088323,100065.69203088323,0
2020-12-03,100065.69203088323,100065.69203088323,0
2020-12-04,100065.69203088323,100065.69203088323,0
2020-12-07,100065.69203088323,100065.69203088323,0
2020-12-08,100065.69203088323,100065.69203088323,0
2020-12-09,100065.69203088323,100065.69203088323,0
2020-12-10,100065.69203088323,100065.69203088323,0
2020-12-11,100065.69203088323,100065.69203088323,0
2020-12-14,100065.69203088323,100065.69203088323,0
2020-12-15,100065.69203088323,100065.69203088323,0
2020-12-16,100065.69203088323,100065.69203088323,0
2020-12-17,100065.69203088323,100065.69203088323,0
2020-12-18,100065.69203088323,100065.69203088323,0
2020-12-21,100065.69203088323,100065.69203088323,0
2020-12-22,100065.69203088323,100065.69203088323,0
2020-12-23,100065.69203088323,100065.69203088323,0
2020-12-24,100065.69203088323,100065.69203088323,0
2020-12-28,100065.69203088323,100065.69203088323,0
2020-12-29,100065.69203088323,100065.69203088323,0
2020-12-30,100065.69203088323,100065.69203088323,0
2020-12-31,100065.69203088323,100065.69203088323,0
2021-01-04,100065.69203088323,100065.69203088323,0
2021-01-05,100065.69203088323,100065.69203088323,0
2021-01-06,100065.69203088323,100065.69203088323,0
2021-01-07,100065.69203088323,100065.69203088323,0
2021-01-08,100065.69203088323,100065.69203088323,0
2021-01-11,100065.69203088323,100065.69203088323,0
2021-01-12,100065.69203088323,100065.69203088323,0
2021-01-13,100065.69203088323,100065.69203088323,0
2021-01-14,100065.69203088323,100065.69203088323,0
2021-01-15,100065.69203088323,100065.69203088323,0
2021-01-19,100065.69203088323,100065.69203088323,0
2021-01-20,100065.69203088323,100065.69203088323,0
2021-01-21,100065.69203088323,100065.69203088323,0
2021-01-22,100065.69203088323,100065.69203088323,0
2021-01-25,100065.69203088323,100065.69203088323,0
2021-01-26,100065.69203088323,100065.69203088323,0
2021-01-27,100065.69203088323,100065.69203088323,0
2021-01-28,100065.69203088323,100065.69203088323,0
2021-01-29,100065.69203088323,100065.69203088323,0
2021-02-01,100065.69203088323,100065.69203088323,0
2021-02-02,100065.69203088323,100065.69203088323,0
2021-02-03,100065.69203088323,100065.69203088323,0
2021-02-04,100065.69203088323,100065.69203088323,0
2021-02-05,100065.69203088323,100065.69203088323,0
2021-02-08,100065.69203088323,100065.69203088323,0
2021-02-09,100065.69203088323,100065.69203088323,0
2021-02-10,100065.69203088323,100065.69203088323,0
2021-02-11,100065.69203088323,100065.69203088323,0
2021-02-12,100065.69203088323,100065.69203088323,0
2021-02-16,100065.69203088323,100065.69203088323,0
2021-02-17,100065.69203088323,100065.69203088323,0
2021-02-18,100065.69203088323,100065.69203088323,0
2021-02-19,100065.69203088323,100065.69203088323,0
2021-02-22,100065.69203088323,100065.69203088323,0
2021-02-23,100065.69203088323,100065.69203088323,0
2021-02-24,100065.69203088323,100065.69203088323,0
2021-02-25,100065.69203088323,100065.69203088323,0
2021-02-26,100065.69203088323,100065.69203088323,0
2021-03-01,100065.69203088323,100065.69203088323,0
2021-03-02,100065.69203088323,100065.69203088323,0
2021-03-03,100065.69203088323,100065.69203088323,0
2021-03-04,100065.69203088323,100065.69203088323,0
2021-03-05,100065.69203088323,100065.69203088323,0
2021-03-08,100065.69203088323,100065.69203088323,0
2021-03-09,100065.69203088323,100065.69203088323,0
2021-03-10,100065.69203088323,100065.69203088323,0
2021-03-11,100065.69203088323,100065.69203088323,0
2021-03-12,100065.69203088323,100065.69203088323,0
2021-03-15,100065.69203088323,100065.69203088323,0
2021-03-16,100065.69203088323,100065.69203088323,0
2021-03-17,100065.69203088323,100065.69203088323,0
2021-03-18,100065.69203088323,100065.69203088323,0
2021-03-19,100065.69203088323,100065.69203088323,0
2021-03-22,100065.69203088323,100065.69203088323,0
2021-03-23,100065.69203088323,100065.69203088323,0
2021-03-24,100065.69203088323,100065.69203088323,0
2021-03-25,100065.69203088323,100065.69203088323,0
2021-03-26,100065.69203088323,100065.69203088323,0
2021-03-29,100065.69203088323,100065.69203088323,0
2021-03-30,100065.69203088323,100065.69203088323,0
2021-03-31,100065.69203088323,100065.69203088323,0
2021-04-01,100065.69203088323,100065.69203088323,0
2021-04-05,100065.69203088323,100065.69203088323,0
2021-04-06,100065.69203088323,100065.69203088323,0
2021-04-07,100065.69203088323,100065.69203088323,0
2021-04-08,100065.69203088323,100065.69203088323,0
2021-04-09,100065.69203088323,100065.69203088323,0
2021-04-12,100065.69203088323,100065.69203088323,0
2021-04-13,100065.69203088323,100065.69203088323,0
2021-04-14,100065.69203088323,100065.69203088323,0
2021-04-15,100065.69203088323,100065.69203088323,0
2021-04-16,100065.69203088323,100065.69203088323,0
2021-04-19,100065.69203088323,100065.69203088323,0
2021-04-20,100065.69203088323,100065.69203088323,0
2021-04-21,100065.69203088323,100065.69203088323,0
2021-04-22,100065.69203088323,100065.69203088323,0
2021-04-23,100065.69203088323,100065.69203088323,0
2021-04-26,100065.69203088323,100065.69203088323,0
2021-04-27,100065.69203088323,100065.69203088323,0
2021-04-28,100065.69203088323,100065.69203088323,0
2021-04-29,100065.69203088323,100065.69203088323,0
2021-04-30,100065.69203088323,100065.69203088323,0
2021-05-03,100065.69203088323,100065.69203088323,0
2021-05-04,100065.69203088323,100065.69203088323,0
2021-05-05,100065.69203088323,100065.69203088323,0
2021-05-06,100065.69203088323,100065.69203088323,0
2021-05-07,100065.69203088323,100065.69203088323,0
2021-05-10,100065.69203088323,100065.69203088323,0
2021-05-11,100065.69203088323,100065.69203088323,0
2021-05-12,100065.69203088323,100065.69203088323,0
2021-05-13,100065.69203088323,100065.69203088323,0
2021-05-14,100065.69203088323,100065.69203088323,0
2021-05-17,100065.69203088323,100065.69203088323,0
2021-05-18,100065.69203088323,100065.69203088323,0
2021-05-19,100065.69203088323,100065.69203088323,0
2021-05-20,100065.69203088323,100065.69203088323,0
2021-05-21,100065.69203088323,100065.69203088323,0
2021-05-24,100065.69203088323,100065.69203088323,0
2021-05-25,100065.69203088323,100065.69203088323,0
2021-05-26,100065.69203088323,100065.69203088323,0
2021-05-27,100065.69203088323,100065.69203088323,0
2021-05-28,100065.69203088323,100065.69203088323,0
2021-06-01,100065.69203088323,100065.69203088323,0
2021-06-02,100065.69203088323,100065.69203088323,0
2021-06-03,100065.69203088323,100065.69203088323,0
2021-06-04,100065.69203088323,100065.69203088323,0
2021-06-07,100065.69203088323,100065.69203088323,0
2021-06-08,100065.69203088323,100065.69203088323,0
2021-06-09,100065.69203088323,100065.69203088323,0
2021-06-10,100065.69203088323,100065.69203088323,0
2021-06-11,100065.69203088323,100065.69203088323,0
2021-06-14,100065.69203088323,100065.69203088323,0
2021-06-15,100065.69203088323,100065.69203088323,0
2021-06-16,100065.69203088323,100065.69203088323,0
2021-06-17,100065.69203088323,100065.69203088323,0
2021-06-18,100065.69203088323,100065.69203088323,0
2021-06-21,100065.69203088323,100065.69203088323,0
2021-06-22,100065.69203088323,100065.69203088323,0
2021-06-23,100065.69203088323,100065.69203088323,0
2021-06-24,100065.69203088323,100065.69203088323,0
2021-06-25,100065.69203088323,100065.69203088323,0
2021-06-28,100065.69203088323,100065.69203088323,0
2021-06-29,100065.69203088323,100065.69203088323,0
2021-06-30,100065.69203088323,100065.69203088323,0
2021-07-01,100065.69203088323,100065.69203088323,0
2021-07-02,100065.69203088323,100065.69203088323,0
2021-07-06,100065.69203088323,100065.69203088323,0
2021-07-07,100065.69203088323,100065.69203088323,0
2021-07-08,100065.69203088323,100065.69203088323,0
2021-07-09,100065.69203088323,100065.69203088323,0
2021-07-12,100065.69203088323,100065.69203088323,0
2021-07-13,100065.69203088323,100065.69203088323,0
2021-07-14,100065.69203088323,100065.69203088323,0
2021-07-15,100065.69203088323,100065.69203088323,0
2021-07-16,100065.69203088323,100065.69203088323,0
2021-07-19,100065.69203088323,100065.69203088323,0
2021-07-20,100065.69203088323,100065.69203088323,0
2021-07-21,100065.69203088323,100065.69203088323,0
2021-07-22,100065.69203088323,100065.69203088323,0
2021-07-23,100065.69203088323,100065.69203088323,0
2021-07-26,100065.69203088323,100065.69203088323,0
2021-07-27,100065.69203088323,100065.69203088323,0
2021-07-28,100065.69203088323,100065.69203088323,0
2021-07-29,100065.69203088323,100065.69203088323,0
2021-07-30,100065.69203088323,100065.69203088323,0
2021-08-02,100065.69203088323,100065.69203088323,0
2021-08-03,100065.69203088323,100065.69203088323,0
2021-08-04,100065.69203088323,100065.69203088323,0
2021-08-05,100065.69203088323,100065.69203088323,0
2021-08-06,100065.69203088323,100065.69203088323,0
2021-08-09,100065.69203088323,100065.69203088323,0
2021-08-10,100065.69203088323,100065.69203088323,0
2021-08-11,100065.69203088323,100065.69203088323,0
2021-08-12,100065.69203088323,100065.69203088323,0
2021-08-13,100065.69203088323,100065.69203088323,0
2021-08-16,100065.69203088323,100065.69203088323,0
2021-08-17,100065.69203088323,100065.69203088323,0
2021-08-18,100065.69203088323,100065.69203088323,0
2021-08-19,100065.69203088323,100065.69203088323,0
2021-08-20,100065.69203088323,100065.69203088323,0
2021-08-23,100065.69203088323,100065.69203088323,0
2021-08-24,100065.69203088323,100065.69203088323,0
2021-08-25,100065.69203088323,100065.69203088323,0
2021-08-26,100065.69203088323,100065.69203088323,0
2021-08-27,100065.69203088323,100065.69203088323,0
2021-08-30,100065.69203088323,100065.69203088323,0
2021-08-31,100065.69203088323,100065.69203088323,0
2021-09-01,100065.69203088323,100065.69203088323,0
2021-09-02,100065.69203088323,100065.69203088323,0
2021-09-03,100065.69203088323,100065.69203088323,0
2021-09-07,100065.69203088323,100065.69203088323,0
2021-09-08,100065.69203088323,100065.69203088323,0
2021-09-09,100065.69203088323,100065.69203088323,0
2021-09-10,100065.69203088323,100065.69203088323,0
2021-09-13,100065.69203088323,100065.69203088323,0
2021-09-14,100065.69203088323,100065.69203088323,0
2021-09-15,100065.69203088323,100065.69203088323,0
2021-09-16,100065.69203088323,100065.69203088323,0
2021-09-17,100065.69203088323,100065.69203088323,0
2021-09-20,100065.69203088323,100065.69203088323,0
2021-09-21,100065.69203088323,100065.69203088323,0
2021-09-22,100065.69203088323,100065.69203088323,0
2021-09-23,100065.69203088323,100065.69203088323,0
2021-09-24,100065.69203088323,100065.69203088323,0
2021-09-27,100065.69203088323,100065.69203088323,0
2021-09-28,100065.69203088323,100065.69203088323,0
2021-09-29,100065.69203088323,100065.69203088323,0
2021-09-30,100065.69203088323,100065.69203088323,0
2021-10-01,100065.69203088323,100065.69203088323,0
2021-10-04,100065.69203088323,100065.69203088323,0
2021-10-05,100065.69203088323,100065.69203088323,0
2021-10-06,100065.69203088323,100065.69203088323,0
2021-10-07,100065.69203088323,100065.69203088323,0
2021-10-08,100065.69203088323,100065.69203088323,0
2021-10-11,100065.69203088323,100065.69203088323,0
2021-10-12,100065.69203088323,100065.69203088323,0
2021-10-13,100065.69203088323,100065.69203088323,0
2021-10-14,100065.69203088323,100065.69203088323,0
2021-10-15,100065.69203088323,100065.69203088323,0
2021-10-18,100065.69203088323,100065.69203088323,0
2021-10-19,100065.69203088323,100065.69203088323,0
2021-10-20,100065.69203088323,100065.69203088323,0
2021-10-21,100065.69203088323,100065.69203088323,0
2021-10-22,100065.69203088323,100065.69203088323,0
2021-10-25,100065.69203088323,100065.69203088323,0
2021-10-26,100065.69203088323,100065.69203088323,0
2021-10-27,100065.69203088323,100065.69203088323,0
2021-10-28,100065.69203088323,100065.69203088323,0
2021-10-29,100065.69203088323,100065.69203088323,0
2021-11-01,100065.69203088323,100065.69203088323,0
2021-11-02,100065.69203088323,100065.69203088323,0
2021-11-03,100065.69203088323,100065.69203088323,0
2021-11-04,100065.69203088323,100065.69203088323,0
2021-11-05,100065.69203088323,100065.69203088323,0
2021-11-08,100065.69203088323,100065.69203088323,0
2021-11-09,100065.69203088323,100065.69203088323,0
2021-11-10,100065.69203088323,100065.69203088323,0
2021-11-11,100065.69203088323,100065.69203088323,0
2021-11-12,100065.69203088323,100065.69203088323,0
2021-11-15,100065.69203088323,100065.69203088323,0
2021-11-16,100065.69203088323,100065.69203088323,0
2021-11-17,100065.69203088323,100065.69203088323,0
2021-11-18,100065.69203088323,100065.69203088323,0
2021-11-19,100065.69203088323,100065.69203088323,0
2021-11-22,100065.69203088323,100065.69203088323,0
2021-11-23,100065.69203088323,100065.69203088323,0
2021-11-24,100065.69203088323,100065.69203088323,0
2021-11-26,100065.69203088323,100065.69203088323,0
2021-11-29,100065.69203088323,100065.69203088323,0
2021-11-30,100065.69203088323,100065.69203088323,0
2021-12-01,100065.69203088323,100065.69203088323,0
2021-12-02,100065.69203088323,100065.69203088323,0
2021-12-03,100065.69203088323,100065.69203088323,0
2021-12-06,100065.69203088323,100065.69203088323,0
2021-12-07,100065.69203088323,100065.69203088323,0
2021-12-08,100065.69203088323,100065.69203088323,0
2021-12-09,100065.69203088323,100065.69203088323,0
2021-12-10,100065.69203088323,100065.69203088323,0
2021-12-13,100065.69203088323,100065.69203088323,0
2021-12-14,100065.69203088323,100065.69203088323,0
2021-12-15,100065.69203088323,100065.69203088323,0
2021-12-16,100065.69203088323,100065.69203088323,0
2021-12-17,100065.69203088323,100065.69203088323,0
2021-12-20,100065.69203088323,100065.69203088323,0
2021-12-21,100065.69203088323,100065.69203088323,0
2021-12-22,100065.69203088323,100065.69203088323,0
2021-12-23,100065.69203088323,100065.69203088323,0
2021-12-27,100065.69203088323,100065.69203088323,0
2021-12-28,100065.69203088323,100065.69203088323,0
2021-12-29,100065.69203088323,100065.69203088323,0
2021-12-30,100065.69203088323,100065.69203088323,0
2021-12-31,100065.69203088323,100065.69203088323,0
2022-01-03,100065.69203088323,100065.69203088323,0
2022-01-04,100065.69203088323,100065.69203088323,0
2022-01-05,100065.69203088323,100065.69203088323,0
2022-01-06,100065.69203088323,100065.69203088323,0
2022-01-07,100065.69203088323,100065.69203088323,0
2022-01-10,100065.69203088323,100065.69203088323,0
2022-01-11,100065.69203088323,100065.69203088323,0
2022-01-12,100065.69203088323,100065.69203088323,0
2022-01-13,100065.69203088323,100065.69203088323,0
2022-01-14,100065.69203088323,100065.69203088323,0
2022-01-18,99948.49195611486,41377.739947922186,58570.75200819267
2022-01-19,99467.91933422323,41377.739947922186,58090.179386301046
2022-01-20,98511.91390457786,41377.739947922186,57134.17395665567
2022-01-21,97472.38649519197,41377.739947922186,56094.64654726978
2022-01-24,97424.84321441659,41377.739947922186,56047.10326649441
2022-01-25,97092.04024898895,41377.739947922186,55714.300301066774
2022-01-26,97009.80322278291,41377.739947922186,55632.063274860724
2022-01-27,97059.91641062722,41377.739947922186,55682.176462705036
2022-01-28,98211.23477751197,41377.739947922186,56833.49482958979
2022-01-31,99067.01383146872,41377.739947922186,57689.273883546535
2022-02-01,99857.26025516752,41377.739947922186,58479.52030724533
2022-02-02,99546.30149982587,41377.739947922186,58168.56155190369
2022-02-03,99366.40800500014,41377.739947922186,57988.66805707795
2022-02-04,99028.46522543463,41377.739947922186,57650.72527751245
2022-02-07,98960.36268810774,41377.739947922186,57582.62274018556
2022-02-08,99403.67165749974,41377.739947922186,58025.93170957756
2022-02-09,100071.84749542394,41377.739947922186,58694.10754750175
2022-02-10,98879.41061543615,41377.739947922186,57501.67066751397
2022-02-11,97979.94314130745,41377.739947922186,56602.20319338526
2022-02-14,97837.31329898132,41377.739947922186,56459.57335105914
2022-02-15,98518.3386722502,41377.739947922186,57140.59872432802
2022-02-16,98663.53842164527,41377.739947922186,57285.79847372309
2022-02-17,97553.33856786354,41377.739947922186,56175.59861994136
2022-02-18,96916.00161476663,41377.739947922186,55538.26166684445
2022-02-22,96905.72198649088,41377.739947922186,55527.98203856869
2022-02-23,95198.0187391808,41377.739947922186,53820.27879125861
2022-02-24,96105.19593451632,41377.739947922186,54727.45598659414
2022-02-25,97620.15615165597,41377.739947922186,56242.41620373378
2022-02-28,97477.52630932984,41377.739947922186,56099.786361407656
2022-03-01,96836.33449562952,41377.739947922186,55458.59454770733
2022-03-02,97566.18810320823,41377.739947922186,56188.44815528605
2022-03-03,96529.23060089129,41377.739947922186,55151.4906529691
2022-03-04,96795.21598252648,41377.739947922186,55417.476034604304
2022-03-07,95222.43285633571,41377.739947922186,53844.69290841353
2022-03-08,95018.12524435506,41377.739947922186,53640.38529643287
2022-03-09,96276.09475460078,41377.739947922186,54898.354806678595
2022-03-10,95994.68993055195,41377.739947922186,54616.949982629754
2022-03-11,95339.36362797246,41377.739947922186,53961.62368005027
2022-03-14,95074.66319987172,41377.739947922186,53696.92325194953
2022-03-15,96039.66330425837,41377.739947922186,54661.923356336185
2022-03-16,97433.83788915788,41377.739947922186,56056.09794123569
2022-03-17,97724.237387948,41377.739947922186,56346.497440025814
2022-03-18,98621.13495500777,41377.739947922186,57243.395007085586
2022-03-21,98391.12827233772,41377.739947922186,57013.38832441553
2022-03-22,99210.92862732931,41377.739947922186,57833.188679407125
2022-03-23,98473.36529854377,41377.739947922186,57095.62535062158
2022-03-24,99114.5558568445,99114.5558568445,0
2022-03-25,99114.5558568445,99114.5558568445,0
2022-03-28,99114.5558568445,99114.5558568445,0
2022-03-29,99114.5558568445,99114.5558568445,0
2022-03-30,99114.5558568445,99114.5558568445,0
2022-03-31,99114.5558568445,99114.5558568445,0
2022-04-01,99114.5558568445,99114.5558568445,0
2022-04-04,99114.5558568445,99114.5558568445,0
2022-04-05,99114.5558568445,99114.5558568445,0
2022-04-06,99114.5558568445,99114.5558568445,0
2022-04-07,99114.5558568445,99114.5558568445,0
2022-04-08,99114.5558568445,99114.5558568445,0
2022-04-11,99114.5558568445,99114.5558568445,0
2022-04-12,99114.5558568445,99114.5558568445,0
2022-04-13,99114.5558568445,99114.5558568445,0
2022-04-14,99114.5558568445,99114.5558568445,0
2022-04-18,99114.5558568445,99114.5558568445,0
2022-04-19,99114.5558568445,99114.5558568445,0
2022-04-20,99114.5558568445,99114.5558568445,0
2022-04-21,99114.5558568445,99114.5558568445,0
2022-04-22,98995.59305468755,39543.91781381942,59451.67524086812
2022-04-25,99579.97767094386,39543.91781381942,60036.05985712444
2022-04-26,97926.32336115379,39543.91781381942,58382.40554733437
2022-04-27,98482.67993826112,39543.91781381942,58938.7621244417
2022-04-28,98950.74819204917,39543.91781381942,59406.83037822975
2022-04-29,97470.86772498279,39543.91781381942,57926.94991116338
2022-05-02,97577.37427374892,39543.91781381942,58033.45645992951
2022-05-03,97971.16822379216,39543.91781381942,58427.250409972745
2022-05-04,99546.34402396508,39543.91781381942,60002.42621014566
2022-05-05,97594.19109723833,39543.91781381942,58050.27328341891
2022-05-06,97099.49620625874,39543.91781381942,57555.578392439325
2022-05-09,95525.72180804328,39543.91781381942,55981.80399422386
2022-05-10,95412.2082494899,39543.91781381942,55868.290435670475
2022-05-11,94738.13390795683,39543.91781381942,55194.2160941374
2022-05-12,94738.13390795683,39543.91781381942,55194.2160941374
2022-05-13,95824.22042497995,39543.91781381942,56280.30261116054
2022-05-16,95658.85499400095,39543.91781381942,56114.937180181536
2022-05-17,96747.74431493899,39543.91781381942,57203.826501119576
2022-05-18,94129.92545842385,39543.91781381942,54586.00764460444
2022-05-19,94271.46705612622,39543.91781381942,54727.549242306806
2022-05-20,94285.48107570072,39543.91781381942,54741.5632618813
2022-05-23,94829.22503519102,39543.91781381942,55285.3072213716
2022-05-24,94979.17504463808,39543.91781381942,55435.257230818665
2022-05-25,95136.13206387238,39543.91781381942,55592.21425005297
2022-05-26,96359.55597272556,39543.91781381942,56815.63815890614
2022-05-27,97940.33738072828,39543.91781381942,58396.41956690886
2022-05-31,97641.8387637916,39543.91781381942,58097.92094997218
2022-06-01,96785.58216779013,39543.91781381942,57241.6643539707
2022-06-02,98122.51963519667,39543.91781381942,58578.601821377255
2022-06-03,97043.44012796078,39543.91781381942,57499.522314141366
2022-06-06,97267.66444115265,39543.91781381942,57723.74662733323
2022-06-07,97639.0359598767,39543.91781381942,58095.11814605728
2022-06-08,97225.62238242918,39543.91781381942,57681.70456860976
2022-06-09,95894.29052285242,39543.91781381942,56350.37270903301
2022-06-10,94239.23481110489,39543.91781381942,54695.31699728548
2022-06-13,92242.23702173977,39543.91781381942,52698.31920792035
2022-06-14,92188.98374735669,39543.91781381942,52645.06593353728
2022-06-15,93036.83193161347,39543.91781381942,53492.91411779405
2022-06-16,91069.26358335477,39543.91781381942,51525.34576953535
2022-06-17,90881.47572105657,39543.91781381942,51337.557907237155
2022-06-21,92050.24495356923,39543.91781381942,52506.3271397498
2022-06-22,91769.96456207937,39543.91781381942,52226.04674825996
2022-06-23,92344.53936463356,39543.91781381942,52800.62155081413
2022-06-24,94146.74228191325,39543.91781381942,54602.82446809383
2022-06-27,94071.06657621099,39543.91781381942,54527.14876239157
2022-06-28,92965.36043178356,39543.91781381942,53421.44261796414
2022-06-29,92802.79780471945,39543.91781381942,53258.87999090004
2022-06-30,92428.62348208051,39543.91781381942,52884.70566826109
2022-07-01,92947.14220633672,39543.91781381942,53403.2243925173
2022-07-05,92930.32538284732,39543.91781381942,53386.407569027906
2022-07-06,93298.89409765648,39543.91781381942,53754.97628383705
2022-07-07,93940.73619416822,39543.91781381942,54396.8183803488
2022-07-08,94015.01049791303,39543.91781381942,54471.0926840936
2022-07-11,93475.47074429507,39543.91781381942,53931.55293047565
2022-07-12,92886.8819221664,39543.91781381942,53342.96410834698
2022-07-13,92298.29310003773,39543.91781381942,52754.37528621831
2022-07-14,92735.53051076189,39543.91781381942,53191.612696942466
2022-07-15,93525.92121476325,39543.91781381942,53982.003400943824
2022-07-18,93219.01418608185,39543.91781381942,53675.096372262444
2022-07-19,94619.01474157363,39543.91781381942,55075.09692775422
2022-07-20,94788.58437842499,39543.91781381942,55244.66656460557
2022-07-21,95180.97692651078,39543.91781381942,55637.05911269135
2022-07-22,94815.21101561651,39543.91781381942,55271.2932017971
2022-07-25,94788.58437842499,39543.91781381942,55244.66656460557
2022-07-26,94767.56334906325,39543.91781381942,55223.645535243835
2022-07-27,95670.06620966055,39543.91781381942,56126.148395841126
2022-07-28,96764.56113842838,39543.91781381942,57220.643324608965
2022-07-29,97206.00275502488,39543.91781381942,57662.08494120547
2022-08-01,97019.61629468415,39543.91781381942,57475.698480864725
2022-08-02,96743.54010906664,39543.91781381942,57199.62229524723
2022-08-03,97528.32520523822,39543.91781381942,57984.40739141879
2022-08-04,97594.19109723833,39543.91781381942,58050.27328341891
2022-08-05,97414.81164668483,39543.91781381942,57870.893832865404
2022-08-08,97580.17707766383,39543.91781381942,58036.25926384441
2022-08-09,97252.2490196207,39543.91781381942,57708.331205801296
2022-08-10,98414.01124234611,39543.91781381942,58870.09342852669
2022-08-11,98458.85610498449,39543.91781381942,58914.93829116507
2022-08-12,99290.73492014219,99290.73492014219,0
2022-08-15,99290.73492014219,99290.73492014219,0
2022-08-16,99290.73492014219,99290.73492014219,0
2022-08-17,99290.73492014219,99290.73492014219,0
2022-08-18,99290.73492014219,99290.73492014219,0
2022-08-19,99290.73492014219,99290.73492014219,0
2022-08-22,99290.73492014219,99290.73492014219,0
2022-08-23,99290.73492014219,99290.73492014219,0
2022-08-24,99290.73492014219,99290.73492014219,0
2022-08-25,99290.73492014219,99290.73492014219,0
2022-08-26,99171.85673467256,39762.46869387524,59409.38804079733
2022-08-29,99130.67171696664,39762.46869387524,59368.2030230914
2022-08-30,98354.03995451205,39762.46869387524,58591.5712606368
2022-08-31,97595.05891393143,39762.46869387524,57832.59022005619
2022-09-01,98098.10448733953,39762.46869387524,58335.63579346428
2022-09-02,97533.28138737254,39762.46869387524,57770.8126934973
2022-09-06,97180.26694989318,39762.46869387524,57417.79825601794
2022-09-07,98224.60132743628,39762.46869387524,58462.13263356104
2022-09-08,98711.4670724599,39762.46869387524,58948.99837858466
2022-09-09,99510.16223725695,39762.46869387524,59747.69354338171
2022-09-12,100272.08506481658,39762.46869387524,60509.61637094133
2022-09-13,97702.43413866474,39762.46869387524,57939.96544478949
2022-09-14,97909.83012068385,39762.46869387524,58147.36142680862
2022-09-15,96784.59660121839,39762.46869387524,57022.12790734316
2022-09-16,96744.88247700196,39762.46869387524,56982.41378312672
2022-09-19,97093.48423401284,39762.46869387524,57331.015540137596
2022-09-20,96294.78906921578,39762.46869387524,56532.32037534054
2022-09-21,94935.68348492024,39762.46869387524,55173.21479104501
2022-09-22,94920.97455002528,39762.46869387524,55158.505856150034
2022-09-23,93926.65055112509,39762.46869387524,54164.18185724984
2022-09-26,93464.7899954229,39762.46869387524,53702.32130154767
2022-09-27,93239.74329152983,39762.46869387524,53477.27459765458
2022-09-28,94185.52780527661,39762.46869387524,54423.059111401366
2022-09-29,93333.88047485765,39762.46869387524,53571.41178098241
2022-09-30,92402.80489600584,39762.46869387524,52640.336202130595
2022-10-03,93845.75140920273,39762.46869387524,54083.28271532748
2022-10-04,95222.50771537222,39762.46869387524,55460.03902149699
2022-10-05,95449.02531275482,39762.46869387524,55686.55661887957
2022-10-06,94507.65347947652,39762.46869387524,54745.18478560128
2022-10-07,93001.45854623125,39762.46869387524,53238.98985235601
2022-10-10,92847.01472983403,39762.46869387524,53084.54603595879
2022-10-11,92455.75706162775,39762.46869387524,52693.2883677525
2022-10-12,92358.67809132091,39762.46869387524,52596.20939744567
2022-10-13,93555.98539177176,39762.46869387524,53793.51669789651
2022-10-14,92214.53052935019,39762.46869387524,52452.06183547494
2022-10-17,94153.16814850766,39762.46869387524,54390.69945463242
2022-10-18,94788.59413597052,39762.46869387524,55026.125442095276
2022-10-19,93816.33353941278,39762.46869387524,54053.86484553754
2022-10-20,93322.11332694168,39762.46869387524,53559.64463306643
2022-10-21,94987.16475705265,39762.46869387524,55224.69606317741
2022-10-24,95488.73943697126,39762.46869387524,55726.27074309601
2022-10-25,95825.57404606613,39762.46869387524,56063.10535219089
2022-10-26,96224.18618171991,39762.46869387524,56461.717487844675
2022-10-27,95288.69792239962,39762.46869387524,55526.22922852437
2022-10-28,97156.73265406123,39762.46869387524,57394.26396018598
2022-10-31,96655.15797414264,39762.46869387524,56892.68928026739
2022-11-01,96316.85247155825,39762.46869387524,56554.383777683004
2022-11-02,94785.65234899151,39762.46869387524,55023.18365511628
2022-11-03,94247.3053318355,39762.46869387524,54484.83663796026
2022-11-04,95068.063898975,39762.46869387524,55305.595205099766
2022-11-07,95778.50545440221,39762.46869387524,56016.03676052698
2022-11-08,95921.18212288347,39762.46869387524,56158.713429008225
2022-11-09,94893.02757372483,39762.46869387524,55130.55887984958
2022-11-10,97905.41744021536,39762.46869387524,58142.948746340124
2022-11-11,98261.87060751003,98261.87060751003,0
2022-11-14,98261.87060751003,98261.87060751003,0
2022-11-15,98261.87060751003,98261.87060751003,0
2022-11-16,98261.87060751003,98261.87060751003,0
2022-11-17,98261.87060751003,98261.87060751003,0
2022-11-18,98261.87060751003,98261.87060751003,0
2022-11-21,98261.87060751003,98261.87060751003,0
2022-11-22,98261.87060751003,98261.87060751003,0
2022-11-23,98261.87060751003,98261.87060751003,0
2022-11-25,98261.87060751003,98261.87060751003,0
2022-11-28,98261.87060751003,98261.87060751003,0
2022-11-29,98261.87060751003,98261.87060751003,0
2022-11-30,98261.87060751003,98261.87060751003,0
2022-12-01,98261.87060751003,98261.87060751003,0
2022-12-02,98261.87060751003,98261.87060751003,0
2022-12-05,98261.87060751003,98261.87060751003,0
2022-12-06,98261.87060751003,98261.87060751003,0
2022-12-07,98261.87060751003,98261.87060751003,0
2022-12-08,98261.87060751003,98261.87060751003,0
2022-12-09,98261.87060751003,98261.87060751003,0
2022-12-12,98261.87060751003,98261.87060751003,0
2022-12-13,98261.87060751003,98261.87060751003,0
2022-12-14,98261.87060751003,98261.87060751003,0
2022-12-15,98261.87060751003,98261.87060751003,0
2022-12-16,98261.87060751003,98261.87060751003,0
2022-12-19,98261.87060751003,98261.87060751003,0
2022-12-20,98261.87060751003,98261.87060751003,0
2022-12-21,98261.87060751003,98261.87060751003,0
2022-12-22,98261.87060751003,98261.87060751003,0
2022-12-23,98261.87060751003,98261.87060751003,0
2022-12-27,98261.87060751003,98261.87060751003,0
2022-12-28,98261.87060751003,98261.87060751003,0
2022-12-29,98261.87060751003,98261.87060751003,0
2022-12-30,98261.87060751003,98261.87060751003,0
2023-01-03,98261.87060751003,98261.87060751003,0
2023-01-04,98261.87060751003,98261.87060751003,0
2023-01-05,98261.87060751003,98261.87060751003,0
2023-01-06,98261.87060751003,98261.87060751003,0
2023-01-09,98261.87060751003,98261.87060751003,0
2023-01-10,98261.87060751003,98261.87060751003,0
2023-01-11,98261.87060751003,98261.87060751003,0
2023-01-12,98261.87060751003,98261.87060751003,0
2023-01-13,98261.87060751003,98261.87060751003,0
2023-01-17,98261.87060751003,98261.87060751003,0
2023-01-18,98261.87060751003,98261.87060751003,0
2023-01-19,98261.87060751003,98261.87060751003,0
2023-01-20,98261.87060751003,98261.87060751003,0
2023-01-23,98261.87060751003,98261.87060751003,0
2023-01-24,98261.87060751003,98261.87060751003,0
2023-01-25,98261.87060751003,98261.87060751003,0
2023-01-26,98261.87060751003,98261.87060751003,0
2023-01-27,98261.87060751003,98261.87060751003,0
2023-01-30,98261.87060751003,98261.87060751003,0
2023-01-31,98261.87060751003,98261.87060751003,0
2023-02-01,98261.87060751003,98261.87060751003,0
2023-02-02,98261.87060751003,98261.87060751003,0
2023-02-03,98261.87060751003,98261.87060751003,0
2023-02-06,98261.87060751003,98261.87060751003,0
2023-02-07,98261.87060751003,98261.87060751003,0
2023-02-08,98261.87060751003,98261.87060751003,0
2023-02-09,98261.87060751003,98261.87060751003,0
2023-02-10,98261.87060751003,98261.87060751003,0
2023-02-13,98261.87060751003,98261.87060751003,0
2023-02-14,98261.87060751003,98261.87060751003,0
2023-02-15,98261.87060751003,98261.87060751003,0
2023-02-16,98261.87060751003,98261.87060751003,0
2023-02-17,98261.87060751003,98261.87060751003,0
2023-02-21,98261.87060751003,98261.87060751003,0
2023-02-22,98261.87060751003,98261.87060751003,0
2023-02-23,98261.87060751003,98261.87060751003,0
2023-02-24,98261.87060751003,98261.87060751003,0
2023-02-27,98261.87060751003,98261.87060751003,0
2023-02-28,98261.87060751003,98261.87060751003,0
2023-03-01,98261.87060751003,98261.87060751003,0
2023-03-02,98261.87060751003,98261.87060751003,0
2023-03-03,98261.87060751003,98261.87060751003,0
2023-03-06,98261.87060751003,98261.87060751003,0
2023-03-07,98261.87060751003,98261.87060751003,0
2023-03-08,98261.87060751003,98261.87060751003,0
2023-03-09,98148.05687412366,41269.629394671945,56878.42747945172
2023-03-10,97703.36382905347,41269.629394671945,56433.734434381535
2023-03-13,97509.44850120321,41269.629394671945,56239.819106531264
2023-03-14,98369.67439166683,41269.629394671945,57100.04499699489
2023-03-15,97954.14154627337,41269.629394671945,56684.51215160143
2023-03-16,99009.74077457111,41269.629394671945,57740.11137989917
2023-03-17,98292.39986252348,41269.629394671945,57022.770467851544
2023-03-20,98668.56643835334,41269.629394671945,57398.9370436814
2023-03-21,99428.18963993224,41269.629394671945,58158.5602452603
2023-03-22,98534.42951984037,41269.629394671945,57264.800125168425
2023-03-23,98702.10066798159,41269.629394671945,57432.471273309646
2023-03-24,99073.89321385993,41269.629394671945,57804.26381918799
2023-03-27,99154.08376297096,41269.629394671945,57884.454368299004
2023-03-28,99095.76336361749,41269.629394671945,57826.13396894554
2023-03-29,99721.2496466834,41269.629394671945,58451.62025201146
2023-03-30,100205.30896131718,41269.629394671945,58935.67956664524
2023-03-31,101013.04649236269,41269.629394671945,59743.41709769074
2023-04-03,101132.6033110373,41269.629394671945,59862.97391636534
2023-04-04,100915.35982344563,41269.629394671945,59645.730428773684
2023-04-05,100651.46001637119,41269.629394671945,59381.83062169925
2023-04-06,100867.24549397902,41269.629394671945,59597.61609930707
2023-04-10,101074.28291168383,41269.629394671945,59804.65351701188
2023-04-11,101039.29067207174,41269.629394671945,59769.6612773998
2023-04-12,100639.79593650051,41269.629394671945,59370.166541828556
2023-04-13,101507.31187688331,41269.629394671945,60237.68248221136
2023-04-14,101507.31187688331,41269.629394671945,60237.68248221136
2023-04-17,101613.74660570339,41269.629394671945,60344.117211031444
2023-04-18,101616.66262567106,41269.629394671945,60347.03323099911
2023-04-19,101476.69366722275,41269.629394671945,60207.06427255079
2023-04-20,101303.19047914617,41269.629394671945,60033.56108447423
2023-04-21,101349.84679862895,41269.629394671945,60080.21740395701
2023-04-24,101376.090978338,41269.629394671945,60106.46158366607
2023-04-25,100741.85663536907,41269.629394671945,59472.22724069712
2023-04-26,100380.27015937757,41269.629394671945,59110.64076470563
2023-04-27,101319.22858896838,41269.629394671945,60049.59919429644
2023-04-28,101947.63089200198,41269.629394671945,60678.001497330035
2023-05-01,101777.04372389309,41269.629394671945,60507.414329221145
2023-05-02,101193.83973035842,41269.629394671945,59924.21033568648
2023-05-03,100550.85732748646,41269.629394671945,59281.227932814516
2023-05-04,100501.28498803603,41269.629394671945,59231.65559336408
2023-05-05,101368.80092841883,41269.629394671945,60099.171533746885
2023-05-08,101418.37326786928,41269.629394671945,60148.74387319733
2023-05-09,101244.87007979272,41269.629394671945,59975.24068512077
2023-05-10,101532.09804660853,41269.629394671945,60262.468651936586
2023-05-11,101397.96112809556,41269.629394671945,60128.33173342361
2023-05-12,101160.30550073019,41269.629394671945,59890.67610605824
2023-05-15,101421.28928783696,41269.629394671945,60151.65989316501
2023-05-16,101169.05356063321,41269.629394671945,59899.42416596126
2023-05-17,101772.66969394159,41269.629394671945,60503.04029926964
2023-05-18,102491.46861597305,41269.629394671945,61221.8392213011
2023-05-19,102301.92731807429,41269.629394671945,61032.297923402344
2023-05-22,102494.38463594072,41269.629394671945,61224.75524126878
2023-05-23,101737.6774543295,41269.629394671945,60468.04805965756
2023-05-24,101470.86162728739,41269.629394671945,60201.232232615446
2023-05-25,101619.57864563874,41269.629394671945,60349.94925096679
2023-05-26,102577.49120501941,41269.629394671945,61307.86181034747
2023-05-30,102552.7050352942,41269.629394671945,61283.07564062225
2023-05-31,102274.2251283814,41269.629394671945,61004.59573370945
2023-06-01,102797.65071257876,41269.629394671945,61528.02131790681
2023-06-02,103676.83073283226,41269.629394671945,62407.2013381603
2023-06-05,103474.16734507895,41269.629394671945,62204.53795040701
2023-06-06,103742.4411821049,41269.629394671945,62472.81178743296
2023-06-07,103471.25132511128,41269.629394671945,62201.62193043934
2023-06-08,103794.92954152302,41269.629394671945,62525.30014685107
2023-06-09,103968.43272959959,41269.629394671945,62698.80333492764
2023-06-12,104532.68259334436,41269.629394671945,63263.05319867242
2023-06-13,104951.1314587055,41269.629394671945,63681.50206403354
2023-06-14,105019.65792794581,41269.629394671945,63750.02853327387
2023-06-15,105700.54859039754,41269.629394671945,64430.91919572559
2023-06-16,105356.45823421207,41269.629394671945,64086.82883954013
2023-06-20,105041.52807770336,41269.629394671945,63771.89868303142
2023-06-21,104693.0636915664,41269.629394671945,63423.434296894455
2023-06-22,104923.42926901259,41269.629394671945,63653.79987434064
2023-06-23,104362.09542523549,41269.629394671945,63092.46603056354
2023-06-26,104287.73691605982,41269.629394671945,63018.10752138787
2023-06-27,104758.67414083905,41269.629394671945,63489.04474616711
2023-06-28,104977.37563841455,41269.629394671945,63707.7462437426
2023-06-29,105171.29096626482,41269.629394671945,63901.66157159287
2023-06-30,105831.76948894284,41269.629394671945,64562.140094270886
2023-07-03,105997.9826271002,41269.629394671945,64728.35323242826
2023-07-05,105834.68550891051,41269.629394671945,64565.056114238556
2023-07-06,105347.71017430906,41269.629394671945,64078.080779637115
2023-07-07,105236.90141553748,41269.629394671945,63967.27202086553
2023-07-10,105378.32838396962,41269.629394671945,64108.69898929768
2023-07-11,105773.44908958937,41269.629394671945,64503.81969491742
2023-07-12,106355.19507314017,41269.629394671945,65085.565678468236
2023-07-13,106788.22403833967,41269.629394671945,65518.594643667726
2023-07-14,106761.97985863061,41269.629394671945,65492.35046395867
2023-07-17,106922.36095685264,41269.629394671945,65652.7315621807
2023-07-18,107469.1147007914,41269.629394671945,66199.48530611944
2023-07-19,107464.74067083988,41269.629394671945,66195.11127616794
2023-07-20,107208.13091368464,41269.629394671945,65938.50151901269
2023-07-21,107164.39061416953,41269.629394671945,65894.76121949758
2023-07-24,107504.10694040346,41269.629394671945,66234.47754573153
2023-07-25,107654.28196873865,41269.629394671945,66384.6525740667
2023-07-26,107696.56425826991,41269.629394671945,66426.93486359797
2023-07-27,107286.86345281181,41269.629394671945,66017.23405813986
2023-07-28,107902.14366599088,41269.629394671945,66632.51427131893
2023-07-31,108021.70048466549,41269.629394671945,66752.07108999354
2023-08-01,107611.9996792074,41269.629394671945,66342.37028453544
2023-08-02,107011.29956586668,41269.629394671945,65741.67017119474
2023-08-03,106862.58254751534,41269.629394671945,65592.9531528434
2023-08-04,106416.43149246133,41269.629394671945,65146.80209778938
2023-08-07,106989.42941610914,41269.629394671945,65719.80002143719
2023-08-08,106678.87328955194,41269.629394671945,65409.24389487998
2023-08-09,106414.9734824775,41269.629394671945,65145.34408780555
2023-08-10,106363.94313304321,41269.629394671945,65094.31373837126
2023-08-11,106269.17248409383,41269.629394671945,64999.54308942188
2023-08-14,106670.1252296489,41269.629394671945,65400.49583497696
2023-08-15,105888.63187831246,41269.629394671945,64619.002483640514
2023-08-16,105355.00022422825,41269.629394671945,64085.3708295563
2023-08-17,104847.61274985308,41269.629394671945,63577.98335518114
2023-08-18,104870.94090959447,41269.629394671945,63601.311514922534
2023-08-21,105228.15335563445,41269.629394671945,63958.52396096251
2023-08-22,105165.45892632948,41269.629394671945,63895.82953165753
2023-08-23,106164.19576525758,41269.629394671945,64894.566370585635
2023-08-24,105015.28389799429,41269.629394671945,63745.65450332235
2023-08-25,105400.19853372718,41269.629394671945,64130.56913905524
2023-08-28,105836.14351889433,41269.629394671945,64566.51412422239
2023-08-29,106799.88811821037,41269.629394671945,65530.25872353842
2023-08-30,107036.08573559191,41269.629394671945,65766.45634091996
2023-08-31,106977.76533623843,41269.629394671945,65708.13594156649
2023-09-01,107014.21558583435,41269.629394671945,65744.58619116241
2023-09-05,106756.14781869526,41269.629394671945,65486.51842402332
2023-09-06,106315.82880357659,41269.629394671945,65046.19940890465
2023-09-07,106155.44770535457,41269.629394671945,64885.81831068262
2023-09-08,106167.11178522525,41269.629394671945,64897.48239055331
2023-09-11,106588.47667055405,41269.629394671945,65318.84727588211
2023-09-12,106304.16472370591,41269.629394671945,65034.53532903396
2023-09-13,106442.67567217039,41269.629394671945,65173.04627749844
2023-09-14,106977.76533623843,41269.629394671945,65708.13594156649
2023-09-15,105901.75396816699,41269.629394671945,64632.12457349504
2023-09-18,105990.69257718102,41269.629394671945,64721.063182509075
2023-09-19,105843.43356881352,41269.629394671945,64573.80417414157
2023-09-20,105115.88658687903,41269.629394671945,63846.257192207086
2023-09-21,104127.35581783779,41269.629394671945,62857.726423165834
2023-09-22,104051.53929867828,41269.629394671945,62781.90990400633
2023-09-25,104270.24079625378,41269.629394671945,63000.61140158183
2023-09-26,103461.04525522442,41269.629394671945,62191.415860552486
2023-09-27,103477.08336504664,41269.629394671945,62207.45397037469
2023-09-28,103770.1433717978,41269.629394671945,62500.513977125855
2023-09-29,103589.35013380206,41269.629394671945,62319.72073913011
2023-10-02,103584.97610385054,41269.629394671945,62315.34670917859
2023-10-03,102734.95628327377,41269.629394671945,61465.32688860183
2023-10-04,103116.95489903897,41269.629394671945,61847.32550436703
2023-10-05,103083.42066941073,41269.629394671945,61813.79127473879
2023-10-06,103985.92884940562,41269.629394671945,62716.29945473368
2023-10-09,104293.56895599516,41269.629394671945,63023.93956132321
2023-10-10,104642.03334213211,41269.629394671945,63372.40394746017
2023-10-11,105035.69603776801,41269.629394671945,63766.06664309607
2023-10-12,104542.88866323122,41269.629394671945,63273.25926855928
2023-10-13,104029.66914892072,41269.629394671945,62760.03975424878
2023-10-16,104843.23871990156,41269.629394671945,63573.60932522963
2023-10-17,104701.81175146942,41269.629394671945,63432.18235679748
2023-10-18,104022.37909900154,41269.629394671945,62752.749704329595
2023-10-19,103344.4044565175,41269.629394671945,62074.775061845554
2023-10-20,102593.52931484162,41269.629394671945,61323.89992016968
2023-10-23,102769.94852288585,41269.629394671945,61500.31912821391
2023-10-24,102978.4439505745,41269.629394671945,61708.81455590255
2023-10-25,101882.02044272934,41269.629394671945,60612.39104805739
2023-10-26,101752.25755416787,41269.629394671945,60482.62815949592
2023-10-27,101099.06908140905,41269.629394671945,59829.4396867371
2023-10-30,101803.28790360215,41269.629394671945,60533.65850893021
2023-10-31,102109.47000020785,41269.629394671945,60839.8406055359
2023-11-01,103035.30633994413,41269.629394671945,61765.67694527218
2023-11-02,103950.93660979354,41269.629394671945,62681.307215121604
2023-11-03,104735.34598109766,41269.629394671945,63465.71658642572
2023-11-06,104656.61344197049,41269.629394671945,63386.98404729854
2023-11-07,104942.38339880246,41269.629394671945,63672.75400413052
2023-11-08,104930.71931893178,41269.629394671945,63661.08992425983
2023-11-09,104494.77433376462,41269.629394671945,63225.14493909267
2023-11-10,105451.22888316146,41269.629394671945,64181.59948848951
2023-11-13,105478.93107285435,41269.629394671945,64209.30167818241
2023-11-14,106772.18592851746,41269.629394671945,65502.55653384552
2023-11-15,106814.46821804874,41269.629394671945,65544.83882337679
2023-11-16,106958.81120644856,41269.629394671945,65689.18181177662
2023-11-17,106932.5670267395,41269.629394671945,65662.93763206757
2023-11-20,107525.97709016103,41269.629394671945,66256.34769548908
2023-11-21,107314.56564250472,41269.629394671945,66044.93624783277
2023-11-22,107587.21350948216,41269.629394671945,66317.58411481022
2023-11-24,107667.40405859318,41269.629394671945,66397.77466392123
2023-11-27,107565.34335972462,41269.629394671945,66295.71396505267
2023-11-28,107651.36594877098,41269.629394671945,66381.73655409903
2023-11-29,107598.87758935287,41269.629394671945,66329.24819468091
2023-11-30,107781.12883733245,41269.629394671945,66511.4994426605
2023-12-01,108311.84447144897,41269.629394671945,67042.21507677704
2023-12-04,107728.6404779143,41269.629394671945,66459.01108324237
2023-12-05,107969.21212524737,41269.629394671945,66699.58273057542
2023-12-06,107537.64117003171,41269.629394671945,66268.01177535977
2023-12-07,108053.77670430989,41269.629394671945,66784.14730963795
2023-12-08,108424.1112402044,41269.629394671945,67154.48184553246
2023-12-11,108673.43094744047,41269.629394671945,67403.80155276852
2023-12-12,109026.26936352893,41269.629394671945,67756.639968857
2023-12-13,110092.07466171353,41269.629394671945,68822.44526704158
2023-12-14,110039.58630229541,41269.629394671945,68769.95690762346
2023-12-15,109810.67873483305,41269.629394671945,68541.04934016112
2023-12-18,110057.08242210146,41269.629394671945,68787.45302742951
2023-12-19,110476.98929744642,41269.629394671945,69207.35990277446
2023-12-20,109610.93136704745,41269.629394671945,68341.3019723755
2023-12-21,110143.10501114783,41269.629394671945,68873.47561647587
2023-12-22,110259.74580985474,41269.629394671945,68990.1164151828
2023-12-26,110611.12621595938,41269.629394671945,69341.49682128744
2023-12-27,110802.12552384197,41269.629394671945,69532.49612917003
2023-12-28,110823.99567359954,41269.629394671945,69554.36627892758
2023-12-29,110535.30969679987,41269.629394671945,69265.68030212793
2024-01-02,110160.60113095384,41269.629394671945,68890.9717362819
2024-01-03,109701.3279860453,41269.629394671945,68431.69859137337
2024-01-04,109475.33643855061,41269.629394671945,68205.70704387868
2024-01-05,109570.10708750002,41269.629394671945,68300.47769282806
2024-01-08,110409.92083818992,41269.629394671945,69140.29144351797
2024-01-09,110348.6844188688,41269.629394671945,69079.05502419684
2024-01-10,110828.36970355103,41269.629394671945,69558.74030887909
2024-01-11,110592.1720861695,41269.629394671945,69322.54269149755
2024-01-12,110619.87427586238,41269.629394671945,69350.24488119045
2024-01-16,110488.6533773171,41269.629394671945,69219.02398264516
2024-01-17,110134.35695124479,41269.629394671945,68864.72755657285
2024-01-18,110778.79736410061,41269.629394671945,69509.16796942866
2024-01-19,111639.0232545642,41269.629394671945,70369.39385989227
2024-01-22,111770.24415310952,41269.629394671945,70500.61475843757
2024-01-23,112124.54057918183,41269.629394671945,70854.91118450988
2024-01-24,112051.64007999,41269.629394671945,70782.01068531805
2024-01-25,112265.96754761398,41269.629394671945,70996.33815294204
2024-01-26,112238.26535792107,41269.629394671945,70968.63596324914
2024-01-29,112900.20189058292,41269.629394671945,71630.57249591098
2024-01-30,112596.9358139449,41269.629394671945,71327.30641927295
2024-01-31,111840.22863233369,41269.629394671945,70570.59923766174
2024-02-01,112965.81233985559,41269.629394671945,71696.18294518364
2024-02-02,113238.46020683303,41269.629394671945,71968.83081216109
2024-02-05,113086.82716851402,41269.629394671945,71817.19777384207
2024-02-06,113269.0784164936,41269.629394671945,71999.44902182165
2024-02-07,113843.53435012524,41269.629394671945,72573.9049554533
2024-02-08,113887.27464964034,41269.629394671945,72617.6452549684
2024-02-09,114315.9295848883,41269.629394671945,73046.30019021637
2024-02-12,114199.2887861814,41269.629394671945,72929.65939150944
2024-02-13,113334.68886576625,41269.629394671945,72065.0594710943
2024-02-14,113973.2972386867,41269.629394671945,72703.66784401475
2024-02-15,114404.86819390237,41269.629394671945,73135.23879923041
2024-02-16,113929.5569391716,41269.629394671945,72659.92754449966
2024-02-20,113595.672652873,41269.629394671945,72326.04325820107
2024-02-21,114301.34948504996,41269.629394671945,73031.720090378
2024-02-22,115240.30791464075,41269.629394671945,73970.6785199688
2024-02-23,115198.0256251095,41269.629394671945,73928.39623043755
2024-02-26,115007.0263172269,41269.629394671945,73737.39692255495
2024-02-27,115146.9952756752,41269.629394671945,73877.36588100326
2024-02-28,115011.4003471784,41269.629394671945,73741.77095250646
2024-02-29,115421.10115263649,41269.629394671945,74151.47175796455
2024-03-01,115921.19857709247,41269.629394671945,74651.56918242053
2024-03-04,115859.96215777134,41269.629394671945,74590.33276309939
2024-03-05,115186.36154523882,41269.629394671945,73916.73215056687
2024-03-06,115472.13150207078,41269.629394671945,74202.50210739885
2024-03-07,116344.02147240509,41269.629394671945,75074.39207773315
2024-03-08,115867.25220769053,41269.629394671945,74597.62281301858
2024-03-11,116020.34325599339,41269.629394671945,74750.71386132143
2024-03-12,116650.2035690108,41269.629394671945,75380.57417433885
2024-03-13,116583.13510975431,41269.629394671945,75313.50571508237
2024-03-14,116247.7928134719,41269.629394671945,74978.16341879994
2024-03-15,115597.52036068073,41269.629394671945,74327.8909660088
2024-03-18,115988.26703634896,41269.629394671945,74718.63764167702
2024-03-19,116422.75401153229,41269.629394671945,75153.12461686034
2024-03-20,117360.25443113924,41269.629394671945,76090.6250364673
2024-03-21,117501.68139957142,41269.629394671945,76232.05200489947
2024-03-22,117195.4993029657,41269.629394671945,75925.86990829377
2024-03-25,117154.6750234183,41269.629394671945,75885.04562874635
2024-03-26,117043.8662646467,41269.629394671945,75774.23686997476
2024-03-27,117440.44498025026,41269.629394671945,76170.81558557831
2024-03-28,117516.26149940977,41269.629394671945,76246.63210473783
2024-04-01,117329.63622147866,41269.629394671945,76060.00682680673
2024-04-02,116899.52327624688,41269.629394671945,75629.89388157493
2024-04-03,117188.20925304655,41269.629394671945,75918.5798583746
2024-04-04,116120.9459448781,41269.629394671945,74851.31655020615
2024-04-05,116868.9050665863,41269.629394671945,75599.27567191435
2024-04-08,116912.64536610138,41269.629394671945,75643.01597142944
2024-04-09,117020.53810490531,41269.629394671945,75750.90871023336
2024-04-10,116096.15977515289,41269.629394671945,74826.53038048094
2024-04-11,116830.99680700654,41269.629394671945,75561.3674123346
2024-04-12,115625.22255037364,41269.629394671945,74355.59315570169
2024-04-15,114824.77506924732,41269.629394671945,73555.14567457537
2024-04-16,114886.01148856845,41269.629394671945,73616.38209389651
2024-04-17,114324.67764479134,41269.629394671945,73055.04825011939
2024-04-18,113977.67126863822,41269.629394671945,72708.04187396627
2024-04-19,113398.84130505507,41269.629394671945,72129.21191038312
2024-04-22,114075.35793755527,41269.629394671945,72805.72854288333
2024-04-23,115107.62900611162,41269.629394671945,73837.99961143968
2024-04-24,114527.34103254465,41269.629394671945,73257.7116378727
2024-04-25,115203.85766504484,41269.629394671945,73934.22827037289
2024-04-26,115437.13926245872,41269.629394671945,74167.50986778676
2024-04-29,115603.35240061607,41269.629394671945,74333.72300594414
2024-04-30,114359.66988440341,41269.629394671945,73090.04048973147
2024-05-01,114504.01287280326,41269.629394671945,73234.3834781313
2024-05-02,115116.37706601465,41269.629394671945,73846.7476713427
2024-05-03,115966.39688659142,41269.629394671945,74696.76749191947
2024-05-06,116568.55500991596,41269.629394671945,75298.925615244
2024-05-07,116695.40187850976,41269.629394671945,75425.7724838378
2024-05-08,116647.28754904313,41269.629394671945,75377.65815437118
2024-05-09,117167.7971132728,41269.629394671945,75898.16771860086
2024-05-10,117074.48447430728,41269.629394671945,75804.85507963532
2024-05-13,117201.33134290104,41269.629394671945,75931.7019482291
2024-05-14,117611.03214835917,41269.629394671945,76341.40275368722
2024-05-15,118415.87847185088,118415.87847185088,0
2024-05-16,118415.87847185088,118415.87847185088,0
2024-05-17,118415.87847185088,118415.87847185088,0
2024-05-20,118415.87847185088,118415.87847185088,0
2024-05-21,118415.87847185088,118415.87847185088,0
2024-05-22,118415.87847185088,118415.87847185088,0
2024-05-23,118415.87847185088,118415.87847185088,0
2024-05-24,118415.87847185088,118415.87847185088,0
2024-05-28,118415.87847185088,118415.87847185088,0
2024-05-29,118415.87847185088,118415.87847185088,0
2024-05-30,118415.87847185088,118415.87847185088,0
2024-05-31,118415.87847185088,118415.87847185088,0
2024-06-03,118415.87847185088,118415.87847185088,0
2024-06-04,118415.87847185088,118415.87847185088,0
2024-06-05,118415.87847185088,118415.87847185088,0
2024-06-06,118415.87847185088,118415.87847185088,0
2024-06-07,118415.87847185088,118415.87847185088,0
2024-06-10,118415.87847185088,118415.87847185088,0
2024-06-11,118415.87847185088,118415.87847185088,0
2024-06-12,118415.87847185088,118415.87847185088,0
2024-06-13,118415.87847185088,118415.87847185088,0
2024-06-14,118415.87847185088,118415.87847185088,0
2024-06-17,118415.87847185088,118415.87847185088,0
2024-06-18,118415.87847185088,118415.87847185088,0
2024-06-20,118415.87847185088,118415.87847185088,0
2024-06-21,118415.87847185088,118415.87847185088,0
2024-06-24,118415.87847185088,118415.87847185088,0
2024-06-25,118415.87847185088,118415.87847185088,0
2024-06-26,118415.87847185088,118415.87847185088,0
2024-06-27,118415.87847185088,118415.87847185088,0
2024-06-28,118415.87847185088,118415.87847185088,0
2024-07-01,118415.87847185088,118415.87847185088,0
2024-07-02,118415.87847185088,118415.87847185088,0
2024-07-03,118415.87847185088,118415.87847185088,0
2024-07-05,118415.87847185088,118415.87847185088,0
2024-07-08,118415.87847185088,118415.87847185088,0
2024-07-09,118415.87847185088,118415.87847185088,0
2024-07-10,118415.87847185088,118415.87847185088,0
2024-07-11,118415.87847185088,118415.87847185088,0
2024-07-12,118415.87847185088,118415.87847185088,0
2024-07-15,118415.87847185088,118415.87847185088,0
2024-07-16,118415.87847185088,118415.87847185088,0
2024-07-17,118415.87847185088,118415.87847185088,0
2024-07-18,118415.87847185088,118415.87847185088,0
2024-07-19,118415.87847185088,118415.87847185088,0
2024-07-22,118415.87847185088,118415.87847185088,0
2024-07-23,118415.87847185088,118415.87847185088,0
2024-07-24,118415.87847185088,118415.87847185088,0
2024-07-25,118415.87847185088,118415.87847185088,0
2024-07-26,118415.87847185088,118415.87847185088,0
2024-07-29,118415.87847185088,118415.87847185088,0
2024-07-30,118415.87847185088,118415.87847185088,0
2024-07-31,118415.87847185088,118415.87847185088,0
2024-08-01,118415.87847185088,118415.87847185088,0
2024-08-02,118415.87847185088,118415.87847185088,0
2024-08-05,118415.87847185088,118415.87847185088,0
2024-08-06,118415.87847185088,118415.87847185088,0
2024-08-07,118415.87847185088,118415.87847185088,0
2024-08-08,118415.87847185088,118415.87847185088,0
2024-08-09,118415.87847185088,118415.87847185088,0
2024-08-12,118415.87847185088,118415.87847185088,0
2024-08-13,118415.87847185088,118415.87847185088,0
2024-08-14,118415.87847185088,118415.87847185088,0
2024-08-15,118415.87847185088,118415.87847185088,0
2024-08-16,118415.87847185088,118415.87847185088,0
2024-08-19,118415.87847185088,118415.87847185088,0
2024-08-20,118415.87847185088,118415.87847185088,0
2024-08-21,118415.87847185088,118415.87847185088,0
2024-08-22,118415.87847185088,118415.87847185088,0
2024-08-23,118415.87847185088,118415.87847185088,0
2024-08-26,118415.87847185088,118415.87847185088,0
2024-08-27,118415.87847185088,118415.87847185088,0
2024-08-28,118415.87847185088,118415.87847185088,0
2024-08-29,118415.87847185088,118415.87847185088,0
2024-08-30,118415.87847185088,118415.87847185088,0
2024-09-03,118415.87847185088,118415.87847185088,0
2024-09-04,118415.87847185088,118415.87847185088,0
2024-09-05,118415.87847185088,118415.87847185088,0
2024-09-06,118415.87847185088,118415.87847185088,0
2024-09-09,118415.87847185088,118415.87847185088,0
2024-09-10,118415.87847185088,118415.87847185088,0
2024-09-11,118415.87847185088,118415.87847185088,0
2024-09-12,118415.87847185088,118415.87847185088,0
2024-09-13,118415.87847185088,118415.87847185088,0
2024-09-16,118415.87847185088,118415.87847185088,0
2024-09-17,118415.87847185088,118415.87847185088,0
2024-09-18,118415.87847185088,118415.87847185088,0
2024-09-19,118415.87847185088,118415.87847185088,0
2024-09-20,118415.87847185088,118415.87847185088,0
2024-09-23,118415.87847185088,118415.87847185088,0
2024-09-24,118415.87847185088,118415.87847185088,0
2024-09-25,118415.87847185088,118415.87847185088,0
2024-09-26,118415.87847185088,118415.87847185088,0
2024-09-27,118415.87847185088,118415.87847185088,0
2024-09-30,118415.87847185088,118415.87847185088,0
2024-10-01,118415.87847185088,118415.87847185088,0
2024-10-02,118415.87847185088,118415.87847185088,0
2024-10-03,118415.87847185088,118415.87847185088,0
2024-10-04,118415.87847185088,118415.87847185088,0
2024-10-07,118415.87847185088,118415.87847185088,0
2024-10-08,118415.87847185088,118415.87847185088,0
2024-10-09,118415.87847185088,118415.87847185088,0
2024-10-10,118415.87847185088,118415.87847185088,0
2024-10-11,118415.87847185088,118415.87847185088,0
2024-10-14,118415.87847185088,118415.87847185088,0
2024-10-15,118415.87847185088,118415.87847185088,0
2024-10-16,118415.87847185088,118415.87847185088,0
2024-10-17,118415.87847185088,118415.87847185088,0
2024-10-18,118415.87847185088,118415.87847185088,0
2024-10-21,118415.87847185088,118415.87847185088,0
2024-10-22,118415.87847185088,118415.87847185088,0
2024-10-23,118415.87847185088,118415.87847185088,0
2024-10-24,118415.87847185088,118415.87847185088,0
2024-10-25,118415.87847185088,118415.87847185088,0
2024-10-28,118415.87847185088,118415.87847185088,0
2024-10-29,118415.87847185088,118415.87847185088,0
2024-10-30,118415.87847185088,118415.87847185088,0
2024-10-31,118415.87847185088,118415.87847185088,0
2024-11-01,118415.87847185088,118415.87847185088,0
2024-11-04,118415.87847185088,118415.87847185088,0
2024-11-05,118415.87847185088,118415.87847185088,0
2024-11-06,118415.87847185088,118415.87847185088,0
2024-11-07,118415.87847185088,118415.87847185088,0
2024-11-08,118415.87847185088,118415.87847185088,0
2024-11-11,118415.87847185088,118415.87847185088,0
2024-11-12,118415.87847185088,118415.87847185088,0
2024-11-13,118415.87847185088,118415.87847185088,0
2024-11-14,118415.87847185088,118415.87847185088,0
2024-11-15,118415.87847185088,118415.87847185088,0
2024-11-18,118415.87847185088,118415.87847185088,0
2024-11-19,118415.87847185088,118415.87847185088,0
2024-11-20,118415.87847185088,118415.87847185088,0
2024-11-21,118415.87847185088,118415.87847185088,0
2024-11-22,118415.87847185088,118415.87847185088,0
2024-11-25,118415.87847185088,118415.87847185088,0
2024-11-26,118415.87847185088,118415.87847185088,0
2024-11-27,118415.87847185088,118415.87847185088,0
2024-11-29,118415.87847185088,118415.87847185088,0
2024-12-02,118415.87847185088,118415.87847185088,0
2024-12-03,118415.87847185088,118415.87847185088,0
2024-12-04,118415.87847185088,118415.87847185088,0
2024-12-05,118415.87847185088,118415.87847185088,0
2024-12-06,118415.87847185088,118415.87847185088,0
2024-12-09,118415.87847185088,118415.87847185088,0
2024-12-10,118415.87847185088,118415.87847185088,0
2024-12-11,118415.87847185088,118415.87847185088,0
2024-12-12,118415.87847185088,118415.87847185088,0
2024-12-13,118415.87847185088,118415.87847185088,0
2024-12-16,118415.87847185088,118415.87847185088,0
2024-12-17,118415.87847185088,118415.87847185088,0
2024-12-18,118415.87847185088,118415.87847185088,0
2024-12-19,118415.87847185088,118415.87847185088,0
2024-12-20,118415.87847185088,118415.87847185088,0
2024-12-23,118415.87847185088,118415.87847185088,0
2024-12-24,118415.87847185088,118415.87847185088,0
2024-12-26,118415.87847185088,118415.87847185088,0
2024-12-27,118415.87847185088,118415.87847185088,0
2024-12-30,118415.87847185088,118415.87847185088,0
2024-12-31,118415.87847185088,118415.87847185088,0
2025-01-02,118415.87847185088,118415.87847185088,0
2025-01-03,118415.87847185088,118415.87847185088,0
2025-01-06,118415.87847185088,118415.87847185088,0
2025-01-07,118415.87847185088,118415.87847185088,0
2025-01-08,118415.87847185088,118415.87847185088,0
2025-01-10,118415.87847185088,118415.87847185088,0
2025-01-13,118415.87847185088,118415.87847185088,0
2025-01-14,118415.87847185088,118415.87847185088,0
2025-01-15,118415.87847185088,118415.87847185088,0
2025-01-16,118415.87847185088,118415.87847185088,0
2025-01-17,118415.87847185088,118415.87847185088,0
2025-01-21,118415.87847185088,118415.87847185088,0
2025-01-22,118415.87847185088,118415.87847185088,0
2025-01-23,118415.87847185088,118415.87847185088,0
2025-01-24,118415.87847185088,118415.87847185088,0
2025-01-27,118415.87847185088,118415.87847185088,0
2025-01-28,118415.87847185088,118415.87847185088,0
2025-01-29,118415.87847185088,118415.87847185088,0
2025-01-30,118415.87847185088,118415.87847185088,0
2025-01-31,118415.87847185088,118415.87847185088,0
2025-02-03,118415.87847185088,118415.87847185088,0
2025-02-04,118415.87847185088,118415.87847185088,0
2025-02-05,118415.87847185088,118415.87847185088,0
2025-02-06,118415.87847185088,118415.87847185088,0
2025-02-07,118415.87847185088,118415.87847185088,0
2025-02-10,118415.87847185088,118415.87847185088,0
2025-02-11,118415.87847185088,118415.87847185088,0
2025-02-12,118415.87847185088,118415.87847185088,0
2025-02-13,118415.87847185088,118415.87847185088,0
2025-02-14,118415.87847185088,118415.87847185088,0
2025-02-18,118415.87847185088,118415.87847185088,0
2025-02-19,118415.87847185088,118415.87847185088,0
2025-02-20,118415.87847185088,118415.87847185088,0
2025-02-21,118415.87847185088,118415.87847185088,0
2025-02-24,118415.87847185088,118415.87847185088,0
2025-02-25,118415.87847185088,118415.87847185088,0
2025-02-26,118415.87847185088,118415.87847185088,0
2025-02-27,118273.74914885582,47244.60222477738,71029.14692407844
2025-02-28,119416.50124336175,47244.60222477738,72171.89901858437
2025-03-03,118335.68364069407,47244.60222477738,71091.08141591669
2025-03-04,117732.12594572121,47244.60222477738,70487.52372094383
2025-03-05,117910.64301043151,47244.60222477738,70666.04078565413
2025-03-06,116996.1984544666,47244.60222477738,69751.59622968922
2025-03-07,117037.48811569212,47244.60222477738,69792.88589091474
2025-03-10,115078.65801108205,47244.60222477738,67834.05578630467
2025-03-11,114983.93467062352,47244.60222477738,67739.33244584614
2025-03-12,115332.46798743882,47244.60222477738,68087.86576266144
2025-03-13,114509.10356653019,47244.60222477738,67264.50134175281
2025-03-14,115503.69864134461,47244.60222477738,68259.09641656723
2025-03-17,116098.75552371221,47244.60222477738,68854.15329893483
2025-03-18,115396.8312828786,47244.60222477738,68152.22905810122
2025-03-19,116307.63263344124,47244.60222477738,69063.03040866386
2025-03-20,115940.88328961468,47244.60222477738,68696.2810648373
2025-03-21,115858.30396716367,47244.60222477738,68613.70174238629
2025-03-24,116930.6207572261,47244.60222477738,69686.01853244872
2025-03-25,117194.14594798889,47244.60222477738,69949.54372321151
2025-03-26,116176.47723896021,47244.60222477738,68931.87501418284
2025-03-27,116048.96504988146,47244.60222477738,68804.36282510408
2025-03-28,114540.6780133497,47244.60222477738,67296.07578857231
2025-03-31,114886.7825265635,47244.60222477738,67642.18030178612
2025-04-01,115467.2665873221,47244.60222477738,68222.66436254472
2025-04-02,113408.85553505052,47244.60222477738,66164.25331027314
2025-04-03,112382.68601341659,47244.60222477738,65138.08378863922
2025-04-04,108632.61325269999,47244.60222477738,61388.0110279226
2025-04-07,109122.01717840231,47244.60222477738,61877.414953624924
2025-04-08,106819.51136417993,47244.60222477738,59574.90913940255
2025-04-09,113538.79652773078,47244.60222477738,66294.1943029534
2025-04-10,110648.52024194531,47244.60222477738,63403.91801716793
2025-04-11,112128.8760370598,47244.60222477738,64884.27381228242
2025-04-14,112445.8349070556,47244.60222477738,65201.23268227823
2025-04-15,112042.65350920655,47244.60222477738,64798.051284429166
2025-04-16,111116.06493523414,47244.60222477738,63871.46271045676
2025-04-17,111255.72114232041,47244.60222477738,64011.11891754303
2025-04-21,109913.80715249144,47244.60222477738,62669.204927714054
2025-04-22,112415.47486203685,47244.60222477738,65170.87263725947
2025-04-23,112421.5468710406,47244.60222477738,65176.944646263226
2025-04-24,113838.7537725161,47244.60222477738,66594.15154773871
2025-04-25,114186.07268753064,47244.60222477738,66941.47046275326
2025-04-28,114170.2854641209,47244.60222477738,66925.68323934352
2025-04-29,114399.80740446268,47244.60222477738,67155.2051796853
2025-04-30,115163.66613713455,47244.60222477738,67919.06391235717
2025-05-01,114908.64175897701,47244.60222477738,67664.03953419963
2025-05-02,115942.93645809438,115942.93645809438,0
2025-05-05,115942.93645809438,115942.93645809438,0
2025-05-06,115942.93645809438,115942.93645809438,0
2025-05-07,115942.93645809438,115942.93645809438,0
2025-05-08,115942.93645809438,115942.93645809438,0
