date,equity,cash,holdings
2018-02-08,100000.0,100000.0,0
2018-02-09,100000.0,100000.0,0
2018-02-12,100000.0,100000.0,0
2018-02-13,100000.0,100000.0,0
2018-02-14,100000.0,100000.0,0
2018-02-15,100000.0,100000.0,0
2018-02-16,100000.0,100000.0,0
2018-02-20,100000.0,100000.0,0
2018-02-21,100000.0,100000.0,0
2018-02-22,100000.0,100000.0,0
2018-02-23,100000.0,100000.0,0
2018-02-26,100000.0,100000.0,0
2018-02-27,100000.0,100000.0,0
2018-02-28,100000.0,100000.0,0
2018-03-01,100000.0,100000.0,0
2018-03-02,100000.0,100000.0,0
2018-03-05,100000.0,100000.0,0
2018-03-06,100000.0,100000.0,0
2018-03-07,100000.0,100000.0,0
2018-03-08,100000.0,100000.0,0
2018-03-09,100000.0,100000.0,0
2018-03-12,100000.0,100000.0,0
2018-03-13,100000.0,100000.0,0
2018-03-14,100000.0,100000.0,0
2018-03-15,100000.0,100000.0,0
2018-03-16,100000.0,100000.0,0
2018-03-19,100000.0,100000.0,0
2018-03-20,100000.0,100000.0,0
2018-03-21,100000.0,100000.0,0
2018-03-22,99914.769007035,57320.569624224,42594.199382811
2018-03-23,99370.14851874333,57320.569624224,42049.57889451933
2018-03-26,100456.13802972493,57320.569624224,43135.568405500926
2018-03-27,99724.55826933312,57320.569624224,42403.98864510913
2018-03-28,99675.78628530701,57320.569624224,42355.21666108301
2018-03-29,100020.44163909159,57320.569624224,42699.872014867586
2018-04-02,99243.34136027543,57320.569624224,41922.77173605142
2018-04-03,99635.14296528525,57320.569624224,42314.573341061245
2018-04-04,100332.58233685876,57320.569624224,43012.01271263476
2018-04-05,100022.06737189247,57320.569624224,42701.497747668465
2018-04-06,99501.83287561385,57320.569624224,42181.26325138985
2018-04-09,99771.70452055839,57320.569624224,42451.134896334384
2018-04-10,100295.19048243873,57320.569624224,42974.62085821473
2018-04-11,100283.81035283263,57320.569624224,42963.24072860864
2018-04-12,100435.00350331361,57320.569624224,43114.43387908961
2018-04-13,100456.13802972493,57320.569624224,43135.568405500926
2018-04-16,100830.05657392518,57320.569624224,43509.486949701175
2018-04-17,101255.9985677533,57320.569624224,43935.42894352929
2018-04-18,101345.41387180117,57320.569624224,44024.84424757717
2018-04-19,101030.02170843226,57320.569624224,43709.45208420827
2018-04-20,100745.51846827992,57320.569624224,43424.94884405591
2018-04-23,100747.14420108078,57320.569624224,43426.57457685677
2018-04-24,100150.50026316124,57320.569624224,42829.93063893724
2018-04-25,100361.84552727443,57320.569624224,43041.27590305043
2018-04-26,100713.0038122625,57320.569624224,43392.434188038496
2018-04-27,100654.47743143115,57320.569624224,43333.90780720715
2018-04-30,100342.33673366398,57320.569624224,43021.76710943998
2018-05-01,100472.39535773364,57320.569624224,43151.825733509635
2018-05-02,100030.1960358968,57320.569624224,42709.62641167281
2018-05-03,100005.81004388376,57320.569624224,42685.240419659756
2018-05-04,100623.5885082146,57320.569624224,43303.018883990604
2018-05-07,100660.98036263463,57320.569624224,43340.410738410625
2018-05-08,100685.36635464769,57320.569624224,43364.79673042369
2018-05-09,101132.44287488711,57320.569624224,43811.87325066312
2018-05-10,101529.12167829956,57320.569624224,44208.55205407555
2018-05-11,101727.46108000577,57320.569624224,44406.89145578177
2018-05-14,101694.94642398835,57320.569624224,44374.37679976436
2018-05-15,101319.40214698724,57320.569624224,43998.83252276324
2018-05-16,101612.03405114396,57320.569624224,44291.464426919956
2018-05-17,101579.51939512655,57320.569624224,44258.949770902545
2018-05-18,101418.57184784036,57320.569624224,44098.00222361635
2018-05-21,101743.71840801448,57320.569624224,44423.14878379048
2018-05-22,101625.03991355092,57320.569624224,44304.47028932692
2018-05-23,101711.20375199706,57320.569624224,44390.63412777307
2018-05-24,101725.8353472049,57320.569624224,44405.265722980905
2018-05-25,101589.27379193177,57320.569624224,44268.70416770777
2018-05-29,101069.03929565317,57320.569624224,43748.469671429164
2018-05-30,101582.77086072828,57320.569624224,44262.20123650428
2018-05-31,101394.1858558273,57320.569624224,44073.61623160329
2018-06-01,101859.1454368763,57320.569624224,44538.57581265229
2018-06-04,101992.45552654768,57320.569624224,44671.88590232369
2018-06-05,102096.50242580342,57320.569624224,44775.932801579416
2018-06-06,102431.40338278277,57320.569624224,45110.833758558765
2018-06-07,102446.03497799061,57320.569624224,45125.4653537666
2018-06-08,102584.22226606461,57320.569624224,45263.65264184061
2018-06-11,102657.38024210378,57320.569624224,45336.81061787978
2018-06-12,102714.28089013427,57320.569624224,45393.711265910264
2018-06-13,102519.19295402977,57320.569624224,45198.62332980578
2018-06-14,102631.36851728985,57320.569624224,45310.798893065854
2018-06-15,102278.58449950092,57320.569624224,44958.014875276924
2018-06-18,102086.74802899819,57320.569624224,44766.17840477419
2018-06-19,102133.89428022344,57320.569624224,44813.32465599943
2018-06-20,102231.43824827568,57320.569624224,44910.868624051676
2018-06-21,101899.78875689805,57320.569624224,44579.21913267406
2018-06-22,101946.93500812331,57320.569624224,44626.36538389931
2018-06-25,101390.93439022555,57320.569624224,44070.36476600155
2018-06-26,101533.99887670216,57320.569624224,44213.42925247816
2018-06-27,101215.35524773152,57320.569624224,43894.785623507516
2018-06-28,101418.57184784036,57320.569624224,44098.00222361635
2018-06-29,101403.94025263251,57320.569624224,44083.37062840852
2018-07-02,101525.87021269782,57320.569624224,44205.300588473816
2018-07-03,101269.00443016025,57320.569624224,43948.434805936246
2018-07-05,101625.03991355092,57320.569624224,44304.47028932692
2018-07-06,102098.12815860429,57320.569624224,44777.55853438028
2018-07-09,102576.09360206025,57320.569624224,45255.52397783625
2018-07-10,102311.09915551834,57320.569624224,44990.52953129434
2018-07-11,102371.25126915055,57320.569624224,45050.68164492655
2018-07-12,102758.17567575777,57320.569624224,45437.60605153377
2018-07-13,102806.94765978388,57320.569624224,45486.37803555989
2018-07-16,102693.14636372295,57320.569624224,45372.57673949894
2018-07-17,102977.6496038753,57320.569624224,45657.0799796513
2018-07-18,103008.53852709185,57320.569624224,45687.96890286784
2018-07-19,102858.97110941175,57320.569624224,45538.40148518775
2018-07-20,102789.0645989743,57320.569624224,45468.49497475031
2018-07-23,103008.53852709185,57320.569624224,45687.96890286784
2018-07-24,103052.43331271535,57320.569624224,45731.86368849136
2018-07-25,103332.0593544651,57320.569624224,46011.489730241105
2018-07-26,103447.48638332693,57320.569624224,46126.916759102925
2018-07-27,103055.6847783171,57320.569624224,45735.115154093095
2018-07-30,102858.97110941175,57320.569624224,45538.40148518775
2018-07-31,103062.18770952057,57320.569624224,45741.61808529658
2018-08-01,103006.91279429098,57320.569624224,45686.343170066975
2018-08-02,103250.77271442156,57320.569624224,45930.20309019757
2018-08-03,103429.60332251735,57320.569624224,46109.033698293344
2018-08-06,103597.05380100702,57320.569624224,46276.484176783015
2018-08-07,103744.99548588625,57320.569624224,46424.42586166225
2018-08-08,103676.71470824968,57320.569624224,46356.14508402568
2018-08-09,103624.69125862182,57320.569624224,46304.12163439782
2018-08-10,103442.60918492431,57320.569624224,46122.03956070031
2018-08-13,103252.39844722244,57320.569624224,45931.82882299844
2018-08-14,103486.50397054781,57320.569624224,46165.93434632382
2018-08-15,103154.8544791702,57320.569624224,45834.28485494621
2018-08-16,103504.38703135739,57320.569624224,46183.81740713339
2018-08-17,103663.70884584272,57320.569624224,46343.139221618716
2018-08-20,103738.49255468277,57320.569624224,46417.922930458764
2018-08-21,103601.93099940964,57320.569624224,46281.36137518563
2018-08-22,103845.79091954023,57320.569624224,46525.22129531623
2018-08-23,103771.00721070019,57320.569624224,46450.43758647618
2018-08-24,104081.52217566647,57320.569624224,46760.952551442475
2018-08-27,104478.20097907892,57320.569624224,47157.63135485491
2018-08-28,104492.83257428676,57320.569624224,47172.26295006275
2018-08-29,104704.17783839992,57320.569624224,47383.608214175925
2018-08-30,104444.06059026063,57320.569624224,47123.49096603663
2018-08-31,104629.39412955989,57320.569624224,47308.824505335884
2018-09-04,104444.06059026063,57320.569624224,47123.49096603663
2018-09-05,104257.10131816051,57320.569624224,46936.5316939365
2018-09-06,104131.91989249346,57320.569624224,46811.35026826946
2018-09-07,104040.87885564471,57320.569624224,46720.30923142071
2018-09-10,104192.07200612567,57320.569624224,46871.50238190168
2018-09-11,104357.8967518145,57320.569624224,47037.327127590484
2018-09-12,104307.4990349875,57320.569624224,46986.92941076349
2018-09-13,104598.50520634334,57320.569624224,47277.93558211934
2018-09-14,104616.38826715291,57320.569624224,47295.81864292892
2018-09-17,104185.56907492218,57320.569624224,46864.99945069819
2018-09-18,104631.01986236076,57320.569624224,47310.45023813675
2018-09-19,104723.68663201039,57320.569624224,47403.11700778638
2018-09-20,105099.2309090115,57320.569624224,47778.6612847875
2018-09-21,104741.56969281996,57320.569624224,47421.00006859595
2018-09-24,104655.40585437382,57320.569624224,47334.83623014982
2018-09-25,104631.01986236076,57320.569624224,47310.45023813675
2018-09-26,104465.19511667195,57320.569624224,47144.62549244795
2018-09-27,104601.75667194507,57320.569624224,47281.187047721076
2018-09-28,104629.39412955989,57320.569624224,47308.824505335884
2018-10-01,104741.56969281996,57320.569624224,47421.00006859595
2018-10-02,104730.18956321386,57320.569624224,47409.61993898986
2018-10-03,104678.166113586,57320.569624224,47357.596489362004
2018-10-04,104447.31205586236,57320.569624224,47126.74243163837
2018-10-05,104159.55735010827,57320.569624224,46838.98772588427
2018-10-08,104131.91989249346,57320.569624224,46811.35026826946
2018-10-09,104104.28243487867,57320.569624224,46783.71281065466
2018-10-10,102304.59622431485,57320.569624224,44984.02660009085
2018-10-11,101995.70699214944,57320.569624224,44675.13736792543
2018-10-12,102372.87700195142,57320.569624224,45052.307377727426
2018-10-15,101974.5724657381,57320.569624224,44654.00284151411
2018-10-16,102987.40400068052,57320.569624224,45666.83437645652
2018-10-17,102837.83658300043,57320.569624224,45517.26695877643
2018-10-18,102280.21023230179,57320.569624224,44959.640608077796
2018-10-19,102224.93531707219,57320.569624224,44904.36569284819
2018-10-22,101950.18647372504,57320.569624224,44629.61684950105
2018-10-23,101864.0226352789,57320.569624224,44543.45301105491
2018-10-24,100514.66441055627,57320.569624224,43194.09478633227
2018-10-25,100735.76407147468,57320.569624224,43415.19444725068
2018-10-26,100625.21424101548,57320.569624224,43304.64461679148
2018-10-29,100199.27224718736,57320.569624224,42878.70262296336
2018-10-30,100924.34907637567,57320.569624224,43603.77945215167
2018-10-31,101340.53667339856,57320.569624224,44019.96704917456
2018-11-01,101686.817759984,57320.569624224,44366.248135760005
2018-11-02,101511.23861748999,57320.569624224,44190.66899326598
2018-11-05,101878.65423048675,57320.569624224,44558.08460626274
2018-11-06,102028.22164816684,57320.569624224,44707.65202394284
2018-11-07,103032.92451910491,57320.569624224,45712.354894880904
2018-11-08,102904.49162783612,57320.569624224,45583.92200361212
2018-11-09,102376.12846755316,57320.569624224,45055.55884332916
2018-11-12,101547.00473910914,57320.569624224,44226.435114885135
2018-11-13,101771.35586562929,57320.569624224,44450.78624140529
2018-11-14,101247.86990374894,57320.569624224,43927.300279524934
2018-11-15,101659.1803023692,57320.569624224,44338.61067814521
2018-11-16,101881.90569608849,57320.569624224,44561.33607186449
2018-11-19,101046.27903644097,57320.569624224,43725.709412216966
2018-11-20,100259.42436081958,57320.569624224,42938.85473659558
2018-11-21,100459.38949532667,57320.569624224,43138.81987110267
2018-11-23,100065.96215751598,57320.569624224,42745.392533291975
2018-11-26,100529.2960057641,57320.569624224,43208.7263815401
2018-11-27,100994.25558681312,57320.569624224,43673.68596258911
2018-11-28,101864.0226352789,57320.569624224,44543.45301105491
2018-11-29,101891.66009289371,57320.569624224,44571.09046866971
2018-11-30,102276.95876670006,57320.569624224,44956.38914247605
2018-12-03,102595.60239567069,57320.569624224,45275.0327714467
2018-12-04,101377.92852781859,57320.569624224,44057.358903594584
2018-12-06,101130.81714208625,57320.569624224,43810.24751786225
2018-12-07,100127.74000394906,57320.569624224,42807.17037972506
2018-12-10,100161.88039276734,57320.569624224,42841.310768543335
2018-12-11,100425.24910650839,57320.569624224,43104.67948228438
2018-12-12,100542.30186817108,57320.569624224,43221.73224394707
2018-12-13,100295.19048243873,57320.569624224,42974.62085821473
2018-12-14,99561.98498924606,57320.569624224,42241.41536502207
2018-12-17,98992.97850894133,57320.569624224,41672.40888471734
2018-12-18,98731.23552800117,57320.569624224,41410.66590377717
2018-12-19,98219.12969572691,57320.569624224,40898.560071502914
2018-12-20,97726.5326570631,57320.569624224,40405.96303283911
2018-12-21,96395.05749315005,57320.569624224,39074.487868926044
2018-12-24,95213.14974691709,57320.569624224,37892.580122693085
2018-12-26,97159.15190955925,57320.569624224,39838.58228533525
2018-12-27,97640.36881861696,57320.569624224,40319.79919439296
2018-12-28,97568.83657537866,57320.569624224,40248.266951154656
2018-12-31,97978.52124119806,57320.569624224,40657.95161697406
2019-01-02,97427.3978217029,57320.569624224,40106.828197478906
2019-01-03,96913.66625662778,57320.569624224,39593.09663240378
2019-01-04,98393.08310542008,57320.569624224,41072.513481196074
2019-01-07,98776.75604642555,57320.569624224,41456.18642220154
2019-01-08,99084.0195457901,57320.569624224,41763.4499215661
2019-01-09,99033.6218289631,57320.569624224,41713.052204739106
2019-01-10,99357.14265633636,57320.569624224,42036.57303211237
2019-01-11,99384.78011395117,57320.569624224,42064.21048972717
2019-01-14,99279.10748189458,57320.569624224,41958.53785767057
2019-01-15,99607.50550767046,57320.569624224,42286.93588344645
2019-01-16,99669.28335410354,57320.569624224,42348.713729879535
2019-01-17,100040.54598739899,100040.54598739899,0
2019-01-18,100040.54598739899,100040.54598739899,0
2019-01-22,100040.54598739899,100040.54598739899,0
2019-01-23,100040.54598739899,100040.54598739899,0
2019-01-24,100040.54598739899,100040.54598739899,0
2019-01-25,100040.54598739899,100040.54598739899,0
2019-01-28,100040.54598739899,100040.54598739899,0
2019-01-29,100040.54598739899,100040.54598739899,0
2019-01-30,100040.54598739899,100040.54598739899,0
2019-01-31,100040.54598739899,100040.54598739899,0
2019-02-01,100040.54598739899,100040.54598739899,0
2019-02-04,100040.54598739899,100040.54598739899,0
2019-02-05,100040.54598739899,100040.54598739899,0
2019-02-06,100040.54598739899,100040.54598739899,0
2019-02-07,100040.54598739899,100040.54598739899,0
2019-02-08,100040.54598739899,100040.54598739899,0
2019-02-11,100040.54598739899,100040.54598739899,0
2019-02-12,100040.54598739899,100040.54598739899,0
2019-02-13,100040.54598739899,100040.54598739899,0
2019-02-14,100040.54598739899,100040.54598739899,0
2019-02-15,100040.54598739899,100040.54598739899,0
2019-02-19,100040.54598739899,100040.54598739899,0
2019-02-20,100040.54598739899,100040.54598739899,0
2019-02-21,100040.54598739899,100040.54598739899,0
2019-02-22,100040.54598739899,100040.54598739899,0
2019-02-25,100040.54598739899,100040.54598739899,0
2019-02-26,100040.54598739899,100040.54598739899,0
2019-02-27,100040.54598739899,100040.54598739899,0
2019-02-28,100040.54598739899,100040.54598739899,0
2019-03-01,100040.54598739899,100040.54598739899,0
2019-03-04,100040.54598739899,100040.54598739899,0
2019-03-05,100040.54598739899,100040.54598739899,0
2019-03-06,100040.54598739899,100040.54598739899,0
2019-03-07,100040.54598739899,100040.54598739899,0
2019-03-08,100040.54598739899,100040.54598739899,0
2019-03-11,100040.54598739899,100040.54598739899,0
2019-03-12,100040.54598739899,100040.54598739899,0
2019-03-13,100040.54598739899,100040.54598739899,0
2019-03-14,100040.54598739899,100040.54598739899,0
2019-03-15,100040.54598739899,100040.54598739899,0
2019-03-18,100040.54598739899,100040.54598739899,0
2019-03-19,100040.54598739899,100040.54598739899,0
2019-03-20,100040.54598739899,100040.54598739899,0
2019-03-21,100040.54598739899,100040.54598739899,0
2019-03-22,100040.54598739899,100040.54598739899,0
2019-03-25,100040.54598739899,100040.54598739899,0
2019-03-26,100040.54598739899,100040.54598739899,0
2019-03-27,100040.54598739899,100040.54598739899,0
2019-03-28,100040.54598739899,100040.54598739899,0
2019-03-29,100040.54598739899,100040.54598739899,0
2019-04-01,100040.54598739899,100040.54598739899,0
2019-04-02,100040.54598739899,100040.54598739899,0
2019-04-03,100040.54598739899,100040.54598739899,0
2019-04-04,100040.54598739899,100040.54598739899,0
2019-04-05,100040.54598739899,100040.54598739899,0
2019-04-08,100040.54598739899,100040.54598739899,0
2019-04-09,100040.54598739899,100040.54598739899,0
2019-04-10,100040.54598739899,100040.54598739899,0
2019-04-11,100040.54598739899,100040.54598739899,0
2019-04-12,100040.54598739899,100040.54598739899,0
2019-04-15,100040.54598739899,100040.54598739899,0
2019-04-16,100040.54598739899,100040.54598739899,0
2019-04-17,100040.54598739899,100040.54598739899,0
2019-04-18,100040.54598739899,100040.54598739899,0
2019-04-22,100040.54598739899,100040.54598739899,0
2019-04-23,100040.54598739899,100040.54598739899,0
2019-04-24,100040.54598739899,100040.54598739899,0
2019-04-25,100040.54598739899,100040.54598739899,0
2019-04-26,100040.54598739899,100040.54598739899,0
2019-04-29,100040.54598739899,100040.54598739899,0
2019-04-30,100040.54598739899,100040.54598739899,0
2019-05-01,100040.54598739899,100040.54598739899,0
2019-05-02,100040.54598739899,100040.54598739899,0
2019-05-03,100040.54598739899,100040.54598739899,0
2019-05-06,100040.54598739899,100040.54598739899,0
2019-05-07,100040.54598739899,100040.54598739899,0
2019-05-08,100040.54598739899,100040.54598739899,0
2019-05-09,100040.54598739899,100040.54598739899,0
2019-05-10,100040.54598739899,100040.54598739899,0
2019-05-13,100040.54598739899,100040.54598739899,0
2019-05-14,100040.54598739899,100040.54598739899,0
2019-05-15,100040.54598739899,100040.54598739899,0
2019-05-16,100040.54598739899,100040.54598739899,0
2019-05-17,100040.54598739899,100040.54598739899,0
2019-05-20,100040.54598739899,100040.54598739899,0
2019-05-21,100040.54598739899,100040.54598739899,0
2019-05-22,100040.54598739899,100040.54598739899,0
2019-05-23,100040.54598739899,100040.54598739899,0
2019-05-24,100040.54598739899,100040.54598739899,0
2019-05-28,100040.54598739899,100040.54598739899,0
2019-05-29,100040.54598739899,100040.54598739899,0
2019-05-30,100040.54598739899,100040.54598739899,0
2019-05-31,100040.54598739899,100040.54598739899,0
2019-06-03,100040.54598739899,100040.54598739899,0
2019-06-04,100040.54598739899,100040.54598739899,0
2019-06-05,100040.54598739899,100040.54598739899,0
2019-06-06,100040.54598739899,100040.54598739899,0
2019-06-07,100040.54598739899,100040.54598739899,0
2019-06-10,100040.54598739899,100040.54598739899,0
2019-06-11,100040.54598739899,100040.54598739899,0
2019-06-12,100040.54598739899,100040.54598739899,0
2019-06-13,100040.54598739899,100040.54598739899,0
2019-06-14,100040.54598739899,100040.54598739899,0
2019-06-17,100040.54598739899,100040.54598739899,0
2019-06-18,100040.54598739899,100040.54598739899,0
2019-06-19,100040.54598739899,100040.54598739899,0
2019-06-20,100040.54598739899,100040.54598739899,0
2019-06-21,100040.54598739899,100040.54598739899,0
2019-06-24,100040.54598739899,100040.54598739899,0
2019-06-25,100040.54598739899,100040.54598739899,0
2019-06-26,100040.54598739899,100040.54598739899,0
2019-06-27,100040.54598739899,100040.54598739899,0
2019-06-28,100040.54598739899,100040.54598739899,0
2019-07-01,100040.54598739899,100040.54598739899,0
2019-07-02,100040.54598739899,100040.54598739899,0
2019-07-03,100040.54598739899,100040.54598739899,0
2019-07-05,100040.54598739899,100040.54598739899,0
2019-07-08,100040.54598739899,100040.54598739899,0
2019-07-09,100040.54598739899,100040.54598739899,0
2019-07-10,100040.54598739899,100040.54598739899,0
2019-07-11,100040.54598739899,100040.54598739899,0
2019-07-12,100040.54598739899,100040.54598739899,0
2019-07-15,100040.54598739899,100040.54598739899,0
2019-07-16,100040.54598739899,100040.54598739899,0
2019-07-17,100040.54598739899,100040.54598739899,0
2019-07-18,100040.54598739899,100040.54598739899,0
2019-07-19,100040.54598739899,100040.54598739899,0
2019-07-22,100040.54598739899,100040.54598739899,0
2019-07-23,100040.54598739899,100040.54598739899,0
2019-07-24,100040.54598739899,100040.54598739899,0
2019-07-25,100040.54598739899,100040.54598739899,0
2019-07-26,100040.54598739899,100040.54598739899,0
2019-07-29,100040.54598739899,100040.54598739899,0
2019-07-30,100040.54598739899,100040.54598739899,0
2019-07-31,100040.54598739899,100040.54598739899,0
2019-08-01,100040.54598739899,100040.54598739899,0
2019-08-02,100040.54598739899,100040.54598739899,0
2019-08-05,100040.54598739899,100040.54598739899,0
2019-08-06,100040.54598739899,100040.54598739899,0
2019-08-07,100040.54598739899,100040.54598739899,0
2019-08-08,100040.54598739899,100040.54598739899,0
2019-08-09,100040.54598739899,100040.54598739899,0
2019-08-12,100040.54598739899,100040.54598739899,0
2019-08-13,100040.54598739899,100040.54598739899,0
2019-08-14,100040.54598739899,100040.54598739899,0
2019-08-15,100040.54598739899,100040.54598739899,0
2019-08-16,100040.54598739899,100040.54598739899,0
2019-08-19,100040.54598739899,100040.54598739899,0
2019-08-20,100040.54598739899,100040.54598739899,0
2019-08-21,100040.54598739899,100040.54598739899,0
2019-08-22,100040.54598739899,100040.54598739899,0
2019-08-23,100040.54598739899,100040.54598739899,0
2019-08-26,100040.54598739899,100040.54598739899,0
2019-08-27,100040.54598739899,100040.54598739899,0
2019-08-28,100040.54598739899,100040.54598739899,0
2019-08-29,100040.54598739899,100040.54598739899,0
2019-08-30,100040.54598739899,100040.54598739899,0
2019-09-03,100040.54598739899,100040.54598739899,0
2019-09-04,100040.54598739899,100040.54598739899,0
2019-09-05,100040.54598739899,100040.54598739899,0
2019-09-06,100040.54598739899,100040.54598739899,0
2019-09-09,100040.54598739899,100040.54598739899,0
2019-09-10,100040.54598739899,100040.54598739899,0
2019-09-11,100040.54598739899,100040.54598739899,0
2019-09-12,100040.54598739899,100040.54598739899,0
2019-09-13,100040.54598739899,100040.54598739899,0
2019-09-16,100040.54598739899,100040.54598739899,0
2019-09-17,100040.54598739899,100040.54598739899,0
2019-09-18,100040.54598739899,100040.54598739899,0
2019-09-19,100040.54598739899,100040.54598739899,0
2019-09-20,100040.54598739899,100040.54598739899,0
2019-09-23,100040.54598739899,100040.54598739899,0
2019-09-24,100040.54598739899,100040.54598739899,0
2019-09-25,100040.54598739899,100040.54598739899,0
2019-09-26,100040.54598739899,100040.54598739899,0
2019-09-27,100040.54598739899,100040.54598739899,0
2019-09-30,100040.54598739899,100040.54598739899,0
2019-10-01,100040.54598739899,100040.54598739899,0
2019-10-02,100040.54598739899,100040.54598739899,0
2019-10-03,100040.54598739899,100040.54598739899,0
2019-10-04,100040.54598739899,100040.54598739899,0
2019-10-07,100040.54598739899,100040.54598739899,0
2019-10-08,100040.54598739899,100040.54598739899,0
2019-10-09,100040.54598739899,100040.54598739899,0
2019-10-10,100040.54598739899,100040.54598739899,0
2019-10-11,100040.54598739899,100040.54598739899,0
2019-10-14,100040.54598739899,100040.54598739899,0
2019-10-15,100040.54598739899,100040.54598739899,0
2019-10-16,100040.54598739899,100040.54598739899,0
2019-10-17,100040.54598739899,100040.54598739899,0
2019-10-18,100040.54598739899,100040.54598739899,0
2019-10-21,100040.54598739899,100040.54598739899,0
2019-10-22,100040.54598739899,100040.54598739899,0
2019-10-23,100040.54598739899,100040.54598739899,0
2019-10-24,100040.54598739899,100040.54598739899,0
2019-10-25,100040.54598739899,100040.54598739899,0
2019-10-28,100040.54598739899,100040.54598739899,0
2019-10-29,100040.54598739899,100040.54598739899,0
2019-10-30,100040.54598739899,100040.54598739899,0
2019-10-31,100040.54598739899,100040.54598739899,0
2019-11-01,100040.54598739899,100040.54598739899,0
2019-11-04,100040.54598739899,100040.54598739899,0
2019-11-05,100040.54598739899,100040.54598739899,0
2019-11-06,100040.54598739899,100040.54598739899,0
2019-11-07,100040.54598739899,100040.54598739899,0
2019-11-08,100040.54598739899,100040.54598739899,0
2019-11-11,100040.54598739899,100040.54598739899,0
2019-11-12,100040.54598739899,100040.54598739899,0
2019-11-13,100040.54598739899,100040.54598739899,0
2019-11-14,100040.54598739899,100040.54598739899,0
2019-11-15,100040.54598739899,100040.54598739899,0
2019-11-18,100040.54598739899,100040.54598739899,0
2019-11-19,100040.54598739899,100040.54598739899,0
2019-11-20,100040.54598739899,100040.54598739899,0
2019-11-21,100040.54598739899,100040.54598739899,0
2019-11-22,100040.54598739899,100040.54598739899,0
2019-11-25,100040.54598739899,100040.54598739899,0
2019-11-26,100040.54598739899,100040.54598739899,0
2019-11-27,100040.54598739899,100040.54598739899,0
2019-11-29,100040.54598739899,100040.54598739899,0
2019-12-02,100040.54598739899,100040.54598739899,0
2019-12-03,100040.54598739899,100040.54598739899,0
2019-12-04,100040.54598739899,100040.54598739899,0
2019-12-05,100040.54598739899,100040.54598739899,0
2019-12-06,100040.54598739899,100040.54598739899,0
2019-12-09,100040.54598739899,100040.54598739899,0
2019-12-10,100040.54598739899,100040.54598739899,0
2019-12-11,100040.54598739899,100040.54598739899,0
2019-12-12,100040.54598739899,100040.54598739899,0
2019-12-13,100040.54598739899,100040.54598739899,0
2019-12-16,100040.54598739899,100040.54598739899,0
2019-12-17,100040.54598739899,100040.54598739899,0
2019-12-18,100040.54598739899,100040.54598739899,0
2019-12-19,100040.54598739899,100040.54598739899,0
2019-12-20,100040.54598739899,100040.54598739899,0
2019-12-23,100040.54598739899,100040.54598739899,0
2019-12-24,100040.54598739899,100040.54598739899,0
2019-12-26,100040.54598739899,100040.54598739899,0
2019-12-27,100040.54598739899,100040.54598739899,0
2019-12-30,100040.54598739899,100040.54598739899,0
2019-12-31,100040.54598739899,100040.54598739899,0
2020-01-02,100040.54598739899,100040.54598739899,0
2020-01-03,100040.54598739899,100040.54598739899,0
2020-01-06,100040.54598739899,100040.54598739899,0
2020-01-07,100040.54598739899,100040.54598739899,0
2020-01-08,100040.54598739899,100040.54598739899,0
2020-01-09,100040.54598739899,100040.54598739899,0
2020-01-10,100040.54598739899,100040.54598739899,0
2020-01-13,100040.54598739899,100040.54598739899,0
2020-01-14,100040.54598739899,100040.54598739899,0
2020-01-15,100040.54598739899,100040.54598739899,0
2020-01-16,100040.54598739899,100040.54598739899,0
2020-01-17,100040.54598739899,100040.54598739899,0
2020-01-21,100040.54598739899,100040.54598739899,0
2020-01-22,100040.54598739899,100040.54598739899,0
2020-01-23,100040.54598739899,100040.54598739899,0
2020-01-24,100040.54598739899,100040.54598739899,0
2020-01-27,100040.54598739899,100040.54598739899,0
2020-01-28,100040.54598739899,100040.54598739899,0
2020-01-29,100040.54598739899,100040.54598739899,0
2020-01-30,100040.54598739899,100040.54598739899,0
2020-01-31,100040.54598739899,100040.54598739899,0
2020-02-03,100040.54598739899,100040.54598739899,0
2020-02-04,100040.54598739899,100040.54598739899,0
2020-02-05,100040.54598739899,100040.54598739899,0
2020-02-06,100040.54598739899,100040.54598739899,0
2020-02-07,100040.54598739899,100040.54598739899,0
2020-02-10,100040.54598739899,100040.54598739899,0
2020-02-11,100040.54598739899,100040.54598739899,0
2020-02-12,100040.54598739899,100040.54598739899,0
2020-02-13,100040.54598739899,100040.54598739899,0
2020-02-14,100040.54598739899,100040.54598739899,0
2020-02-18,100040.54598739899,100040.54598739899,0
2020-02-19,100040.54598739899,100040.54598739899,0
2020-02-20,100040.54598739899,100040.54598739899,0
2020-02-21,100040.54598739899,100040.54598739899,0
2020-02-24,100040.54598739899,100040.54598739899,0
2020-02-25,100040.54598739899,100040.54598739899,0
2020-02-26,100040.54598739899,100040.54598739899,0
2020-02-27,100040.54598739899,100040.54598739899,0
2020-02-28,100040.54598739899,100040.54598739899,0
2020-03-02,100040.54598739899,100040.54598739899,0
2020-03-03,100040.54598739899,100040.54598739899,0
2020-03-04,100040.54598739899,100040.54598739899,0
2020-03-05,100040.54598739899,100040.54598739899,0
2020-03-06,100040.54598739899,100040.54598739899,0
2020-03-09,100040.54598739899,100040.54598739899,0
2020-03-10,100040.54598739899,100040.54598739899,0
2020-03-11,100040.54598739899,100040.54598739899,0
2020-03-12,100040.54598739899,100040.54598739899,0
2020-03-13,100040.54598739899,100040.54598739899,0
2020-03-16,100040.54598739899,100040.54598739899,0
2020-03-17,100040.54598739899,100040.54598739899,0
2020-03-18,100040.54598739899,100040.54598739899,0
2020-03-19,100040.54598739899,100040.54598739899,0
2020-03-20,100040.54598739899,100040.54598739899,0
2020-03-23,100040.54598739899,100040.54598739899,0
2020-03-24,100040.54598739899,100040.54598739899,0
2020-03-25,100040.54598739899,100040.54598739899,0
2020-03-26,100040.54598739899,100040.54598739899,0
2020-03-27,100040.54598739899,100040.54598739899,0
2020-03-30,100040.54598739899,100040.54598739899,0
2020-03-31,100040.54598739899,100040.54598739899,0
2020-04-01,100040.54598739899,100040.54598739899,0
2020-04-02,100040.54598739899,100040.54598739899,0
2020-04-03,100040.54598739899,100040.54598739899,0
2020-04-06,100040.54598739899,100040.54598739899,0
2020-04-07,100040.54598739899,100040.54598739899,0
2020-04-08,100040.54598739899,100040.54598739899,0
2020-04-09,100040.54598739899,100040.54598739899,0
2020-04-13,100040.54598739899,100040.54598739899,0
2020-04-14,100040.54598739899,100040.54598739899,0
2020-04-15,100040.54598739899,100040.54598739899,0
2020-04-16,100040.54598739899,100040.54598739899,0
2020-04-17,100040.54598739899,100040.54598739899,0
2020-04-20,100040.54598739899,100040.54598739899,0
2020-04-21,100040.54598739899,100040.54598739899,0
2020-04-22,100040.54598739899,100040.54598739899,0
2020-04-23,100040.54598739899,100040.54598739899,0
2020-04-24,100040.54598739899,100040.54598739899,0
2020-04-27,100040.54598739899,100040.54598739899,0
2020-04-28,100040.54598739899,100040.54598739899,0
2020-04-29,100040.54598739899,100040.54598739899,0
2020-04-30,100040.54598739899,100040.54598739899,0
2020-05-01,100040.54598739899,100040.54598739899,0
2020-05-04,100040.54598739899,100040.54598739899,0
2020-05-05,100040.54598739899,100040.54598739899,0
2020-05-06,100040.54598739899,100040.54598739899,0
2020-05-07,100040.54598739899,100040.54598739899,0
2020-05-08,100040.54598739899,100040.54598739899,0
2020-05-11,100040.54598739899,100040.54598739899,0
2020-05-12,100040.54598739899,100040.54598739899,0
2020-05-13,100040.54598739899,100040.54598739899,0
2020-05-14,100040.54598739899,100040.54598739899,0
2020-05-15,100040.54598739899,100040.54598739899,0
2020-05-18,100040.54598739899,100040.54598739899,0
2020-05-19,100040.54598739899,100040.54598739899,0
2020-05-20,100040.54598739899,100040.54598739899,0
2020-05-21,100040.54598739899,100040.54598739899,0
2020-05-22,100040.54598739899,100040.54598739899,0
2020-05-26,100040.54598739899,100040.54598739899,0
2020-05-27,100040.54598739899,100040.54598739899,0
2020-05-28,100040.54598739899,100040.54598739899,0
2020-05-29,100040.54598739899,100040.54598739899,0
2020-06-01,100040.54598739899,100040.54598739899,0
2020-06-02,100040.54598739899,100040.54598739899,0
2020-06-03,100040.54598739899,100040.54598739899,0
2020-06-04,100040.54598739899,100040.54598739899,0
2020-06-05,100040.54598739899,100040.54598739899,0
2020-06-08,100040.54598739899,100040.54598739899,0
2020-06-09,100040.54598739899,100040.54598739899,0
2020-06-10,100040.54598739899,100040.54598739899,0
2020-06-11,100040.54598739899,100040.54598739899,0
2020-06-12,100040.54598739899,100040.54598739899,0
2020-06-15,100040.54598739899,100040.54598739899,0
2020-06-16,100040.54598739899,100040.54598739899,0
2020-06-17,100040.54598739899,100040.54598739899,0
2020-06-18,100040.54598739899,100040.54598739899,0
2020-06-19,100040.54598739899,100040.54598739899,0
2020-06-22,100040.54598739899,100040.54598739899,0
2020-06-23,100040.54598739899,100040.54598739899,0
2020-06-24,100040.54598739899,100040.54598739899,0
2020-06-25,100040.54598739899,100040.54598739899,0
2020-06-26,100040.54598739899,100040.54598739899,0
2020-06-29,100040.54598739899,100040.54598739899,0
2020-06-30,100040.54598739899,100040.54598739899,0
2020-07-01,100040.54598739899,100040.54598739899,0
2020-07-02,100040.54598739899,100040.54598739899,0
2020-07-06,100040.54598739899,100040.54598739899,0
2020-07-07,100040.54598739899,100040.54598739899,0
2020-07-08,100040.54598739899,100040.54598739899,0
2020-07-09,100040.54598739899,100040.54598739899,0
2020-07-10,100040.54598739899,100040.54598739899,0
2020-07-13,100040.54598739899,100040.54598739899,0
2020-07-14,100040.54598739899,100040.54598739899,0
2020-07-15,100040.54598739899,100040.54598739899,0
2020-07-16,100040.54598739899,100040.54598739899,0
2020-07-17,100040.54598739899,100040.54598739899,0
2020-07-20,100040.54598739899,100040.54598739899,0
2020-07-21,100040.54598739899,100040.54598739899,0
2020-07-22,100040.54598739899,100040.54598739899,0
2020-07-23,100040.54598739899,100040.54598739899,0
2020-07-24,100040.54598739899,100040.54598739899,0
2020-07-27,100040.54598739899,100040.54598739899,0
2020-07-28,100040.54598739899,100040.54598739899,0
2020-07-29,100040.54598739899,100040.54598739899,0
2020-07-30,100040.54598739899,100040.54598739899,0
2020-07-31,100040.54598739899,100040.54598739899,0
2020-08-03,100040.54598739899,100040.54598739899,0
2020-08-04,100040.54598739899,100040.54598739899,0
2020-08-05,100040.54598739899,100040.54598739899,0
2020-08-06,100040.54598739899,100040.54598739899,0
2020-08-07,100040.54598739899,100040.54598739899,0
2020-08-10,100040.54598739899,100040.54598739899,0
2020-08-11,100040.54598739899,100040.54598739899,0
2020-08-12,100040.54598739899,100040.54598739899,0
2020-08-13,100040.54598739899,100040.54598739899,0
2020-08-14,100040.54598739899,100040.54598739899,0
2020-08-17,100040.54598739899,100040.54598739899,0
2020-08-18,100040.54598739899,100040.54598739899,0
2020-08-19,100040.54598739899,100040.54598739899,0
2020-08-20,100040.54598739899,100040.54598739899,0
2020-08-21,100040.54598739899,100040.54598739899,0
2020-08-24,100040.54598739899,100040.54598739899,0
2020-08-25,100040.54598739899,100040.54598739899,0
2020-08-26,100040.54598739899,100040.54598739899,0
2020-08-27,100040.54598739899,100040.54598739899,0
2020-08-28,100040.54598739899,100040.54598739899,0
2020-08-31,100040.54598739899,100040.54598739899,0
2020-09-01,100040.54598739899,100040.54598739899,0
2020-09-02,100040.54598739899,100040.54598739899,0
2020-09-03,100040.54598739899,100040.54598739899,0
2020-09-04,100040.54598739899,100040.54598739899,0
2020-09-08,100040.54598739899,100040.54598739899,0
2020-09-09,100040.54598739899,100040.54598739899,0
2020-09-10,100040.54598739899,100040.54598739899,0
2020-09-11,100040.54598739899,100040.54598739899,0
2020-09-14,100040.54598739899,100040.54598739899,0
2020-09-15,100040.54598739899,100040.54598739899,0
2020-09-16,100040.54598739899,100040.54598739899,0
2020-09-17,100040.54598739899,100040.54598739899,0
2020-09-18,100040.54598739899,100040.54598739899,0
2020-09-21,100040.54598739899,100040.54598739899,0
2020-09-22,100040.54598739899,100040.54598739899,0
2020-09-23,100040.54598739899,100040.54598739899,0
2020-09-24,100040.54598739899,100040.54598739899,0
2020-09-25,100040.54598739899,100040.54598739899,0
2020-09-28,100040.54598739899,100040.54598739899,0
2020-09-29,100040.54598739899,100040.54598739899,0
2020-09-30,100040.54598739899,100040.54598739899,0
2020-10-01,100040.54598739899,100040.54598739899,0
2020-10-02,100040.54598739899,100040.54598739899,0
2020-10-05,100040.54598739899,100040.54598739899,0
2020-10-06,100040.54598739899,100040.54598739899,0
2020-10-07,100040.54598739899,100040.54598739899,0
2020-10-08,100040.54598739899,100040.54598739899,0
2020-10-09,100040.54598739899,100040.54598739899,0
2020-10-12,100040.54598739899,100040.54598739899,0
2020-10-13,100040.54598739899,100040.54598739899,0
2020-10-14,100040.54598739899,100040.54598739899,0
2020-10-15,100040.54598739899,100040.54598739899,0
2020-10-16,100040.54598739899,100040.54598739899,0
2020-10-19,100040.54598739899,100040.54598739899,0
2020-10-20,100040.54598739899,100040.54598739899,0
2020-10-21,100040.54598739899,100040.54598739899,0
2020-10-22,100040.54598739899,100040.54598739899,0
2020-10-23,100040.54598739899,100040.54598739899,0
2020-10-26,100040.54598739899,100040.54598739899,0
2020-10-27,100040.54598739899,100040.54598739899,0
2020-10-28,100040.54598739899,100040.54598739899,0
2020-10-29,100040.54598739899,100040.54598739899,0
2020-10-30,100040.54598739899,100040.54598739899,0
2020-11-02,100040.54598739899,100040.54598739899,0
2020-11-03,100040.54598739899,100040.54598739899,0
2020-11-04,100040.54598739899,100040.54598739899,0
2020-11-05,100040.54598739899,100040.54598739899,0
2020-11-06,100040.54598739899,100040.54598739899,0
2020-11-09,100040.54598739899,100040.54598739899,0
2020-11-10,100040.54598739899,100040.54598739899,0
2020-11-11,100040.54598739899,100040.54598739899,0
2020-11-12,100040.54598739899,100040.54598739899,0
2020-11-13,100040.54598739899,100040.54598739899,0
2020-11-16,100040.54598739899,100040.54598739899,0
2020-11-17,100040.54598739899,100040.54598739899,0
2020-11-18,100040.54598739899,100040.54598739899,0
2020-11-19,100040.54598739899,100040.54598739899,0
2020-11-20,100040.54598739899,100040.54598739899,0
2020-11-23,100040.54598739899,100040.54598739899,0
2020-11-24,100040.54598739899,100040.54598739899,0
2020-11-25,100040.54598739899,100040.54598739899,0
2020-11-27,100040.54598739899,100040.54598739899,0
2020-11-30,100040.54598739899,100040.54598739899,0
2020-12-01,100040.54598739899,100040.54598739899,0
2020-12-02,100040.54598739899,100040.54598739899,0
2020-12-03,100040.54598739899,100040.54598739899,0
2020-12-04,100040.54598739899,100040.54598739899,0
2020-12-07,100040.54598739899,100040.54598739899,0
2020-12-08,100040.54598739899,100040.54598739899,0
2020-12-09,100040.54598739899,100040.54598739899,0
2020-12-10,100040.54598739899,100040.54598739899,0
2020-12-11,100040.54598739899,100040.54598739899,0
2020-12-14,100040.54598739899,100040.54598739899,0
2020-12-15,100040.54598739899,100040.54598739899,0
2020-12-16,100040.54598739899,100040.54598739899,0
2020-12-17,100040.54598739899,100040.54598739899,0
2020-12-18,100040.54598739899,100040.54598739899,0
2020-12-21,100040.54598739899,100040.54598739899,0
2020-12-22,100040.54598739899,100040.54598739899,0
2020-12-23,100040.54598739899,100040.54598739899,0
2020-12-24,100040.54598739899,100040.54598739899,0
2020-12-28,100040.54598739899,100040.54598739899,0
2020-12-29,100040.54598739899,100040.54598739899,0
2020-12-30,100040.54598739899,100040.54598739899,0
2020-12-31,100040.54598739899,100040.54598739899,0
2021-01-04,100040.54598739899,100040.54598739899,0
2021-01-05,100040.54598739899,100040.54598739899,0
2021-01-06,100040.54598739899,100040.54598739899,0
2021-01-07,100040.54598739899,100040.54598739899,0
2021-01-08,100040.54598739899,100040.54598739899,0
2021-01-11,100040.54598739899,100040.54598739899,0
2021-01-12,100040.54598739899,100040.54598739899,0
2021-01-13,100040.54598739899,100040.54598739899,0
2021-01-14,100040.54598739899,100040.54598739899,0
2021-01-15,100040.54598739899,100040.54598739899,0
2021-01-19,100040.54598739899,100040.54598739899,0
2021-01-20,100040.54598739899,100040.54598739899,0
2021-01-21,100040.54598739899,100040.54598739899,0
2021-01-22,100040.54598739899,100040.54598739899,0
2021-01-25,100040.54598739899,100040.54598739899,0
2021-01-26,100040.54598739899,100040.54598739899,0
2021-01-27,100040.54598739899,100040.54598739899,0
2021-01-28,100040.54598739899,100040.54598739899,0
2021-01-29,100040.54598739899,100040.54598739899,0
2021-02-01,100040.54598739899,100040.54598739899,0
2021-02-02,100040.54598739899,100040.54598739899,0
2021-02-03,100040.54598739899,100040.54598739899,0
2021-02-04,100040.54598739899,100040.54598739899,0
2021-02-05,100040.54598739899,100040.54598739899,0
2021-02-08,100040.54598739899,100040.54598739899,0
2021-02-09,100040.54598739899,100040.54598739899,0
2021-02-10,100040.54598739899,100040.54598739899,0
2021-02-11,100040.54598739899,100040.54598739899,0
2021-02-12,100040.54598739899,100040.54598739899,0
2021-02-16,100040.54598739899,100040.54598739899,0
2021-02-17,100040.54598739899,100040.54598739899,0
2021-02-18,100040.54598739899,100040.54598739899,0
2021-02-19,100040.54598739899,100040.54598739899,0
2021-02-22,100040.54598739899,100040.54598739899,0
2021-02-23,100040.54598739899,100040.54598739899,0
2021-02-24,100040.54598739899,100040.54598739899,0
2021-02-25,100040.54598739899,100040.54598739899,0
2021-02-26,100040.54598739899,100040.54598739899,0
2021-03-01,100040.54598739899,100040.54598739899,0
2021-03-02,100040.54598739899,100040.54598739899,0
2021-03-03,100040.54598739899,100040.54598739899,0
2021-03-04,100040.54598739899,100040.54598739899,0
2021-03-05,100040.54598739899,100040.54598739899,0
2021-03-08,100040.54598739899,100040.54598739899,0
2021-03-09,100040.54598739899,100040.54598739899,0
2021-03-10,100040.54598739899,100040.54598739899,0
2021-03-11,100040.54598739899,100040.54598739899,0
2021-03-12,100040.54598739899,100040.54598739899,0
2021-03-15,100040.54598739899,100040.54598739899,0
2021-03-16,100040.54598739899,100040.54598739899,0
2021-03-17,100040.54598739899,100040.54598739899,0
2021-03-18,100040.54598739899,100040.54598739899,0
2021-03-19,100040.54598739899,100040.54598739899,0
2021-03-22,100040.54598739899,100040.54598739899,0
2021-03-23,100040.54598739899,100040.54598739899,0
2021-03-24,100040.54598739899,100040.54598739899,0
2021-03-25,100040.54598739899,100040.54598739899,0
2021-03-26,100040.54598739899,100040.54598739899,0
2021-03-29,100040.54598739899,100040.54598739899,0
2021-03-30,100040.54598739899,100040.54598739899,0
2021-03-31,100040.54598739899,100040.54598739899,0
2021-04-01,100040.54598739899,100040.54598739899,0
2021-04-05,100040.54598739899,100040.54598739899,0
2021-04-06,100040.54598739899,100040.54598739899,0
2021-04-07,100040.54598739899,100040.54598739899,0
2021-04-08,100040.54598739899,100040.54598739899,0
2021-04-09,100040.54598739899,100040.54598739899,0
2021-04-12,100040.54598739899,100040.54598739899,0
2021-04-13,100040.54598739899,100040.54598739899,0
2021-04-14,100040.54598739899,100040.54598739899,0
2021-04-15,100040.54598739899,100040.54598739899,0
2021-04-16,100040.54598739899,100040.54598739899,0
2021-04-19,100040.54598739899,100040.54598739899,0
2021-04-20,100040.54598739899,100040.54598739899,0
2021-04-21,100040.54598739899,100040.54598739899,0
2021-04-22,100040.54598739899,100040.54598739899,0
2021-04-23,100040.54598739899,100040.54598739899,0
2021-04-26,100040.54598739899,100040.54598739899,0
2021-04-27,100040.54598739899,100040.54598739899,0
2021-04-28,100040.54598739899,100040.54598739899,0
2021-04-29,100040.54598739899,100040.54598739899,0
2021-04-30,100040.54598739899,100040.54598739899,0
2021-05-03,100040.54598739899,100040.54598739899,0
2021-05-04,100040.54598739899,100040.54598739899,0
2021-05-05,100040.54598739899,100040.54598739899,0
2021-05-06,100040.54598739899,100040.54598739899,0
2021-05-07,100040.54598739899,100040.54598739899,0
2021-05-10,100040.54598739899,100040.54598739899,0
2021-05-11,100040.54598739899,100040.54598739899,0
2021-05-12,100040.54598739899,100040.54598739899,0
2021-05-13,100040.54598739899,100040.54598739899,0
2021-05-14,100040.54598739899,100040.54598739899,0
2021-05-17,100040.54598739899,100040.54598739899,0
2021-05-18,100040.54598739899,100040.54598739899,0
2021-05-19,100040.54598739899,100040.54598739899,0
2021-05-20,100040.54598739899,100040.54598739899,0
2021-05-21,100040.54598739899,100040.54598739899,0
2021-05-24,100040.54598739899,100040.54598739899,0
2021-05-25,100040.54598739899,100040.54598739899,0
2021-05-26,100040.54598739899,100040.54598739899,0
2021-05-27,100040.54598739899,100040.54598739899,0
2021-05-28,100040.54598739899,100040.54598739899,0
2021-06-01,100040.54598739899,100040.54598739899,0
2021-06-02,100040.54598739899,100040.54598739899,0
2021-06-03,100040.54598739899,100040.54598739899,0
2021-06-04,100040.54598739899,100040.54598739899,0
2021-06-07,100040.54598739899,100040.54598739899,0
2021-06-08,100040.54598739899,100040.54598739899,0
2021-06-09,100040.54598739899,100040.54598739899,0
2021-06-10,100040.54598739899,100040.54598739899,0
2021-06-11,100040.54598739899,100040.54598739899,0
2021-06-14,100040.54598739899,100040.54598739899,0
2021-06-15,100040.54598739899,100040.54598739899,0
2021-06-16,100040.54598739899,100040.54598739899,0
2021-06-17,100040.54598739899,100040.54598739899,0
2021-06-18,100040.54598739899,100040.54598739899,0
2021-06-21,100040.54598739899,100040.54598739899,0
2021-06-22,100040.54598739899,100040.54598739899,0
2021-06-23,100040.54598739899,100040.54598739899,0
2021-06-24,100040.54598739899,100040.54598739899,0
2021-06-25,100040.54598739899,100040.54598739899,0
2021-06-28,100040.54598739899,100040.54598739899,0
2021-06-29,100040.54598739899,100040.54598739899,0
2021-06-30,100040.54598739899,100040.54598739899,0
2021-07-01,100040.54598739899,100040.54598739899,0
2021-07-02,100040.54598739899,100040.54598739899,0
2021-07-06,100040.54598739899,100040.54598739899,0
2021-07-07,100040.54598739899,100040.54598739899,0
2021-07-08,100040.54598739899,100040.54598739899,0
2021-07-09,100040.54598739899,100040.54598739899,0
2021-07-12,100040.54598739899,100040.54598739899,0
2021-07-13,100040.54598739899,100040.54598739899,0
2021-07-14,100040.54598739899,100040.54598739899,0
2021-07-15,100040.54598739899,100040.54598739899,0
2021-07-16,100040.54598739899,100040.54598739899,0
2021-07-19,100040.54598739899,100040.54598739899,0
2021-07-20,100040.54598739899,100040.54598739899,0
2021-07-21,100040.54598739899,100040.54598739899,0
2021-07-22,100040.54598739899,100040.54598739899,0
2021-07-23,100040.54598739899,100040.54598739899,0
2021-07-26,100040.54598739899,100040.54598739899,0
2021-07-27,100040.54598739899,100040.54598739899,0
2021-07-28,100040.54598739899,100040.54598739899,0
2021-07-29,100040.54598739899,100040.54598739899,0
2021-07-30,100040.54598739899,100040.54598739899,0
2021-08-02,100040.54598739899,100040.54598739899,0
2021-08-03,100040.54598739899,100040.54598739899,0
2021-08-04,100040.54598739899,100040.54598739899,0
2021-08-05,100040.54598739899,100040.54598739899,0
2021-08-06,100040.54598739899,100040.54598739899,0
2021-08-09,100040.54598739899,100040.54598739899,0
2021-08-10,100040.54598739899,100040.54598739899,0
2021-08-11,100040.54598739899,100040.54598739899,0
2021-08-12,100040.54598739899,100040.54598739899,0
2021-08-13,100040.54598739899,100040.54598739899,0
2021-08-16,100040.54598739899,100040.54598739899,0
2021-08-17,100040.54598739899,100040.54598739899,0
2021-08-18,100040.54598739899,100040.54598739899,0
2021-08-19,100040.54598739899,100040.54598739899,0
2021-08-20,100040.54598739899,100040.54598739899,0
2021-08-23,100040.54598739899,100040.54598739899,0
2021-08-24,100040.54598739899,100040.54598739899,0
2021-08-25,100040.54598739899,100040.54598739899,0
2021-08-26,100040.54598739899,100040.54598739899,0
2021-08-27,100040.54598739899,100040.54598739899,0
2021-08-30,100040.54598739899,100040.54598739899,0
2021-08-31,100040.54598739899,100040.54598739899,0
2021-09-01,100040.54598739899,100040.54598739899,0
2021-09-02,100040.54598739899,100040.54598739899,0
2021-09-03,100040.54598739899,100040.54598739899,0
2021-09-07,100040.54598739899,100040.54598739899,0
2021-09-08,100040.54598739899,100040.54598739899,0
2021-09-09,100040.54598739899,100040.54598739899,0
2021-09-10,100040.54598739899,100040.54598739899,0
2021-09-13,100040.54598739899,100040.54598739899,0
2021-09-14,100040.54598739899,100040.54598739899,0
2021-09-15,100040.54598739899,100040.54598739899,0
2021-09-16,100040.54598739899,100040.54598739899,0
2021-09-17,100040.54598739899,100040.54598739899,0
2021-09-20,100040.54598739899,100040.54598739899,0
2021-09-21,100040.54598739899,100040.54598739899,0
2021-09-22,100040.54598739899,100040.54598739899,0
2021-09-23,100040.54598739899,100040.54598739899,0
2021-09-24,100040.54598739899,100040.54598739899,0
2021-09-27,100040.54598739899,100040.54598739899,0
2021-09-28,100040.54598739899,100040.54598739899,0
2021-09-29,100040.54598739899,100040.54598739899,0
2021-09-30,100040.54598739899,100040.54598739899,0
2021-10-01,100040.54598739899,100040.54598739899,0
2021-10-04,100040.54598739899,100040.54598739899,0
2021-10-05,100040.54598739899,100040.54598739899,0
2021-10-06,100040.54598739899,100040.54598739899,0
2021-10-07,100040.54598739899,100040.54598739899,0
2021-10-08,100040.54598739899,100040.54598739899,0
2021-10-11,100040.54598739899,100040.54598739899,0
2021-10-12,100040.54598739899,100040.54598739899,0
2021-10-13,100040.54598739899,100040.54598739899,0
2021-10-14,100040.54598739899,100040.54598739899,0
2021-10-15,100040.54598739899,100040.54598739899,0
2021-10-18,100040.54598739899,100040.54598739899,0
2021-10-19,100040.54598739899,100040.54598739899,0
2021-10-20,100040.54598739899,100040.54598739899,0
2021-10-21,100040.54598739899,100040.54598739899,0
2021-10-22,100040.54598739899,100040.54598739899,0
2021-10-25,100040.54598739899,100040.54598739899,0
2021-10-26,100040.54598739899,100040.54598739899,0
2021-10-27,100040.54598739899,100040.54598739899,0
2021-10-28,100040.54598739899,100040.54598739899,0
2021-10-29,100040.54598739899,100040.54598739899,0
2021-11-01,100040.54598739899,100040.54598739899,0
2021-11-02,100040.54598739899,100040.54598739899,0
2021-11-03,100040.54598739899,100040.54598739899,0
2021-11-04,100040.54598739899,100040.54598739899,0
2021-11-05,100040.54598739899,100040.54598739899,0
2021-11-08,100040.54598739899,100040.54598739899,0
2021-11-09,100040.54598739899,100040.54598739899,0
2021-11-10,100040.54598739899,100040.54598739899,0
2021-11-11,100040.54598739899,100040.54598739899,0
2021-11-12,100040.54598739899,100040.54598739899,0
2021-11-15,100040.54598739899,100040.54598739899,0
2021-11-16,100040.54598739899,100040.54598739899,0
2021-11-17,100040.54598739899,100040.54598739899,0
2021-11-18,100040.54598739899,100040.54598739899,0
2021-11-19,100040.54598739899,100040.54598739899,0
2021-11-22,100040.54598739899,100040.54598739899,0
2021-11-23,100040.54598739899,100040.54598739899,0
2021-11-24,100040.54598739899,100040.54598739899,0
2021-11-26,100040.54598739899,100040.54598739899,0
2021-11-29,100040.54598739899,100040.54598739899,0
2021-11-30,100040.54598739899,100040.54598739899,0
2021-12-01,100040.54598739899,100040.54598739899,0
2021-12-02,100040.54598739899,100040.54598739899,0
2021-12-03,100040.54598739899,100040.54598739899,0
2021-12-06,100040.54598739899,100040.54598739899,0
2021-12-07,100040.54598739899,100040.54598739899,0
2021-12-08,100040.54598739899,100040.54598739899,0
2021-12-09,100040.54598739899,100040.54598739899,0
2021-12-10,100040.54598739899,100040.54598739899,0
2021-12-13,100040.54598739899,100040.54598739899,0
2021-12-14,100040.54598739899,100040.54598739899,0
2021-12-15,100040.54598739899,100040.54598739899,0
2021-12-16,100040.54598739899,100040.54598739899,0
2021-12-17,100040.54598739899,100040.54598739899,0
2021-12-20,100040.54598739899,100040.54598739899,0
2021-12-21,100040.54598739899,100040.54598739899,0
2021-12-22,100040.54598739899,100040.54598739899,0
2021-12-23,100040.54598739899,100040.54598739899,0
2021-12-27,100040.54598739899,100040.54598739899,0
2021-12-28,100040.54598739899,100040.54598739899,0
2021-12-29,100040.54598739899,100040.54598739899,0
2021-12-30,100040.54598739899,100040.54598739899,0
2021-12-31,100040.54598739899,100040.54598739899,0
2022-01-03,100040.54598739899,100040.54598739899,0
2022-01-04,100040.54598739899,100040.54598739899,0
2022-01-05,100040.54598739899,100040.54598739899,0
2022-01-06,100040.54598739899,100040.54598739899,0
2022-01-07,100040.54598739899,100040.54598739899,0
2022-01-10,100040.54598739899,100040.54598739899,0
2022-01-11,100040.54598739899,100040.54598739899,0
2022-01-12,100040.54598739899,100040.54598739899,0
2022-01-13,100040.54598739899,100040.54598739899,0
2022-01-14,100040.54598739899,100040.54598739899,0
2022-01-18,100040.54598739899,100040.54598739899,0
2022-01-19,100040.54598739899,100040.54598739899,0
2022-01-20,100040.54598739899,100040.54598739899,0
2022-01-21,100040.54598739899,100040.54598739899,0
2022-01-24,100040.54598739899,100040.54598739899,0
2022-01-25,100040.54598739899,100040.54598739899,0
2022-01-26,100040.54598739899,100040.54598739899,0
2022-01-27,100040.54598739899,100040.54598739899,0
2022-01-28,100040.54598739899,100040.54598739899,0
2022-01-31,100040.54598739899,100040.54598739899,0
2022-02-01,100040.54598739899,100040.54598739899,0
2022-02-02,100040.54598739899,100040.54598739899,0
2022-02-03,100040.54598739899,100040.54598739899,0
2022-02-04,100040.54598739899,100040.54598739899,0
2022-02-07,100040.54598739899,100040.54598739899,0
2022-02-08,100040.54598739899,100040.54598739899,0
2022-02-09,100040.54598739899,100040.54598739899,0
2022-02-10,100040.54598739899,100040.54598739899,0
2022-02-11,100040.54598739899,100040.54598739899,0
2022-02-14,100040.54598739899,100040.54598739899,0
2022-02-15,100040.54598739899,100040.54598739899,0
2022-02-16,100040.54598739899,100040.54598739899,0
2022-02-17,100040.54598739899,100040.54598739899,0
2022-02-18,100040.54598739899,100040.54598739899,0
2022-02-22,100040.54598739899,100040.54598739899,0
2022-02-23,100040.54598739899,100040.54598739899,0
2022-02-24,100040.54598739899,100040.54598739899,0
2022-02-25,100040.54598739899,100040.54598739899,0
2022-02-28,100040.54598739899,100040.54598739899,0
2022-03-01,100040.54598739899,100040.54598739899,0
2022-03-02,100040.54598739899,100040.54598739899,0
2022-03-03,100040.54598739899,100040.54598739899,0
2022-03-04,100040.54598739899,100040.54598739899,0
2022-03-07,100040.54598739899,100040.54598739899,0
2022-03-08,100040.54598739899,100040.54598739899,0
2022-03-09,100040.54598739899,100040.54598739899,0
2022-03-10,100040.54598739899,100040.54598739899,0
2022-03-11,100040.54598739899,100040.54598739899,0
2022-03-14,100040.54598739899,100040.54598739899,0
2022-03-15,100040.54598739899,100040.54598739899,0
2022-03-16,100040.54598739899,100040.54598739899,0
2022-03-17,100040.54598739899,100040.54598739899,0
2022-03-18,100040.54598739899,100040.54598739899,0
2022-03-21,100040.54598739899,100040.54598739899,0
2022-03-22,100040.54598739899,100040.54598739899,0
2022-03-23,100040.54598739899,100040.54598739899,0
2022-03-24,100040.54598739899,100040.54598739899,0
2022-03-25,100040.54598739899,100040.54598739899,0
2022-03-28,100040.54598739899,100040.54598739899,0
2022-03-29,100040.54598739899,100040.54598739899,0
2022-03-30,100040.54598739899,100040.54598739899,0
2022-03-31,100040.54598739899,100040.54598739899,0
2022-04-01,100040.54598739899,100040.54598739899,0
2022-04-04,100040.54598739899,100040.54598739899,0
2022-04-05,100040.54598739899,100040.54598739899,0
2022-04-06,100040.54598739899,100040.54598739899,0
2022-04-07,99952.45241624773,55927.67922720962,44024.77318903811
2022-04-08,99756.45574102274,55927.67922720962,43828.77651381312
2022-04-11,99014.60832529614,55927.67922720962,43086.92909808652
2022-04-12,99017.54827542452,55927.67922720962,43089.86904821489
2022-04-13,99342.90275629799,55927.67922720962,43415.22352908838
2022-04-14,98833.31140071302,55927.67922720962,42905.6321735034
2022-04-18,99058.70757722176,55927.67922720962,43131.028350012144
2022-04-19,99382.102091343,55927.67922720962,43454.42286413338
2022-04-20,99653.55748652961,55927.67922720962,43725.878259319994
2022-04-21,98748.05284699015,55927.67922720962,42820.37361978053
2022-04-22,97501.5139925592,55927.67922720962,41573.834765349566
2022-04-25,97910.1670604033,55927.67922720962,41982.48783319368
2022-04-26,96753.78667657584,55927.67922720962,40826.107449366216
2022-04-27,97142.84007689744,55927.67922720962,41215.160849687825
2022-04-28,97470.15452452318,55927.67922720962,41542.47529731357
2022-04-29,96435.29207933522,55927.67922720962,40507.6128521256
2022-05-02,96509.77081592072,55927.67922720962,40582.0915887111
2022-05-03,96785.14614461183,55927.67922720962,40857.46691740221
2022-05-04,97886.6474593763,55927.67922720962,41958.96823216668
2022-05-05,96521.53061643422,55927.67922720962,40593.8513892246
2022-05-06,96175.59648466209,55927.67922720962,40247.91725745248
2022-05-09,95075.07515327376,55927.67922720962,39147.39592606414
2022-05-10,94995.69649980764,55927.67922720962,39068.01727259802
2022-05-11,94524.32449589153,55927.67922720962,38596.64526868191
2022-05-12,94524.32449589153,55927.67922720962,38596.64526868191
2022-05-13,95283.81161238838,55927.67922720962,39356.13238517876
2022-05-16,95168.17357400563,55927.67922720962,39240.49434679602
2022-05-17,95929.62065725474,55927.67922720962,40001.94143004512
2022-05-18,94099.01171065329,55927.67922720962,38171.33248344367
2022-05-19,94197.99003164191,55927.67922720962,38270.310804432294
2022-05-20,94207.78986540317,55927.67922720962,38280.110638193546
2022-05-23,94588.02341533964,55927.67922720962,38660.34418813003
2022-05-24,94692.88163658502,55927.67922720962,38765.2024093754
2022-05-25,94802.63977471102,55927.67922720962,38874.960547501396
2022-05-26,95658.16526206813,55927.67922720962,39730.4860348585
2022-05-27,96763.58651033707,55927.67922720962,40835.90728312746
2022-05-31,96554.85005122246,55927.67922720962,40627.17082401284
2022-06-01,95956.0802084101,55927.67922720962,40028.40098120049
2022-06-02,96890.98434923333,55927.67922720962,40963.30512202371
2022-06-03,96136.39714961711,55927.67922720962,40208.717922407486
2022-06-06,96293.1944897971,55927.67922720962,40365.515262587476
2022-06-07,96552.89008447021,55927.67922720962,40625.210857260594
2022-06-08,96263.79498851334,55927.67922720962,40336.11576130373
2022-06-09,95332.81078119462,55927.67922720962,39405.13155398501
2022-06-10,94175.45041399104,55927.67922720962,38247.77118678142
2022-06-13,92778.97410301297,55927.67922720962,36851.29487580334
2022-06-14,92741.73473472022,55927.67922720962,36814.055507510595
2022-06-15,93334.62467727582,55927.67922720962,37406.945450066196
2022-06-16,91958.72801719636,55927.67922720962,36031.048789986744
2022-06-17,91827.41024479561,55927.67922720962,35899.73101758599
2022-06-21,92644.71638048385,55927.67922720962,36717.03715327422
2022-06-22,92448.71970525885,55927.67922720962,36521.040478049224
2022-06-23,92850.51288947009,55927.67922720962,36922.83366226046
2022-06-24,94110.7715111668,55927.67922720962,38183.09228395717
2022-06-27,94057.85240885604,55927.67922720962,38130.17318164642
2022-06-28,93284.64552509345,55927.67922720962,37356.966297883824
2022-06-29,93170.96745346294,55927.67922720962,37243.28822625333
2022-06-30,92909.31189203757,55927.67922720962,36981.63266482796
2022-07-01,93271.90574120381,55927.67922720962,37344.226513994196
2022-07-05,93260.14594069032,55927.67922720962,37332.466713480695
2022-07-06,93517.88156861119,55927.67922720962,37590.202341401564
2022-07-07,93966.71395487642,55927.67922720962,38039.0347276668
2022-07-08,94018.65307381105,55927.67922720962,38090.973846601424
2022-07-11,93641.35947400294,55927.67922720962,37713.68024679331
2022-07-12,93229.76645603045,55927.67922720962,37302.08722882083
2022-07-13,92818.17343805796,55927.67922720962,36890.49421084834
2022-07-14,93123.92825140894,55927.67922720962,37196.24902419933
2022-07-15,93676.63887554343,55927.67922720962,37748.95964833381
2022-07-18,93462.02251617206,55927.67922720962,37534.34328896244
2022-07-19,94441.02590892091,55927.67922720962,38513.346681711286
2022-07-20,94559.60389743203,55927.67922720962,38631.924670222405
2022-07-21,94833.99924274703,55927.67922720962,38906.3200155374
2022-07-22,94578.22358157841,55927.67922720962,38650.54435436878
2022-07-25,94559.60389743203,55927.67922720962,38631.924670222405
2022-07-26,94544.90414679016,55927.67922720962,38617.224919580534
2022-07-27,95176.01344101463,55927.67922720962,39248.334213805014
2022-07-28,95941.38045776825,55927.67922720962,40013.70123055862
2022-07-29,96250.07522124759,55927.67922720962,40322.39599403798
2022-08-01,96119.73743222299,55927.67922720962,40192.05820501336
2022-08-02,95926.68070712636,55927.67922720962,39999.00147991674
2022-08-03,96475.47139775634,55927.67922720962,40547.79217054672
2022-08-04,96521.53061643422,55927.67922720962,40593.8513892246
2022-08-05,96396.09274429022,55927.67922720962,40468.4135170806
2022-08-08,96511.73078267297,55927.67922720962,40584.051555463346
2022-08-09,96282.41467265972,55927.67922720962,40354.735445450104
2022-08-10,97094.82089146733,55927.67922720962,41167.1416642577
2022-08-11,97126.18035950331,55927.67922720962,41198.5011322937
2022-08-12,97707.90311611266,97707.90311611266,0
2022-08-15,97707.90311611266,97707.90311611266,0
2022-08-16,97707.90311611266,97707.90311611266,0
2022-08-17,97707.90311611266,97707.90311611266,0
2022-08-18,97707.90311611266,97707.90311611266,0
2022-08-19,97707.90311611266,97707.90311611266,0
2022-08-22,97707.90311611266,97707.90311611266,0
2022-08-23,97707.90311611266,97707.90311611266,0
2022-08-24,97707.90311611266,97707.90311611266,0
2022-08-25,97707.90311611266,97707.90311611266,0
2022-08-26,97707.90311611266,97707.90311611266,0
2022-08-29,97707.90311611266,97707.90311611266,0
2022-08-30,97707.90311611266,97707.90311611266,0
2022-08-31,97707.90311611266,97707.90311611266,0
2022-09-01,97707.90311611266,97707.90311611266,0
2022-09-02,97707.90311611266,97707.90311611266,0
2022-09-06,97707.90311611266,97707.90311611266,0
2022-09-07,97707.90311611266,97707.90311611266,0
2022-09-08,97707.90311611266,97707.90311611266,0
2022-09-09,97707.90311611266,97707.90311611266,0
2022-09-12,97707.90311611266,97707.90311611266,0
2022-09-13,97707.90311611266,97707.90311611266,0
2022-09-14,97707.90311611266,97707.90311611266,0
2022-09-15,97707.90311611266,97707.90311611266,0
2022-09-16,97707.90311611266,97707.90311611266,0
2022-09-19,97707.90311611266,97707.90311611266,0
2022-09-20,97707.90311611266,97707.90311611266,0
2022-09-21,97707.90311611266,97707.90311611266,0
2022-09-22,97707.90311611266,97707.90311611266,0
2022-09-23,97707.90311611266,97707.90311611266,0
2022-09-26,97707.90311611266,97707.90311611266,0
2022-09-27,97707.90311611266,97707.90311611266,0
2022-09-28,97707.90311611266,97707.90311611266,0
2022-09-29,97707.90311611266,97707.90311611266,0
2022-09-30,97707.90311611266,97707.90311611266,0
2022-10-03,97707.90311611266,97707.90311611266,0
2022-10-04,97707.90311611266,97707.90311611266,0
2022-10-05,97707.90311611266,97707.90311611266,0
2022-10-06,97707.90311611266,97707.90311611266,0
2022-10-07,97707.90311611266,97707.90311611266,0
2022-10-10,97707.90311611266,97707.90311611266,0
2022-10-11,97707.90311611266,97707.90311611266,0
2022-10-12,97707.90311611266,97707.90311611266,0
2022-10-13,97707.90311611266,97707.90311611266,0
2022-10-14,97707.90311611266,97707.90311611266,0
2022-10-17,97707.90311611266,97707.90311611266,0
2022-10-18,97707.90311611266,97707.90311611266,0
2022-10-19,97707.90311611266,97707.90311611266,0
2022-10-20,97707.90311611266,97707.90311611266,0
2022-10-21,97707.90311611266,97707.90311611266,0
2022-10-24,97707.90311611266,97707.90311611266,0
2022-10-25,97707.90311611266,97707.90311611266,0
2022-10-26,97707.90311611266,97707.90311611266,0
2022-10-27,97707.90311611266,97707.90311611266,0
2022-10-28,97707.90311611266,97707.90311611266,0
2022-10-31,97707.90311611266,97707.90311611266,0
2022-11-01,97707.90311611266,97707.90311611266,0
2022-11-02,97707.90311611266,97707.90311611266,0
2022-11-03,97707.90311611266,97707.90311611266,0
2022-11-04,97707.90311611266,97707.90311611266,0
2022-11-07,97707.90311611266,97707.90311611266,0
2022-11-08,97707.90311611266,97707.90311611266,0
2022-11-09,97707.90311611266,97707.90311611266,0
2022-11-10,97707.90311611266,97707.90311611266,0
2022-11-11,97707.90311611266,97707.90311611266,0
2022-11-14,97707.90311611266,97707.90311611266,0
2022-11-15,97707.90311611266,97707.90311611266,0
2022-11-16,97707.90311611266,97707.90311611266,0
2022-11-17,97707.90311611266,97707.90311611266,0
2022-11-18,97707.90311611266,97707.90311611266,0
2022-11-21,97707.90311611266,97707.90311611266,0
2022-11-22,97707.90311611266,97707.90311611266,0
2022-11-23,97707.90311611266,97707.90311611266,0
2022-11-25,97707.90311611266,97707.90311611266,0
2022-11-28,97707.90311611266,97707.90311611266,0
2022-11-29,97707.90311611266,97707.90311611266,0
2022-11-30,97707.90311611266,97707.90311611266,0
2022-12-01,97707.90311611266,97707.90311611266,0
2022-12-02,97707.90311611266,97707.90311611266,0
2022-12-05,97707.90311611266,97707.90311611266,0
2022-12-06,97707.90311611266,97707.90311611266,0
2022-12-07,97707.90311611266,97707.90311611266,0
2022-12-08,97707.90311611266,97707.90311611266,0
2022-12-09,97707.90311611266,97707.90311611266,0
2022-12-12,97707.90311611266,97707.90311611266,0
2022-12-13,97707.90311611266,97707.90311611266,0
2022-12-14,97707.90311611266,97707.90311611266,0
2022-12-15,97707.90311611266,97707.90311611266,0
2022-12-16,97707.90311611266,97707.90311611266,0
2022-12-19,97707.90311611266,97707.90311611266,0
2022-12-20,97707.90311611266,97707.90311611266,0
2022-12-21,97707.90311611266,97707.90311611266,0
2022-12-22,97707.90311611266,97707.90311611266,0
2022-12-23,97707.90311611266,97707.90311611266,0
2022-12-27,97707.90311611266,97707.90311611266,0
2022-12-28,97707.90311611266,97707.90311611266,0
2022-12-29,97707.90311611266,97707.90311611266,0
2022-12-30,97707.90311611266,97707.90311611266,0
2023-01-03,97707.90311611266,97707.90311611266,0
2023-01-04,97707.90311611266,97707.90311611266,0
2023-01-05,97707.90311611266,97707.90311611266,0
2023-01-06,97707.90311611266,97707.90311611266,0
2023-01-09,97707.90311611266,97707.90311611266,0
2023-01-10,97707.90311611266,97707.90311611266,0
2023-01-11,97707.90311611266,97707.90311611266,0
2023-01-12,97707.90311611266,97707.90311611266,0
2023-01-13,97707.90311611266,97707.90311611266,0
2023-01-17,97707.90311611266,97707.90311611266,0
2023-01-18,97707.90311611266,97707.90311611266,0
2023-01-19,97707.90311611266,97707.90311611266,0
2023-01-20,97707.90311611266,97707.90311611266,0
2023-01-23,97707.90311611266,97707.90311611266,0
2023-01-24,97707.90311611266,97707.90311611266,0
2023-01-25,97707.90311611266,97707.90311611266,0
2023-01-26,97707.90311611266,97707.90311611266,0
2023-01-27,97707.90311611266,97707.90311611266,0
2023-01-30,97707.90311611266,97707.90311611266,0
2023-01-31,97707.90311611266,97707.90311611266,0
2023-02-01,97707.90311611266,97707.90311611266,0
2023-02-02,97707.90311611266,97707.90311611266,0
2023-02-03,97707.90311611266,97707.90311611266,0
2023-02-06,97707.90311611266,97707.90311611266,0
2023-02-07,97707.90311611266,97707.90311611266,0
2023-02-08,97707.90311611266,97707.90311611266,0
2023-02-09,97707.90311611266,97707.90311611266,0
2023-02-10,97707.90311611266,97707.90311611266,0
2023-02-13,97707.90311611266,97707.90311611266,0
2023-02-14,97707.90311611266,97707.90311611266,0
2023-02-15,97707.90311611266,97707.90311611266,0
2023-02-16,97707.90311611266,97707.90311611266,0
2023-02-17,97707.90311611266,97707.90311611266,0
2023-02-21,97707.90311611266,97707.90311611266,0
2023-02-22,97707.90311611266,97707.90311611266,0
2023-02-23,97707.90311611266,97707.90311611266,0
2023-02-24,97707.90311611266,97707.90311611266,0
2023-02-27,97707.90311611266,97707.90311611266,0
2023-02-28,97707.90311611266,97707.90311611266,0
2023-03-01,97707.90311611266,97707.90311611266,0
2023-03-02,97707.90311611266,97707.90311611266,0
2023-03-03,97707.90311611266,97707.90311611266,0
2023-03-06,97707.90311611266,97707.90311611266,0
2023-03-07,97707.90311611266,97707.90311611266,0
2023-03-08,97707.90311611266,97707.90311611266,0
2023-03-09,97707.90311611266,97707.90311611266,0
2023-03-10,97707.90311611266,97707.90311611266,0
2023-03-13,97707.90311611266,97707.90311611266,0
2023-03-14,97707.90311611266,97707.90311611266,0
2023-03-15,97707.90311611266,97707.90311611266,0
2023-03-16,97707.90311611266,97707.90311611266,0
2023-03-17,97707.90311611266,97707.90311611266,0
2023-03-20,97707.90311611266,97707.90311611266,0
2023-03-21,97707.90311611266,97707.90311611266,0
2023-03-22,97707.90311611266,97707.90311611266,0
2023-03-23,97707.90311611266,97707.90311611266,0
2023-03-24,97707.90311611266,97707.90311611266,0
2023-03-27,97707.90311611266,97707.90311611266,0
2023-03-28,97707.90311611266,97707.90311611266,0
2023-03-29,97707.90311611266,97707.90311611266,0
2023-03-30,97707.90311611266,97707.90311611266,0
2023-03-31,97707.90311611266,97707.90311611266,0
2023-04-03,97707.90311611266,97707.90311611266,0
2023-04-04,97707.90311611266,97707.90311611266,0
2023-04-05,97707.90311611266,97707.90311611266,0
2023-04-06,97707.90311611266,97707.90311611266,0
2023-04-10,97707.90311611266,97707.90311611266,0
2023-04-11,97707.90311611266,97707.90311611266,0
2023-04-12,97707.90311611266,97707.90311611266,0
2023-04-13,97707.90311611266,97707.90311611266,0
2023-04-14,97707.90311611266,97707.90311611266,0
2023-04-17,97707.90311611266,97707.90311611266,0
2023-04-18,97707.90311611266,97707.90311611266,0
2023-04-19,97707.90311611266,97707.90311611266,0
2023-04-20,97707.90311611266,97707.90311611266,0
2023-04-21,97707.90311611266,97707.90311611266,0
2023-04-24,97707.90311611266,97707.90311611266,0
2023-04-25,97615.63100136277,51502.63012684705,46113.00087451572
2023-04-26,97335.26757363832,51502.63012684705,45832.63744679128
2023-04-27,98063.30808756792,51502.63012684705,46560.677960720874
2023-04-28,98550.55259300838,51502.63012684705,47047.92246616133
2023-05-01,98418.28436299323,51502.63012684705,46915.654236146176
2023-05-02,97966.08528601832,51502.63012684705,46463.45515917127
2023-05-03,97467.53580365349,51502.63012684705,45964.90567680644
2023-05-04,97429.09888211061,51502.63012684705,45926.46875526357
2023-05-05,98101.74500911079,51502.63012684705,46599.11488226374
2023-05-08,98140.18193065366,51502.63012684705,46637.55180380661
2023-05-09,98005.65270525363,51502.63012684705,46503.02257840658
2023-05-10,98228.36075066376,51502.63012684705,46725.730623816715
2023-05-11,98124.35496295954,51502.63012684705,46621.72483611249
2023-05-12,97940.08383909226,51502.63012684705,46437.45371224521
2023-05-15,98142.44292603852,51502.63012684705,46639.81279919148
2023-05-16,97946.86682524689,51502.63012684705,46444.236698399836
2023-05-17,98414.89286991592,51502.63012684705,46912.262743068866
2023-05-18,98972.22823228748,51502.63012684705,47469.598105440426
2023-05-19,98825.26353227065,51502.63012684705,47322.63340542359
2023-05-22,98974.48922767235,51502.63012684705,47471.859100825306
2023-05-23,98387.76092529742,51502.63012684705,46885.13079845037
2023-05-24,98180.8798475814,51502.63012684705,46678.24972073435
2023-05-25,98296.19061220999,51502.63012684705,46793.56048536295
2023-05-26,99038.92759614128,51502.63012684705,47536.29746929423
2023-05-30,99019.70913536983,51502.63012684705,47517.07900852279
2023-05-31,98803.78407611433,51502.63012684705,47301.15394926728
2023-06-01,99209.6327476993,51502.63012684705,47707.002620852254
2023-06-02,99891.32285623896,51502.63012684705,48388.692729391914
2023-06-05,99734.18367699019,51502.63012684705,48231.55355014314
2023-06-06,99942.19525239864,51502.63012684705,48439.5651255516
2023-06-07,99731.92268160531,51502.63012684705,48229.29255475826
2023-06-08,99982.89316932639,51502.63012684705,48480.26304247933
2023-06-09,100117.42239472643,51502.63012684705,48614.79226787937
2023-06-12,100554.92500169964,51502.63012684705,49052.29487485259
2023-06-13,100879.37783942913,51502.63012684705,49376.74771258208
2023-06-14,100932.51123097369,51502.63012684705,49429.88110412664
2023-06-15,101460.45365334189,51502.63012684705,49957.82352649484
2023-06-16,101193.6561979267,51502.63012684705,49691.02607107964
2023-06-20,100949.46869636024,51502.63012684705,49446.838569513195
2023-06-21,100679.27974786774,51502.63012684705,49176.64962102069
2023-06-22,100857.89838327281,51502.63012684705,49355.26825642577
2023-06-23,100422.65677168447,51502.63012684705,48920.02664483743
2023-06-26,100365.00138937018,51502.63012684705,48862.371262523135
2023-06-27,100730.15214402741,51502.63012684705,49227.52201718037
2023-06-28,100899.726797893,51502.63012684705,49397.096671045954
2023-06-29,101050.08299098715,51502.63012684705,49547.452864140105
2023-06-30,101562.19844566123,51502.63012684705,50059.568318814185
2023-07-03,101691.07518259907,51502.63012684705,50188.44505575203
2023-07-05,101564.45944104611,51502.63012684705,50061.82931419906
2023-07-06,101186.87321177206,51502.63012684705,49684.243084925016
2023-07-07,101100.95538714684,51502.63012684705,49598.32526029979
2023-07-10,101210.61366331324,51502.63012684705,49707.9835364662
2023-07-11,101516.97853796375,51502.63012684705,50014.3484111167
2023-07-12,101968.0471172462,51502.63012684705,50465.41699039916
2023-07-13,102303.80493190009,51502.63012684705,50801.17480505303
2023-07-14,102283.45597343621,51502.63012684705,50780.825846589156
2023-07-17,102407.81071960431,51502.63012684705,50905.18059275726
2023-07-18,102831.74735426827,51502.63012684705,51329.11722742123
2023-07-19,102828.35586119097,51502.63012684705,51325.72573434391
2023-07-20,102629.388267322,51502.63012684705,51126.75814047496
2023-07-21,102595.4733365489,51502.63012684705,51092.84320970184
2023-07-24,102858.87929888676,51502.63012684705,51356.249172039716
2023-07-25,102975.3205612078,51502.63012684705,51472.69043436076
2023-07-26,103008.1049942885,51502.63012684705,51505.474867441444
2023-07-27,102690.43514271363,51502.63012684705,51187.80501586657
2023-07-28,103167.50516892213,51502.63012684705,51664.87504207509
2023-07-31,103260.20597970199,51502.63012684705,51757.57585285494
2023-08-01,102942.53612812713,51502.63012684705,51439.90600128008
2023-08-02,102476.77107884298,51502.63012684705,50974.14095199593
2023-08-03,102361.46031421438,51502.63012684705,50858.830187367326
2023-08-04,102015.52802032858,51502.63012684705,50512.897893481524
2023-08-07,102459.81361345641,51502.63012684705,50957.18348660937
2023-08-08,102219.01760496729,51502.63012684705,50716.38747812023
2023-08-09,102014.39752263614,51502.63012684705,50511.76739578909
2023-08-10,101974.83010340083,51502.63012684705,50472.199976553784
2023-08-11,101901.34775339242,51502.63012684705,50398.71762654536
2023-08-14,102212.23461881265,51502.63012684705,50709.60449196561
2023-08-15,101606.28785566628,51502.63012684705,50103.657728819235
2023-08-16,101192.52570023426,51502.63012684705,49689.895573387206
2023-08-17,100799.11250326608,51502.63012684705,49296.48237641904
2023-08-18,100817.2004663451,51502.63012684705,49314.57033949804
2023-08-21,101094.17240099222,51502.63012684705,49591.54227414516
2023-08-22,101045.5610002174,51502.63012684705,49542.93087337036
2023-08-23,101819.95191953692,51502.63012684705,50317.32179268988
2023-08-24,100929.11973789637,51502.63012684705,49426.48961104932
2023-08-25,101227.57112869981,51502.63012684705,49724.94100185276
2023-08-28,101565.58993873854,51502.63012684705,50062.959811891495
2023-08-29,102312.84891343958,51502.63012684705,50810.21878659252
2023-08-30,102495.98953961441,51502.63012684705,50993.35941276736
2023-08-31,102450.76963191692,51502.63012684705,50948.13950506987
2023-09-01,102479.03207422784,51502.63012684705,50976.4019473808
2023-09-05,102278.93398266645,51502.63012684705,50776.3038558194
2023-09-06,101937.5236795504,51502.63012684705,50434.89355270335
2023-09-07,101813.1689333823,51502.63012684705,50310.53880653525
2023-09-08,101822.21291492181,51502.63012684705,50319.58278807476
2023-09-11,102148.92674803617,51502.63012684705,50646.296621189125
2023-09-12,101928.47969801091,51502.63012684705,50425.84957116386
2023-09-13,102035.87697879245,51502.63012684705,50533.2468519454
2023-09-14,102450.76963191692,51502.63012684705,50948.13950506987
2023-09-15,101616.46233489823,51502.63012684705,50113.83220805118
2023-09-18,101685.42269413688,51502.63012684705,50182.79256728984
2023-09-19,101571.24242720073,51502.63012684705,50068.612300353685
2023-09-20,101007.12407867453,51502.63012684705,49504.49395182749
2023-09-21,100240.64664320208,51502.63012684705,48738.016516355034
2023-09-22,100181.86076319535,51502.63012684705,48679.2306363483
2023-09-25,100351.43541706094,51502.63012684705,48848.80529021389
2023-09-26,99724.00919775825,51502.63012684705,48221.37907091121
2023-09-27,99736.44467237507,51502.63012684705,48233.81454552802
2023-09-28,99963.67470855496,51502.63012684705,48461.04458170791
2023-09-29,99823.49299469273,51502.63012684705,48320.86286784569
2023-10-02,99820.10150161543,51502.63012684705,48317.47137476837
2023-10-03,99161.0213469245,51502.63012684705,47658.39122007745
2023-10-04,99457.21174234306,51502.63012684705,47954.58161549601
2023-10-05,99431.210295417,51502.63012684705,47928.580168569955
2023-10-06,100130.98836703566,51502.63012684705,48628.358240188616
2023-10-09,100369.52338013993,51502.63012684705,48866.89325329288
2023-10-10,100639.71232863242,51502.63012684705,49137.08220178538
2023-10-11,100944.9467055905,51502.63012684705,49442.31657874345
2023-10-12,100562.8384855467,51502.63012684705,49060.20835869965
2023-10-13,100164.90329780878,51502.63012684705,48662.27317096174
2023-10-16,100795.72101018878,51502.63012684705,49293.09088334172
2023-10-17,100686.06273402236,51502.63012684705,49183.43260717531
2023-10-18,100159.25080934659,51502.63012684705,48656.620682499546
2023-10-19,99633.56938236328,51502.63012684705,48130.93925551623
2023-10-20,99051.36307075809,51502.63012684705,47548.73294391104
2023-10-23,99188.15329154299,51502.63012684705,47685.523164695944
2023-10-24,99349.81446156153,51502.63012684705,47847.184334714475
2023-10-25,98499.6801968487,51502.63012684705,46997.05007000166
2023-10-26,98399.06590222179,51502.63012684705,46896.43577537474
2023-10-27,97892.6029360099,51502.63012684705,46389.97280916285
2023-10-30,98438.63332145709,51502.63012684705,46936.00319461004
2023-10-31,98676.03783686891,51502.63012684705,47173.407710021864
2023-11-01,99393.90387156658,51502.63012684705,47891.273744719525
2023-11-02,100103.85642241719,51502.63012684705,48601.22629557013
2023-11-03,100712.06418094842,51502.63012684705,49209.43405410137
2023-11-06,100651.0173055568,51502.63012684705,49148.38717870976
2023-11-07,100872.5948532745,51502.63012684705,49369.96472642745
2023-11-08,100863.550871735,51502.63012684705,49360.92074488796
2023-11-09,100525.53206169627,51502.63012684705,49022.90193484922
2023-11-10,101267.13854793512,51502.63012684705,49764.50842108806
2023-11-13,101288.61800409142,51502.63012684705,49785.98787724437
2023-11-14,102291.36945728326,51502.63012684705,50788.73933043622
2023-11-15,102324.15389036394,51502.63012684705,50821.523763516896
2023-11-16,102436.07316191524,51502.63012684705,50933.44303506819
2023-11-17,102415.72420345136,51502.63012684705,50913.09407660432
2023-11-20,102875.83676427332,51502.63012684705,51373.20663742628
2023-11-21,102711.91459886993,51502.63012684705,51209.28447202288
2023-11-22,102923.3176673557,51502.63012684705,51420.68754050865
2023-11-24,102985.49504043974,51502.63012684705,51482.86491359269
2023-11-27,102906.36020196913,51502.63012684705,51403.73007512208
2023-11-28,102973.05956582294,51502.63012684705,51470.42943897589
2023-11-29,102932.3616488952,51502.63012684705,51429.73152204814
2023-11-30,103073.67386044984,51502.63012684705,51571.0437336028
2023-12-01,103485.175020497,51502.63012684705,51982.54489364996
2023-12-04,103032.9759435221,51502.63012684705,51530.34581667506
2023-12-05,103219.50806277426,51502.63012684705,51716.87793592721
2023-12-06,102884.88074581281,51502.63012684705,51382.25061896577
2023-12-07,103285.07692893562,51502.63012684705,51782.44680208857
2023-12-08,103572.22334281467,51502.63012684705,52069.59321596762
2023-12-11,103765.53844822146,51502.63012684705,52262.9083213744
2023-12-12,104039.11888979127,51502.63012684705,52536.48876294422
2023-12-13,104865.51270296291,51502.63012684705,53362.88257611585
2023-12-14,104824.81478603516,51502.63012684705,53322.18465918811
2023-12-15,104647.32664832252,51502.63012684705,53144.69652147546
2023-12-18,104838.3807583444,51502.63012684705,53335.75063149736
2023-12-19,105163.96409376634,51502.63012684705,53661.33396691929
2023-12-20,104492.4484644586,51502.63012684705,52989.818337611556
2023-12-21,104905.08012219821,51502.63012684705,53402.449995351155
2023-12-22,104995.51993759318,51502.63012684705,53492.889810746135
2023-12-26,105267.96988147056,51502.63012684705,53765.339754623514
2023-12-27,105416.06507917984,51502.63012684705,53913.43495233279
2023-12-28,105433.0225445664,51502.63012684705,53930.392417719355
2023-12-29,105209.18400146383,51502.63012684705,53706.55387461678
2024-01-02,104918.64609450745,51502.63012684705,53416.0159676604
2024-01-03,104562.53932138972,51502.63012684705,53059.90919454267
2024-01-04,104387.31217906193,51502.63012684705,52884.68205221489
2024-01-05,104460.79452907036,51502.63012684705,52958.164402223316
2024-01-08,105111.96119991422,51502.63012684705,53609.33107306717
2024-01-09,105064.48029683187,51502.63012684705,53561.85016998481
2024-01-10,105436.41403764371,51502.63012684705,53933.783910796665
2024-01-11,105253.27341146888,51502.63012684705,53750.64328462183
2024-01-12,105274.75286762518,51502.63012684705,53772.12274077813
2024-01-16,105173.00807530584,51502.63012684705,53670.37794845879
2024-01-17,104898.29713604358,51502.63012684705,53395.66700919653
2024-01-18,105397.97711610084,51502.63012684705,53895.3469892538
2024-01-19,106064.97075463884,51502.63012684705,54562.34062779178
2024-01-22,106166.71554695818,51502.63012684705,54664.085420111136
2024-01-23,106441.42648622044,51502.63012684705,54938.796359373395
2024-01-24,106384.90160159857,51502.63012684705,54882.27147475153
2024-01-25,106551.08476238686,51502.63012684705,55048.454635539805
2024-01-26,106529.60530623054,51502.63012684705,55026.975179383495
2024-01-29,107042.85125859706,51502.63012684705,55540.22113175001
2024-01-30,106807.70773857011,51502.63012684705,55305.077611723056
2024-01-31,106220.97943619516,51502.63012684705,54718.34930934812
2024-02-01,107093.72365475673,51502.63012684705,55591.09352790969
2024-02-02,107305.1267232425,51502.63012684705,55802.49659639545
2024-02-05,107187.55496322902,51502.63012684705,55684.92483638198
2024-02-06,107328.86717478369,51502.63012684705,55826.23704793664
2024-02-07,107774.28326560397,51502.63012684705,56271.65313875691
2024-02-08,107808.19819637708,51502.63012684705,56305.56806953003
2024-02-09,108140.56451795364,51502.63012684705,56637.93439110659
2024-02-12,108050.12470255865,51502.63012684705,56547.49457571161
2024-02-13,107379.73957094335,51502.63012684705,55877.109444096306
2024-02-14,107874.89756023088,51502.63012684705,56372.26743338383
2024-02-15,108209.5248771923,51502.63012684705,56706.89475034526
2024-02-16,107840.98262945777,51502.63012684705,56338.352502610716
2024-02-20,107582.09865788963,51502.63012684705,56079.46853104258
2024-02-21,108129.25954102926,51502.63012684705,56626.62941418221
2024-02-22,108857.30005495885,51502.63012684705,57354.669928111805
2024-02-23,108824.51562187818,51502.63012684705,57321.88549503113
2024-02-26,108676.4204241689,51502.63012684705,57173.790297321844
2024-02-27,108784.94820264287,51502.63012684705,57282.31807579582
2024-02-28,108679.8119172462,51502.63012684705,57177.181790399154
2024-02-29,108997.48176882108,51502.63012684705,57494.851641974026
2024-03-01,109385.24247732706,51502.63012684705,57882.612350480005
2024-03-04,109337.76157424468,51502.63012684705,57835.13144739764
2024-03-05,108815.47164033868,51502.63012684705,57312.84151349163
2024-03-06,109037.04918805638,51502.63012684705,57534.41906120933
2024-03-07,109713.08680813386,51502.63012684705,58210.45668128681
2024-03-08,109343.41406270687,51502.63012684705,57840.78393585983
2024-03-11,109462.1163204128,51502.63012684705,57959.486193565746
2024-03-12,109950.49132354569,51502.63012684705,58447.861196698635
2024-03-13,109898.48842969356,51502.63012684705,58395.858302846515
2024-03-14,109638.47396043301,51502.63012684705,58135.843833585954
2024-03-15,109134.27198960599,51502.63012684705,57631.64186275894
2024-03-18,109437.24537117917,51502.63012684705,57934.615244332126
2024-03-19,109774.13368352548,51502.63012684705,58271.50355667843
2024-03-20,110501.04369976262,51502.63012684705,58998.413572915575
2024-03-21,110610.70197592904,51502.63012684705,59108.07184908199
2024-03-22,110373.29746051722,51502.63012684705,58870.66733367017
2024-03-25,110341.64352512898,51502.63012684705,58839.01339828193
2024-03-26,110255.72570050374,51502.63012684705,58753.0955736567
2024-03-27,110563.22107284667,51502.63012684705,59060.590945999626
2024-03-28,110622.00695285342,51502.63012684705,59119.37682600637
2024-04-01,110477.30324822143,51502.63012684705,58974.67312137439
2024-04-02,110143.80642895246,51502.63012684705,58641.17630210541
2024-04-03,110367.64497205504,51502.63012684705,58865.01484520799
2024-04-04,109540.12066119096,51502.63012684705,58037.49053434391
2024-04-05,110120.06597741127,51502.63012684705,58617.43585056422
2024-04-08,110153.98090818439,51502.63012684705,58651.350781337336
2024-04-09,110237.63773742474,51502.63012684705,58735.00761057769
2024-04-10,109520.90220041953,51502.63012684705,58018.27207357248
2024-04-11,110090.6730374079,51502.63012684705,58588.04291056086
2024-04-12,109155.75144576229,51502.63012684705,57653.12131891525
2024-04-15,108535.10821261423,51502.63012684705,57032.47808576719
2024-04-16,108582.58911569661,51502.63012684705,57079.958988849554
2024-04-17,108147.34750410826,51502.63012684705,56644.71737726121
2024-04-18,107878.2890533082,51502.63012684705,56375.65892646114
2024-04-19,107429.48146941059,51502.63012684705,55926.85134256355
2024-04-22,107954.0323987015,51502.63012684705,56451.402271854444
2024-04-23,108754.42476494706,51502.63012684705,57251.794638100015
2024-04-24,108304.48668335704,51502.63012684705,56801.856556509985
2024-04-25,108829.03761264792,51502.63012684705,57326.407485800875
2024-04-26,109009.91724343789,51502.63012684705,57507.28711659084
2024-04-29,109138.79398037573,51502.63012684705,57636.163853528684
2024-04-30,108174.47944872675,51502.63012684705,56671.8493218797
2024-05-01,108286.39872027804,51502.63012684705,56783.76859343099
2024-05-02,108761.2077511017,51502.63012684705,57258.57762425464
2024-05-03,109420.28790579262,51502.63012684705,57917.65777894557
2024-05-06,109887.18345276921,51502.63012684705,58384.553325922156
2024-05-07,109985.53675201125,51502.63012684705,58482.90662516419
2024-05-08,109948.2303281608,51502.63012684705,58445.60020131376
2024-05-09,110351.8180043609,51502.63012684705,58849.187877513854
2024-05-10,110279.46615204492,51502.63012684705,58776.836025197874
2024-05-13,110377.81945128695,51502.63012684705,58875.18932443991
2024-05-14,110695.48930286184,51502.63012684705,59192.85917601479
2024-05-15,111319.54326789692,111319.54326789692,0
2024-05-16,111319.54326789692,111319.54326789692,0
2024-05-17,111319.54326789692,111319.54326789692,0
2024-05-20,111319.54326789692,111319.54326789692,0
2024-05-21,111319.54326789692,111319.54326789692,0
2024-05-22,111319.54326789692,111319.54326789692,0
2024-05-23,111319.54326789692,111319.54326789692,0
2024-05-24,111319.54326789692,111319.54326789692,0
2024-05-28,111319.54326789692,111319.54326789692,0
2024-05-29,111319.54326789692,111319.54326789692,0
2024-05-30,111319.54326789692,111319.54326789692,0
2024-05-31,111319.54326789692,111319.54326789692,0
2024-06-03,111319.54326789692,111319.54326789692,0
2024-06-04,111319.54326789692,111319.54326789692,0
2024-06-05,111319.54326789692,111319.54326789692,0
2024-06-06,111319.54326789692,111319.54326789692,0
2024-06-07,111319.54326789692,111319.54326789692,0
2024-06-10,111319.54326789692,111319.54326789692,0
2024-06-11,111319.54326789692,111319.54326789692,0
2024-06-12,111319.54326789692,111319.54326789692,0
2024-06-13,111319.54326789692,111319.54326789692,0
2024-06-14,111319.54326789692,111319.54326789692,0
2024-06-17,111319.54326789692,111319.54326789692,0
2024-06-18,111319.54326789692,111319.54326789692,0
2024-06-20,111319.54326789692,111319.54326789692,0
2024-06-21,111319.54326789692,111319.54326789692,0
2024-06-24,111319.54326789692,111319.54326789692,0
2024-06-25,111319.54326789692,111319.54326789692,0
2024-06-26,111319.54326789692,111319.54326789692,0
2024-06-27,111319.54326789692,111319.54326789692,0
2024-06-28,111319.54326789692,111319.54326789692,0
2024-07-01,111319.54326789692,111319.54326789692,0
2024-07-02,111319.54326789692,111319.54326789692,0
2024-07-03,111319.54326789692,111319.54326789692,0
2024-07-05,111319.54326789692,111319.54326789692,0
2024-07-08,111319.54326789692,111319.54326789692,0
2024-07-09,111319.54326789692,111319.54326789692,0
2024-07-10,111319.54326789692,111319.54326789692,0
2024-07-11,111319.54326789692,111319.54326789692,0
2024-07-12,111319.54326789692,111319.54326789692,0
2024-07-15,111319.54326789692,111319.54326789692,0
2024-07-16,111319.54326789692,111319.54326789692,0
2024-07-17,111319.54326789692,111319.54326789692,0
2024-07-18,111319.54326789692,111319.54326789692,0
2024-07-19,111319.54326789692,111319.54326789692,0
2024-07-22,111223.1628723652,63057.04816384948,48166.11470851571
2024-07-23,110967.68120742502,63057.04816384948,47910.633043575544
2024-07-24,110196.02230107514,63057.04816384948,47138.974137225654
2024-07-25,109924.0299162919,63057.04816384948,46866.981752442414
2024-07-26,110353.30863221176,63057.04816384948,47296.260468362285
2024-07-29,110282.0518413101,63057.04816384948,47225.00367746061
2024-07-30,110218.6159177025,63057.04816384948,47161.567753853014
2024-07-31,111151.90608146352,63057.04816384948,48094.857917614034
2024-08-01,110078.70929166384,63057.04816384948,47021.661127814354
2024-08-02,109221.88983033388,63057.04816384948,46164.8416664844
2024-08-05,108498.0251130034,63057.04816384948,45440.97694915392
2024-08-06,108239.06750704366,63057.04816384948,45182.019343194166
2024-08-07,107892.34239033914,63057.04816384948,44835.294226489656
2024-08-08,109251.43532900044,63057.04816384948,46194.387165150954
2024-08-09,109373.09326468623,63057.04816384948,46316.045100836745
2024-08-12,109398.29383707828,63057.04816384948,46341.2456732288
2024-08-13,110150.83506782042,63057.04816384948,47093.78690397093
2024-08-14,110306.38342844724,63057.04816384948,47249.335264597765
2024-08-15,111159.7269487576,63057.04816384948,48102.678784908116
2024-08-16,111190.14143267905,63057.04816384948,48133.093268829565
2024-08-19,111660.26245557916,63057.04816384948,48603.214291729666
2024-08-20,111593.35059095197,63057.04816384948,48536.302427102484
2024-08-21,111724.41278673755,111724.41278673755,0
2024-08-22,111724.41278673755,111724.41278673755,0
2024-08-23,111724.41278673755,111724.41278673755,0
2024-08-26,111724.41278673755,111724.41278673755,0
2024-08-27,111724.41278673755,111724.41278673755,0
2024-08-28,111631.8590541938,65378.11965201431,46253.73940217949
2024-08-29,111998.9124996535,65378.11965201431,46620.79284763919
2024-08-30,112381.81598025808,65378.11965201431,47003.69632824376
2024-09-03,111343.2215720823,65378.11965201431,45965.10192006799
2024-09-04,111283.15828100707,65378.11965201431,45905.038628992756
2024-09-05,111180.55015875355,65378.11965201431,45802.43050673925
2024-09-06,110325.48247330765,65378.11965201431,44947.36282129334
2024-09-09,111020.38138255297,65378.11965201431,45642.26173053865
2024-09-10,111117.98423055021,65378.11965201431,45739.86457853589
2024-09-11,111619.34586855312,65378.11965201431,46241.22621653881
2024-09-12,112030.61256994322,65378.11965201431,46652.492917928896
2024-09-13,112231.65775257,65378.11965201431,46853.538100555685
2024-09-16,112297.56053027755,65378.11965201431,46919.44087826323
2024-09-17,112382.65019263412,65378.11965201431,47004.530540619795
2024-09-18,112511.11889854501,65378.11965201431,47132.99924653069
2024-09-19,112949.08039596851,65378.11965201431,47570.96074395421
2024-09-20,112773.89579699912,65378.11965201431,47395.776144984804
2024-09-23,112869.83022024427,65378.11965201431,47491.71056822995
2024-09-24,113029.99899644486,65378.11965201431,47651.879344430556
2024-09-25,113006.64104991562,65378.11965201431,47628.521397901306
2024-09-26,113128.43605681814,65378.11965201431,47750.31640480384
2024-09-27,112984.1173157624,65378.11965201431,47605.99766374809
2024-09-30,113198.50989640591,65378.11965201431,47820.3902443916
2024-10-01,112741.36151433337,65378.11965201431,47363.24186231905
2024-10-02,112907.36977716628,65378.11965201431,47529.25012515197
2024-10-03,112744.69836383755,65378.11965201431,47366.57871182323
2024-10-04,113120.92814543375,65378.11965201431,47742.808493419434
2024-10-07,112736.3562400771,65378.11965201431,47358.23658806279
2024-10-08,113151.7940033474,65378.11965201431,47773.67435133309
2024-10-09,113512.17374979876,65378.11965201431,48134.05409778444
2024-10-10,113492.98686514972,65378.11965201431,48114.86721313541
2024-10-11,113646.48194234197,65378.11965201431,48268.362290327656
2024-10-14,114155.35149172929,65378.11965201431,48777.23183971498
2024-10-15,113750.75848934756,65378.11965201431,48372.63883733325
2024-10-16,113890.90616852308,65378.11965201431,48512.78651650877
2024-10-17,114004.35905166517,65378.11965201431,48626.23939965087
2024-10-18,114156.18570410533,65378.11965201431,48778.066052091024
2024-10-21,114063.58813036437,65378.11965201431,48685.46847835005
2024-10-22,114018.54066205795,65378.11965201431,48640.42101004363
2024-10-23,113642.31088046174,65378.11965201431,48264.191228447424
2024-10-24,113709.04787054533,65378.11965201431,48330.928218531015
2024-10-25,113591.423925523,65378.11965201431,48213.3042735087
2024-10-28,113823.33496606347,65378.11965201431,48445.21531404915
2024-10-29,114016.87223730586,65378.11965201431,48638.752585291535
2024-10-30,113587.25286364279,65378.11965201431,48209.13321162847
2024-10-31,112878.1723440047,65378.11965201431,47500.0526919904
2024-11-01,113036.67269545322,65378.11965201431,47658.55304343891
2024-11-04,112893.18816677353,65378.11965201431,47515.06851475921
2024-11-05,113686.52413639211,65378.11965201431,48308.4044843778
2024-11-06,114635.02360795505,65378.11965201431,49256.90395594073
2024-11-07,115074.65353013066,65378.11965201431,49696.53387811634
2024-11-08,115264.01973949283,65378.11965201431,49885.900087478505
2024-11-11,115275.69871275744,65378.11965201431,49897.579060743126
2024-11-12,115107.18781279639,65378.11965201431,49729.06816078208
2024-11-13,115215.63542168221,65378.11965201431,49837.5157696679
2024-11-14,114757.65282723363,65378.11965201431,49379.53317521931
2024-11-15,114279.64913575997,65378.11965201431,48901.52948374565
2024-11-18,114433.1442129522,65378.11965201431,49055.02456093789
2024-11-19,114712.6053589272,65378.11965201431,49334.48570691289
2024-11-20,114472.3521946263,65378.11965201431,49094.23254261199
2024-11-21,114844.4109143423,65378.11965201431,49466.29126232798
2024-11-22,115134.71682120588,65378.11965201431,49756.59716919156
2024-11-25,115036.27976083258,65378.11965201431,49658.16010881827
2024-11-26,115522.6255760667,65378.11965201431,50144.50592405239
2024-11-27,115380.80947213908,65378.11965201431,50002.689820124775
2024-11-29,115691.13647602775,65378.11965201431,50313.01682401344
2024-12-02,115732.84709482998,65378.11965201431,50354.727442815674
2024-12-03,115780.39720026455,65378.11965201431,50402.27754825023
2024-12-04,116004.8003294206,65378.11965201431,50626.68067740628
2024-12-05,115949.74231260164,65378.11965201431,50571.62266058732
2024-12-06,116045.67673584679,65378.11965201431,50667.55708383247
2024-12-09,115799.58408491357,65378.11965201431,50421.46443289926
2024-12-10,115694.47332553193,65378.11965201431,50316.35367351761
2024-12-11,115994.78978090806,65378.11965201431,50616.67012889374
2024-12-12,115879.66847301388,65378.11965201431,50501.54882099956
2024-12-13,115752.03397947902,65378.11965201431,50373.91432746471
2024-12-16,115929.72121557656,65378.11965201431,50551.601563562246
2024-12-17,115772.0550765041,65378.11965201431,50393.935424489784
2024-12-18,114414.79154067923,65378.11965201431,49036.67188866491
2024-12-19,114121.9829966875,65378.11965201431,48743.86334467318
2024-12-20,114773.50286237849,65378.11965201431,49395.38321036417
2024-12-23,114984.55859351781,65378.11965201431,49606.4389415035
2024-12-24,115522.6255760667,65378.11965201431,50144.50592405239
2024-12-26,115465.0649221196,65378.11965201431,50086.945270105294
2024-12-27,115016.2586638075,65378.11965201431,49638.139011793195
2024-12-30,114371.4124971249,65378.11965201431,48993.292845110576
2024-12-31,114305.50971941734,65378.11965201431,48927.39006740304
2025-01-02,114251.28591497443,65378.11965201431,48873.16626296013
2025-01-03,114766.82916337012,65378.11965201431,49388.7095113558
2025-01-06,115059.63770736184,65378.11965201431,49681.51805534753
2025-01-07,114553.27079510265,65378.11965201431,49175.15114308834
2025-01-08,114443.98897384078,65378.11965201431,49065.86932182647
2025-01-10,113744.0847903392,65378.11965201431,48365.96513832489
2025-01-13,114029.38542294654,65378.11965201431,48651.265770932216
2025-01-14,113983.50374226406,65378.11965201431,48605.38409024975
2025-01-15,114901.97156828937,65378.11965201431,49523.85191627506
2025-01-16,114722.61590743974,65378.11965201431,49344.49625542543
2025-01-17,115238.15915583543,65378.11965201431,49860.03950382112
2025-01-21,115794.5788106573,65378.11965201431,50416.45915864299
2025-01-22,115920.54487944007,65378.11965201431,50542.42522742575
2025-01-23,116183.32177789418,65378.11965201431,50805.20212587986
2025-01-24,116055.68728435933,65378.11965201431,50677.56763234501
2025-01-27,115361.62258749006,65378.11965201431,49983.50293547574
2025-01-28,115772.88928888013,65378.11965201431,50394.76963686583
2025-01-29,115686.13120177147,65378.11965201431,50308.01154975716
2025-01-30,115922.21330419215,65378.11965201431,50544.09365217784
2025-01-31,115345.77255234521,65378.11965201431,49967.6529003309
2025-02-03,115467.56755924775,65378.11965201431,50089.447907233436
2025-02-04,115464.23070974357,65378.11965201431,50086.11105772925
2025-02-05,115826.27888094701,65378.11965201431,50448.159228932695
2025-02-06,115930.55542795261,65378.11965201431,50552.43577593829
2025-02-07,115450.04909935081,65378.11965201431,50071.92944733649
2025-02-10,115762.8787403676,65378.11965201431,50384.75908835329
2025-02-11,115873.82898638156,65378.11965201431,50495.70933436724
2025-02-12,115813.76569530633,65378.11965201431,50435.64604329202
2025-02-13,116235.877157585,65378.11965201431,50857.757505570684
2025-02-14,116246.72191847357,65378.11965201431,50868.60226645927
2025-02-18,116427.7460040753,65378.11965201431,51049.626352060994
2025-02-19,116456.94343723686,65378.11965201431,51078.82378522255
2025-02-20,116297.6088734123,65378.11965201431,50919.489221398
2025-02-21,115450.88331172685,65378.11965201431,50072.76365971254
2025-02-24,115266.52237662094,65378.11965201431,49888.40272460663
2025-02-25,115097.17726428385,65378.11965201431,49719.05761226954
2025-02-26,114901.97156828937,65378.11965201431,49523.85191627506
2025-02-27,114170.36731449809,65378.11965201431,48792.24766248378
2025-02-28,114955.36116035623,65378.11965201431,49577.241508341926
2025-03-03,114212.91214567638,65378.11965201431,48834.79249366206
2025-03-04,113798.30859478211,65378.11965201431,48420.1889427678
2025-03-05,113920.9378140607,65378.11965201431,48542.81816204639
2025-03-06,113292.77589489898,65378.11965201431,47914.65624288466
2025-03-07,113321.13911568449,65378.11965201431,47943.019463670185
2025-03-10,111975.55455312425,65378.11965201431,46597.43490110994
2025-03-11,111910.48598779275,65378.11965201431,46532.36633577844
2025-03-12,112149.90493971761,65378.11965201431,46771.78528770329
2025-03-13,111584.30894875925,65378.11965201431,46206.18929674493
2025-03-14,112267.52888473994,65378.11965201431,46889.409232725615
2025-03-17,112676.29294900189,65378.11965201431,47298.17329698757
2025-03-18,112194.11819564798,65378.11965201431,46815.99854363368
2025-03-19,112819.77747768158,65378.11965201431,47441.65782566727
2025-03-20,112567.84534011605,65378.11965201431,47189.72568810174
2025-03-21,112511.11889854501,65378.11965201431,47132.99924653069
2025-03-24,113247.72842659257,65378.11965201431,47869.60877457825
2025-03-25,113428.75251219427,65378.11965201431,48050.63286017996
2025-03-26,112729.68254106875,65378.11965201431,47351.56288905443
2025-03-27,112642.09024158404,65378.11965201431,47263.970589569726
2025-03-28,111605.9984705364,65378.11965201431,46227.87881852209
2025-03-31,111843.74899770918,65378.11965201431,46465.62934569486
2025-04-01,112242.50251345857,65378.11965201431,46864.38286144427
2025-04-02,110828.51253606266,65378.11965201431,45450.39288404835
2025-04-03,110123.60307830482,65378.11965201431,44745.4834262905
2025-04-04,107547.5552610785,65378.11965201431,42169.43560906419
2025-04-07,107883.74284862455,65378.11965201431,42505.623196610235
2025-04-08,106302.07618364363,65378.11965201431,40923.956531629316
2025-04-09,110917.77326029945,65378.11965201431,45539.65360828514
2025-04-10,108932.34780531286,65378.11965201431,43554.22815329854
2025-04-11,109949.25269171144,65378.11965201431,44571.13303969714
2025-04-14,110166.98212185914,65378.11965201431,44788.862469844826
2025-04-15,109890.02361301228,65378.11965201431,44511.903960997966
2025-04-16,109253.51957009011,65378.11965201431,43875.39991807579
2025-04-17,109349.45399333525,65378.11965201431,43971.33434132094
2025-04-21,108427.64931780574,65378.11965201431,43049.52966579144
2025-04-22,110146.12681245802,65378.11965201431,44768.00716044371
2025-04-23,110150.29787433826,65378.11965201431,44772.178222323935
2025-04-24,111123.82371718252,65378.11965201431,45745.704065168204
2025-04-25,111362.40845673133,65378.11965201431,45984.28880471702
2025-04-28,111351.56369584275,65378.11965201431,45973.44404382844
2025-04-29,111509.22983491521,65378.11965201431,46131.1101829009
2025-04-30,112033.94941944738,65378.11965201431,46655.82976743307
2025-05-01,111858.76482047798,65378.11965201431,46480.64516846366
2025-05-02,112569.25572879863,112569.25572879863,0
2025-05-05,112569.25572879863,112569.25572879863,0
2025-05-06,112569.25572879863,112569.25572879863,0
2025-05-07,112569.25572879863,112569.25572879863,0
2025-05-08,112569.25572879863,112569.25572879863,0
