date,equity,cash,holdings
2018-02-08,99838.27411464827,19015.742704480275,80822.531410168
2018-02-09,100678.48986548552,19015.742704480275,81662.74716100525
2018-02-12,101437.79595142735,19015.742704480275,82422.05324694708
2018-02-13,101917.0301204234,19015.742704480275,82901.28741594312
2018-02-14,102919.06520105155,19015.742704480275,83903.32249657127
2018-02-15,104145.15781523629,19015.742704480275,85129.41511075602
2018-02-16,103906.65894587385,103906.65894587385,0
2018-02-20,103906.65894587385,103906.65894587385,0
2018-02-21,103906.65894587385,103906.65894587385,0
2018-02-22,103906.65894587385,103906.65894587385,0
2018-02-23,103906.65894587385,103906.65894587385,0
2018-02-26,103906.65894587385,103906.65894587385,0
2018-02-27,103906.65894587385,103906.65894587385,0
2018-02-28,103906.65894587385,103906.65894587385,0
2018-03-01,103906.65894587385,103906.65894587385,0
2018-03-02,103906.65894587385,103906.65894587385,0
2018-03-05,103906.65894587385,103906.65894587385,0
2018-03-06,103906.65894587385,103906.65894587385,0
2018-03-07,103906.65894587385,103906.65894587385,0
2018-03-08,103906.65894587385,103906.65894587385,0
2018-03-09,103906.65894587385,103906.65894587385,0
2018-03-12,103906.65894587385,103906.65894587385,0
2018-03-13,103906.65894587385,103906.65894587385,0
2018-03-14,103906.65894587385,103906.65894587385,0
2018-03-15,103795.59257646944,48290.160590255466,55505.431986213975
2018-03-16,103640.55509459115,48290.160590255466,55350.39450433569
2018-03-19,102802.94999769033,48290.160590255466,54512.78940743487
2018-03-20,102889.52937068729,48290.160590255466,54599.36878043183
2018-03-21,102804.96347148097,48290.160590255466,54514.8028812255
2018-03-22,101043.17390468236,48290.160590255466,52753.01331442689
2018-03-23,100368.6601848223,48290.160590255466,52078.49959456685
2018-03-26,101713.66067696114,48290.160590255466,53423.50008670567
2018-03-27,100807.597471179,48290.160590255466,52517.43688092353
2018-03-28,100747.19325746018,48290.160590255466,52457.032667204716
2018-03-29,101174.0497010731,48290.160590255466,52883.88911081764
2018-04-02,100211.60922915342,48290.160590255466,51921.44863889795
2018-04-03,100696.85641269451,48290.160590255466,52406.69582243905
2018-04-04,101560.63666887349,48290.160590255466,53270.47607861802
2018-04-05,101176.06317486374,48290.160590255466,52885.90258460827
2018-04-06,100531.7515618631,48290.160590255466,52241.590971607635
2018-04-09,100865.98821110718,48290.160590255466,52575.82762085172
2018-04-10,101514.32677168906,48290.160590255466,53224.1661814336
2018-04-11,101500.23245515468,48290.160590255466,53210.07186489921
2018-04-12,101687.48551768299,48290.160590255466,53397.32492742752
2018-04-13,101713.66067696114,48290.160590255466,53423.50008670567
2018-04-16,102176.75964880534,48290.160590255466,53886.59905854988
2018-04-17,102595.51593769543,102595.51593769543,0
2018-04-18,102595.51593769543,102595.51593769543,0
2018-04-19,102595.51593769543,102595.51593769543,0
2018-04-20,102488.59790266416,49056.296537701965,53432.301364962186
2018-04-23,102490.59828832417,49056.296537701965,53434.30175062221
2018-04-24,101756.45675109452,49056.296537701965,52700.160213392555
2018-04-25,102016.50688689794,49056.296537701965,52960.21034919598
2018-04-26,102448.59018946363,49056.296537701965,53392.29365176166
2018-04-27,102376.57630570268,49056.296537701965,53320.27976800071
2018-04-30,101992.50225897762,49056.296537701965,52936.20572127566
2018-05-01,102152.53311177973,49056.296537701965,53096.23657407777
2018-05-02,101608.42821225258,49056.296537701965,52552.13167455061
2018-05-03,101578.42242735218,49056.296537701965,52522.12588965022
2018-05-04,102338.56897816218,49056.296537701965,53282.27244046021
2018-05-07,102384.57784834277,49056.296537701965,53328.28131064081
2018-05-08,102414.58363324318,49056.296537701965,53358.287095541215
2018-05-09,102964.6896897504,49056.296537701965,53908.39315204844
2018-05-10,103452.78379079682,49056.296537701965,54396.487253094856
2018-05-11,103696.83084132001,49056.296537701965,54640.53430361806
2018-05-14,103656.82312811949,49056.296537701965,54600.52659041753
2018-05-15,103194.73404065342,49056.296537701965,54138.437502951456
2018-05-16,103554.80345945815,49056.296537701965,54498.50692175619
2018-05-17,103514.79574625765,49056.296537701965,54458.49920855567
2018-05-18,103316.75756591503,49056.296537701965,54260.46102821307
2018-05-21,103716.83469792029,49056.296537701965,54660.538160218326
2018-05-22,103570.80654473836,49056.296537701965,54514.5100070364
2018-05-23,103676.82698471977,49056.296537701965,54620.5304470178
2018-05-24,103694.83045566,49056.296537701965,54638.53391795803
2018-05-25,103526.79806021778,49056.296537701965,54470.50152251583
2018-05-29,102886.67464900938,49056.296537701965,53830.378111307415
2018-05-30,103518.79651757769,49056.296537701965,54462.49997987572
2018-05-31,103286.75178101464,49056.296537701965,54230.455243312674
2018-06-01,103858.86207978215,49056.296537701965,54802.565542080185
2018-06-04,104022.8937039043,49056.296537701965,54966.59716620234
2018-06-05,104150.91838614599,49056.296537701965,55094.62184844403
2018-06-06,104562.9978321114,49056.296537701965,55506.701294409446
2018-06-07,104581.00130305164,49056.296537701965,55524.70476534968
2018-06-08,104751.03408415389,49056.296537701965,55694.737546451914
2018-06-11,104841.05143885507,49056.296537701965,55784.7549011531
2018-06-12,104911.06493695598,49056.296537701965,55854.768399254026
2018-06-13,104671.01865775282,49056.296537701965,55614.72212005086
2018-06-14,104809.04526829463,49056.296537701965,55752.74873059267
2018-06-15,104374.96158006895,49056.296537701965,55318.66504236698
2018-06-18,104138.91607218584,49056.296537701965,55082.61953448387
2018-06-19,104196.9272563266,49056.296537701965,55140.63071862463
2018-06-20,104316.95039592817,49056.296537701965,55260.65385822621
2018-06-21,103908.8717212828,49056.296537701965,54852.57518358084
2018-06-22,103966.88290542358,49056.296537701965,54910.58636772161
2018-06-25,103282.75100969458,49056.296537701965,54226.45447199261
2018-06-26,103458.78494777689,49056.296537701965,54402.488410074926
2018-06-27,103066.70935841175,49056.296537701965,54010.41282070978
2018-06-28,103316.75756591503,49056.296537701965,54260.46102821307
2018-06-29,103298.7540949748,49056.296537701965,54242.457557272835
2018-07-02,103448.78301947677,49056.296537701965,54392.4864817748
2018-07-03,103132.72208519261,49056.296537701965,54076.425547490646
2018-07-05,103570.80654473836,49056.296537701965,54514.5100070364
2018-07-06,104152.91877180603,49056.296537701965,55096.622234104056
2018-07-09,104741.03215585375,49056.296537701965,55684.73561815178
2018-07-10,104414.96929326947,49056.296537701965,55358.6727555675
2018-07-11,104488.98356269044,49056.296537701965,55432.687024988474
2018-07-12,104965.07534977669,49056.296537701965,55908.77881207473
2018-07-13,105025.08691957749,49056.296537701965,55968.79038187552
2018-07-16,104885.05992337564,49056.296537701965,55828.76338567367
2018-07-17,105235.12741388023,49056.296537701965,56178.83087617827
2018-07-18,105273.13474142074,49056.296537701965,56216.83820371877
2018-07-19,105089.09926069833,49056.296537701965,56032.80272299636
2018-07-20,105003.0826773172,49056.296537701965,55946.78613961523
2018-07-23,105273.13474142074,49056.296537701965,56216.83820371877
2018-07-24,105327.14515424144,49056.296537701965,56270.848616539486
2018-07-25,105671.21148776598,49056.296537701965,56614.914950064005
2018-07-26,105813.23886962785,49056.296537701965,56756.94233192588
2018-07-27,105331.14592556149,49056.296537701965,56274.84938785953
2018-07-30,105089.09926069833,49056.296537701965,56032.80272299636
2018-07-31,105339.14746820161,49056.296537701965,56282.85093049965
2018-08-01,105271.1343557607,49056.296537701965,56214.837818058746
2018-08-02,105571.19220476465,49056.296537701965,56514.89566706269
2018-08-03,105791.23462736755,49056.296537701965,56734.938089665586
2018-08-06,105997.27435035026,49056.296537701965,56940.977812648285
2018-08-07,106179.30944541265,49056.296537701965,57123.01290771068
2018-08-08,105981.27229326827,105981.27229326827,0
2018-08-09,105981.27229326827,105981.27229326827,0
2018-08-10,105855.44342203398,42972.449301942725,62882.99412009126
2018-08-13,105596.10925523628,42972.449301942725,62623.65995329356
2018-08-14,105915.28976821808,42972.449301942725,62942.84046627535
2018-08-15,105463.11737482721,42972.449301942725,62490.66807288449
2018-08-16,105939.67161295973,42972.449301942725,62967.22231101701
2018-08-17,106156.89168429456,42972.449301942725,63184.44238235184
2018-08-20,106258.85212594151,42972.449301942725,63286.40282399879
2018-08-21,106072.6634933688,42972.449301942725,63100.21419142609
2018-08-22,106278.3412393005,106278.3412393005,0
2018-08-23,106278.3412393005,106278.3412393005,0
2018-08-24,106278.3412393005,106278.3412393005,0
2018-08-27,106278.3412393005,106278.3412393005,0
2018-08-28,106278.3412393005,106278.3412393005,0
2018-08-29,106278.3412393005,106278.3412393005,0
2018-08-30,106278.3412393005,106278.3412393005,0
2018-08-31,106278.3412393005,106278.3412393005,0
2018-09-04,106278.3412393005,106278.3412393005,0
2018-09-05,106114.0617782665,24015.38060184948,82098.68117641703
2018-09-06,105895.10162965427,24015.38060184948,81879.72102780479
2018-09-07,105735.857885209,24015.38060184948,81720.47728335952
2018-09-10,106000.3162465199,24015.38060184948,81984.93564467042
2018-09-11,106290.36735247377,24015.38060184948,82274.98675062429
2018-09-12,106202.21456537014,24015.38060184948,82186.83396352066
2018-09-13,106711.22581993627,24015.38060184948,82695.84521808679
2018-09-14,106742.5058411666,24015.38060184948,82727.12523931712
2018-09-17,105988.94169334523,24015.38060184948,81973.56109149575
2018-09-18,106768.09858580958,24015.38060184948,82752.7179839601
2018-09-19,106930.18596854851,24015.38060184948,82914.80536669903
2018-09-20,107587.06641438525,24015.38060184948,83571.68581253577
2018-09-21,106961.46598977884,24015.38060184948,82946.08538792936
2018-09-24,106810.75316021458,24015.38060184948,82795.3725583651
2018-09-25,106768.09858580958,24015.38060184948,82752.7179839601
2018-09-26,106478.0474798557,24015.38060184948,82462.66687800622
2018-09-27,106716.9130965236,24015.38060184948,82701.53249467412
2018-09-28,106765.25494751592,24015.38060184948,82749.87434566644
2018-10-01,106961.46598977884,24015.38060184948,82946.08538792936
2018-10-02,106941.56052172318,24015.38060184948,82926.1799198737
2018-10-03,106850.56409632589,24015.38060184948,82835.18349447641
2018-10-04,106446.76745862537,24015.38060184948,82431.38685677589
2018-10-05,105943.44348064659,24015.38060184948,81928.0628787971
2018-10-08,105895.10162965427,24015.38060184948,81879.72102780479
2018-10-09,105846.75977866194,24015.38060184948,81831.37917681246
2018-10-10,102698.85218757423,24015.38060184948,78683.47158572475
2018-10-11,102158.5609117778,24015.38060184948,78143.18030992831
2018-10-12,102818.28499590818,24015.38060184948,78802.9043940587
2018-10-15,102121.59361396014,24015.38060184948,78106.21301211066
2018-10-16,103893.18027091374,24015.38060184948,79877.79966906426
2018-10-17,103631.56554789652,24015.38060184948,79616.18494604704
2018-10-18,102656.19761316925,24015.38060184948,78640.81701131977
2018-10-19,102559.51391118462,24015.38060184948,78544.13330933514
2018-10-22,102078.93903955515,24015.38060184948,78063.55843770567
2018-10-23,101928.22620999088,24015.38060184948,77912.8456081414
2018-10-24,99568.0064262485,24015.38060184948,75552.62582439902
2018-10-25,99954.74123418702,24015.38060184948,75939.36063233754
2018-10-26,99761.37383021775,24015.38060184948,75745.99322836827
2018-10-29,99016.34059727739,24015.38060184948,75000.95999542791
2018-10-30,100284.60327625221,24015.38060184948,76269.22267440273
2018-10-31,101012.57467943057,24015.38060184948,76997.1940775811
2018-11-01,101618.26963598133,24015.38060184948,77602.88903413185
2018-11-02,101311.15670026546,24015.38060184948,77295.77609841598
2018-11-05,101953.81895463387,24015.38060184948,77938.43835278439
2018-11-06,102215.43367765109,24015.38060184948,78200.05307580161
2018-11-07,103972.80214313639,24015.38060184948,79957.42154128691
2018-11-08,103588.76890247875,103588.76890247875,0
2018-11-09,103588.76890247875,103588.76890247875,0
2018-11-12,103588.76890247875,103588.76890247875,0
2018-11-13,103588.76890247875,103588.76890247875,0
2018-11-14,103588.76890247875,103588.76890247875,0
2018-11-15,103588.76890247875,103588.76890247875,0
2018-11-16,103588.76890247875,103588.76890247875,0
2018-11-19,103588.76890247875,103588.76890247875,0
2018-11-20,103446.76367117344,32479.63158454807,70967.13208662537
2018-11-21,103777.25576744236,32479.63158454807,71297.62418289429
2018-11-23,103127.01928535227,32479.63158454807,70647.3877008042
2018-11-26,103892.79365475588,32479.63158454807,71413.1620702078
2018-11-27,104661.25495177144,32479.63158454807,72181.62336722336
2018-11-28,106098.76122416068,32479.63158454807,73619.12963961261
2018-11-29,105997.18304355307,105997.18304355307,0
2018-11-30,105997.18304355307,105997.18304355307,0
2018-12-03,105997.18304355307,105997.18304355307,0
2018-12-04,105997.18304355307,105997.18304355307,0
2018-12-06,105997.18304355307,105997.18304355307,0
2018-12-07,105876.946873392,45788.905813374906,60088.04106001709
2018-12-10,105924.86943091964,45788.905813374906,60135.96361754473
2018-12-11,106294.55773184716,45788.905813374906,60505.65191847226
2018-12-12,106458.86364337051,45788.905813374906,60669.95782999561
2018-12-13,106111.99560793233,45788.905813374906,60323.089794557425
2018-12-14,105082.80163436249,45788.905813374906,59293.89582098758
2018-12-17,104284.0923422351,45788.905813374906,58495.1865288602
2018-12-18,103916.68606785651,45788.905813374906,58127.78025448161
2018-12-19,103197.84770494187,45788.905813374906,57408.94189156697
2018-12-20,102506.39366061446,45788.905813374906,56717.48784723955
2018-12-21,100637.4139170364,45788.905813374906,54848.508103661494
2018-12-24,98978.3806159604,45788.905813374906,53189.474802585486
2018-12-26,101709.96639503603,45788.905813374906,55921.06058166111
2018-12-27,102385.44625352089,45788.905813374906,56596.54044014598
2018-12-28,102285.03708536773,45788.905813374906,56496.131271992825
2018-12-31,102860.10777569943,45788.905813374906,57071.201962324536
2019-01-02,101973.96188328083,101973.96188328083,0
2019-01-03,101973.96188328083,101973.96188328083,0
2019-01-04,101973.96188328083,101973.96188328083,0
2019-01-07,101973.96188328083,101973.96188328083,0
2019-01-08,101973.96188328083,101973.96188328083,0
2019-01-09,101973.96188328083,101973.96188328083,0
2019-01-10,101973.96188328083,101973.96188328083,0
2019-01-11,101973.96188328083,101973.96188328083,0
2019-01-14,101973.96188328083,101973.96188328083,0
2019-01-15,101973.96188328083,101973.96188328083,0
2019-01-16,101973.96188328083,101973.96188328083,0
2019-01-17,101973.96188328083,101973.96188328083,0
2019-01-18,101973.96188328083,101973.96188328083,0
2019-01-22,101973.96188328083,101973.96188328083,0
2019-01-23,101973.96188328083,101973.96188328083,0
2019-01-24,101973.96188328083,101973.96188328083,0
2019-01-25,101973.96188328083,101973.96188328083,0
2019-01-28,101973.96188328083,101973.96188328083,0
2019-01-29,101973.96188328083,101973.96188328083,0
2019-01-30,101973.96188328083,101973.96188328083,0
2019-01-31,101973.96188328083,101973.96188328083,0
2019-02-01,101973.96188328083,101973.96188328083,0
2019-02-04,101973.96188328083,101973.96188328083,0
2019-02-05,101973.96188328083,101973.96188328083,0
2019-02-06,101973.96188328083,101973.96188328083,0
2019-02-07,101851.01659148003,40409.09165353838,61441.92493794164
2019-02-08,102088.15606277616,40409.09165353838,61679.06440923779
2019-02-11,102234.08804511226,40409.09165353838,61824.996391573884
2019-02-12,103066.35638187279,40409.09165353838,62657.2647283344
2019-02-13,102993.39039070474,40409.09165353838,62584.298737166355
2019-02-14,102670.3046432417,102670.3046432417,0
2019-02-15,102670.3046432417,102670.3046432417,0
2019-02-19,102670.3046432417,102670.3046432417,0
2019-02-20,102670.3046432417,102670.3046432417,0
2019-02-21,102670.3046432417,102670.3046432417,0
2019-02-22,102670.3046432417,102670.3046432417,0
2019-02-25,102670.3046432417,102670.3046432417,0
2019-02-26,102670.3046432417,102670.3046432417,0
2019-02-27,102670.3046432417,102670.3046432417,0
2019-02-28,102670.3046432417,102670.3046432417,0
2019-03-01,102670.3046432417,102670.3046432417,0
2019-03-04,102546.97555735725,40913.24947816611,61633.72607919115
2019-03-05,102445.38271686409,40913.24947816611,61532.133238697985
2019-03-06,102036.8028148807,40913.24947816611,61123.55333671459
2019-03-07,101588.46919270433,40913.24947816611,60675.21971453823
2019-03-08,101650.30831300453,40913.24947816611,60737.05883483842
2019-03-11,102615.44029768961,40913.24947816611,61702.190819523494
2019-03-12,102591.14635757168,40913.24947816611,61677.89687940556
2019-03-13,103134.44720020905,40913.24947816611,62221.19772204294
2019-03-14,103024.02019967299,40913.24947816611,62110.77072150689
2019-03-15,102997.51771954435,40913.24947816611,62084.26824137824
2019-03-18,103344.25850122754,40913.24947816611,62431.00902306143
2019-03-19,103202.9119405414,40913.24947816611,62289.66246237529
2019-03-20,103061.56537985525,40913.24947816611,62148.31590168914
2019-03-21,103810.26044348968,40913.24947816611,62897.01096532357
2019-03-22,102586.72927755024,40913.24947816611,61673.47979938413
2019-03-25,102683.90503802196,40913.24947816611,61770.65555985585
2019-03-26,102968.80669940497,40913.24947816611,62055.557221238865
2019-03-27,102613.23175767888,40913.24947816611,61699.98227951278
2019-03-28,103081.44223995175,40913.24947816611,62168.192761785635
2019-03-29,103197.41766279803,103197.41766279803,0
2019-04-01,103197.41766279803,103197.41766279803,0
2019-04-02,103197.41766279803,103197.41766279803,0
2019-04-03,103197.41766279803,103197.41766279803,0
2019-04-04,103197.41766279803,103197.41766279803,0
2019-04-05,103197.41766279803,103197.41766279803,0
2019-04-08,103197.41766279803,103197.41766279803,0
2019-04-09,103064.1303620598,36453.78516553626,66610.34519652354
2019-04-10,103296.79531922298,103296.79531922298,0
2019-04-11,103296.79531922298,103296.79531922298,0
2019-04-12,103296.79531922298,103296.79531922298,0
2019-04-15,103296.79531922298,103296.79531922298,0
2019-04-16,103296.79531922298,103296.79531922298,0
2019-04-17,103296.79531922298,103296.79531922298,0
2019-04-18,103296.79531922298,103296.79531922298,0
2019-04-22,103296.79531922298,103296.79531922298,0
2019-04-23,103296.79531922298,103296.79531922298,0
2019-04-24,103296.79531922298,103296.79531922298,0
2019-04-25,103296.79531922298,103296.79531922298,0
2019-04-26,103296.79531922298,103296.79531922298,0
2019-04-29,103296.79531922298,103296.79531922298,0
2019-04-30,103296.79531922298,103296.79531922298,0
2019-05-01,103296.79531922298,103296.79531922298,0
2019-05-02,103164.9657685282,37283.13133835043,65881.83443017777
2019-05-03,103836.51413746676,37283.13133835043,66553.38279911633
2019-05-06,103144.6158179543,37283.13133835043,65861.48447960387
2019-05-07,102414.27870291338,37283.13133835043,65131.14736456295
2019-05-08,102339.66221747576,37283.13133835043,65056.530879125334
2019-05-09,102190.42924660053,37283.13133835043,64907.2979082501
2019-05-10,102513.76735016354,37283.13133835043,65230.636011813105
2019-05-13,100618.96084117191,37283.13133835043,63335.829502821485
2019-05-14,101478.18097651418,37283.13133835043,64195.04963816375
2019-05-15,101717.85817216229,37283.13133835043,64434.72683381186
2019-05-16,102407.49538605541,37283.13133835043,65124.36404770498
2019-05-17,102023.10743077072,37283.13133835043,64739.976092420286
2019-05-20,101679.41937663381,37283.13133835043,64396.28803828338
2019-05-21,102088.67949373105,37283.13133835043,64805.54815538062
2019-05-22,101808.30239693515,37283.13133835043,64525.17105858472
2019-05-23,101114.14297180338,37283.13133835043,63831.011633452945
2019-05-24,101263.3759426786,37283.13133835043,63980.244604328174
2019-05-28,100702.62174908683,37283.13133835043,63419.49041073639
2019-05-29,100205.17851283602,37283.13133835043,62922.0471744856
2019-05-30,99852.44603622184,37283.13133835043,62569.314697871414
2019-05-31,99531.36903827815,37283.13133835043,62248.23769992772
2019-06-03,99531.36903827815,37283.13133835043,62248.23769992772
2019-06-04,100908.3823604451,37283.13133835043,63625.251022094664
2019-06-05,101132.23181675795,37283.13133835043,63849.10047840752
2019-06-06,101659.06942605991,37283.13133835043,64375.93808770948
2019-06-07,102412.01759729406,37283.13133835043,65128.88625894363
2019-06-10,102601.95046931709,37283.13133835043,65318.81913096665
2019-06-11,102583.86162436251,37283.13133835043,65300.73028601208
2019-06-12,102590.64494122047,37283.13133835043,65307.51360287004
2019-06-13,102733.09459523775,37283.13133835043,65449.96325688731
2019-06-14,102703.70022218657,37283.13133835043,65420.56888383613
2019-06-17,102769.2722851469,37283.13133835043,65486.14094679646
2019-06-18,103360.47290353464,103360.47290353464,0
2019-06-19,103360.47290353464,103360.47290353464,0
2019-06-20,103360.47290353464,103360.47290353464,0
2019-06-21,103360.47290353464,103360.47290353464,0
2019-06-24,103360.47290353464,103360.47290353464,0
2019-06-25,103360.47290353464,103360.47290353464,0
2019-06-26,103360.47290353464,103360.47290353464,0
2019-06-27,103360.47290353464,103360.47290353464,0
2019-06-28,103251.2103334309,48647.22727309018,54603.98306034073
2019-07-01,103390.28388012585,48647.22727309018,54743.05660703566
2019-07-02,103648.03352000043,48647.22727309018,55000.80624691026
2019-07-03,104048.56533448183,48647.22727309018,55401.338061391645
2019-07-05,103931.74355525809,48647.22727309018,55284.516282167904
2019-07-08,103623.92743857332,48647.22727309018,54976.70016548313
2019-07-09,103735.18627592926,48647.22727309018,55087.959002839074
2019-07-10,104020.75062514284,48647.22727309018,55373.52335205266
2019-07-11,104180.22162535304,48647.22727309018,55532.99435226285
2019-07-12,104358.23576512255,48647.22727309018,55711.00849203236
2019-07-15,104447.24283500729,48647.22727309018,55800.01556191711
2019-07-16,104209.89064864794,48647.22727309018,55562.663375557764
2019-07-17,103763.00098526824,48647.22727309018,55115.77371217807
2019-07-18,104126.446520631,48647.22727309018,55479.21924754081
2019-07-19,103601.67567110213,48647.22727309018,54954.44839801195
2019-07-22,103920.61767152249,48647.22727309018,55273.39039843231
2019-07-23,104233.99673007507,48647.22727309018,55586.76945698488
2019-07-24,104523.26970720052,48647.22727309018,55876.042434110335
2019-07-25,104310.0236022683,48647.22727309018,55662.79632917811
2019-07-26,104415.2747127394,104415.2747127394,0
2019-07-29,104415.2747127394,104415.2747127394,0
2019-07-30,104415.2747127394,104415.2747127394,0
2019-07-31,104415.2747127394,104415.2747127394,0
2019-08-01,104415.2747127394,104415.2747127394,0
2019-08-02,104415.2747127394,104415.2747127394,0
2019-08-05,104415.2747127394,104415.2747127394,0
2019-08-06,104415.2747127394,104415.2747127394,0
2019-08-07,104415.2747127394,104415.2747127394,0
2019-08-08,104415.2747127394,104415.2747127394,0
2019-08-09,104415.2747127394,104415.2747127394,0
2019-08-12,104415.2747127394,104415.2747127394,0
2019-08-13,104415.2747127394,104415.2747127394,0
2019-08-14,104415.2747127394,104415.2747127394,0
2019-08-15,104415.2747127394,104415.2747127394,0
2019-08-16,104415.2747127394,104415.2747127394,0
2019-08-19,104415.2747127394,104415.2747127394,0
2019-08-20,104415.2747127394,104415.2747127394,0
2019-08-21,104415.2747127394,104415.2747127394,0
2019-08-22,104415.2747127394,104415.2747127394,0
2019-08-23,104415.2747127394,104415.2747127394,0
2019-08-26,104415.2747127394,104415.2747127394,0
2019-08-27,104415.2747127394,104415.2747127394,0
2019-08-28,104415.2747127394,104415.2747127394,0
2019-08-29,104415.2747127394,104415.2747127394,0
2019-08-30,104415.2747127394,104415.2747127394,0
2019-09-03,104415.2747127394,104415.2747127394,0
2019-09-04,104415.2747127394,104415.2747127394,0
2019-09-05,104415.2747127394,104415.2747127394,0
2019-09-06,104415.2747127394,104415.2747127394,0
2019-09-09,104415.2747127394,104415.2747127394,0
2019-09-10,104415.2747127394,104415.2747127394,0
2019-09-11,104415.2747127394,104415.2747127394,0
2019-09-12,104415.2747127394,104415.2747127394,0
2019-09-13,104415.2747127394,104415.2747127394,0
2019-09-16,104269.95319421586,31645.50615595949,72624.44703825637
2019-09-17,104347.2903757541,31645.50615595949,72701.78421979462
2019-09-18,104347.2903757541,31645.50615595949,72701.78421979462
2019-09-19,104446.37863959998,31645.50615595949,72800.87248364049
2019-09-20,103486.91423114116,31645.50615595949,71841.40807518167
2019-09-23,104062.10951883183,31645.50615595949,72416.60336287234
2019-09-24,103293.57127729554,31645.50615595949,71648.06512133605
2019-09-25,103547.3339042179,31645.50615595949,71901.82774825841
2019-09-26,103385.4091803722,31645.50615595949,71739.9030244127
2019-09-27,103141.31370114212,31645.50615595949,71495.80754518263
2019-09-30,103515.91567421799,31645.50615595949,71870.4095182585
2019-10-01,102633.78844729741,31645.50615595949,70988.28229133792
2019-10-02,101219.9680973014,31645.50615595949,69574.46194134191
2019-10-03,101749.24443345376,31645.50615595949,70103.73827749427
2019-10-04,102856.13284421986,31645.50615595949,71210.62668826037
2019-10-07,102467.03014960558,31645.50615595949,70821.52399364609
2019-10-08,101377.05924730095,31645.50615595949,69731.55309134146
2019-10-09,101543.8175449928,31645.50615595949,69898.3113890333
2019-10-10,102730.45992422021,31645.50615595949,71084.95376826072
2019-10-11,103387.82596729528,31645.50615595949,71742.3198113358
2019-10-14,103344.32380268002,31645.50615595949,71698.81764672053
2019-10-15,103878.43371267851,31645.50615595949,72232.92755671902
2019-10-16,103726.17613652509,31645.50615595949,72080.6699805656
2019-10-17,103946.10374652447,31645.50615595949,72300.59759056498
2019-10-18,103670.59003729447,31645.50615595949,72025.08388133498
2019-10-21,104158.78099575464,31645.50615595949,72513.27483979515
2019-10-22,103808.34689190947,31645.50615595949,72162.84073594998
2019-10-23,104197.44958652375,31645.50615595949,72551.94343056426
2019-10-24,104083.86060113947,31645.50615595949,72438.35444517998
2019-10-25,104596.21942883033,31645.50615595949,72950.71327287084
2019-10-28,104994.98927113689,31645.50615595949,73349.4831151774
2019-10-29,104920.06887652172,31645.50615595949,73274.56272056223
2019-10-30,105089.55923099074,105089.55923099074,0
2019-10-31,105089.55923099074,105089.55923099074,0
2019-11-01,105089.55923099074,105089.55923099074,0
2019-11-04,105089.55923099074,105089.55923099074,0
2019-11-05,105089.55923099074,105089.55923099074,0
2019-11-06,105089.55923099074,105089.55923099074,0
2019-11-07,105089.55923099074,105089.55923099074,0
2019-11-08,105089.55923099074,105089.55923099074,0
2019-11-11,105089.55923099074,105089.55923099074,0
2019-11-12,104961.0087467242,40717.88817373557,64243.120572988635
2019-11-13,105104.74335501008,40717.88817373557,64386.855181274506
2019-11-14,105294.11278902442,105294.11278902442,0
2019-11-15,105294.11278902442,105294.11278902442,0
2019-11-18,105294.11278902442,105294.11278902442,0
2019-11-19,105155.92875897746,36098.44247862832,69057.48628034914
2019-11-20,104734.54901739913,36098.44247862832,68636.10653877081
2019-11-21,104976.28792177828,36098.44247862832,68877.84544314996
2019-11-22,105104.91963236535,36098.44247862832,69006.47715373703
2019-11-25,105666.02002509861,36098.44247862832,69567.57754647029
2019-11-26,105690.74268946293,105690.74268946293,0
2019-11-27,105690.74268946293,105690.74268946293,0
2019-11-29,105690.74268946293,105690.74268946293,0
2019-12-02,105690.74268946293,105690.74268946293,0
2019-12-03,105552.75602938881,36593.90541762319,68958.85061176562
2019-12-04,105983.12169367565,36593.90541762319,69389.21627605247
2019-12-05,106266.31568001985,36593.90541762319,69672.41026239666
2019-12-06,106837.16340052467,36593.90541762319,70243.25798290149
2019-12-09,106533.90054900649,36593.90541762319,69939.9951313833
2019-12-10,106498.22256647494,36593.90541762319,69904.31714885175
2019-12-11,106756.88793982868,36593.90541762319,70162.9825222055
2019-12-12,107595.32052932018,36593.90541762319,71001.41511169699
2019-12-13,107336.65515596641,36593.90541762319,70742.74973834322
2019-12-16,107802.69880278481,36593.90541762319,71208.79338516163
2019-12-17,107811.6182984177,36593.90541762319,71217.71288079451
2019-12-18,107936.49123727813,36593.90541762319,71342.58581965494
2019-12-19,108204.07610626477,36593.90541762319,71610.17068864158
2019-12-20,108239.75408879633,36593.90541762319,71645.84867117314
2019-12-23,108250.90345833745,36593.90541762319,71656.99804071426
2019-12-24,108226.37484534699,36593.90541762319,71632.4694277238
2019-12-26,108705.79773561472,36593.90541762319,72111.89231799153
2019-12-27,108482.81034479252,36593.90541762319,71888.90492716934
2019-12-30,108257.5930800621,36593.90541762319,71663.68766243891
2019-12-31,108473.89084915964,36593.90541762319,71879.98543153645
2020-01-02,109096.02566955358,36593.90541762319,72502.12025193039
2020-01-03,108540.7870664063,36593.90541762319,71946.8816487831
2020-01-06,108768.23420504495,36593.90541762319,72174.32878742176
2020-01-07,107564.10229460505,36593.90541762319,70970.19687698186
2020-01-08,109147.31276944268,36593.90541762319,72553.4073518195
2020-01-09,109413.9805403481,109413.9805403481,0
2020-01-10,109413.9805403481,109413.9805403481,0
2020-01-13,109413.9805403481,109413.9805403481,0
2020-01-14,109413.9805403481,109413.9805403481,0
2020-01-15,109413.9805403481,109413.9805403481,0
2020-01-16,109413.9805403481,109413.9805403481,0
2020-01-17,109289.02604110414,46842.99943241972,62446.02660868442
2020-01-21,109270.19430810996,46842.99943241972,62427.19487569024
2020-01-22,109176.03564313908,46842.99943241972,62333.036210719365
2020-01-23,109358.70345318259,46842.99943241972,62515.704020762874
2020-01-24,108660.04615909868,46842.99943241972,61817.04672667897
2020-01-27,107842.7489471515,46842.99943241972,60999.74951473178
2020-01-28,108383.21968408432,46842.99943241972,61540.22025166461
2020-01-29,108257.04707302334,46842.99943241972,61414.047640603625
2020-01-30,108724.07405127889,46842.99943241972,61881.07461885917
2020-01-31,107452.93207417207,46842.99943241972,60609.932641752355
2020-02-03,107891.71145293635,46842.99943241972,61048.712020516636
2020-02-04,108735.3730910754,46842.99943241972,61892.37365865568
2020-02-05,109558.31982292084,46842.99943241972,62715.32039050112
2020-02-06,109545.71642761974,109545.71642761974,0
2020-02-07,109545.71642761974,109545.71642761974,0
2020-02-10,109545.71642761974,109545.71642761974,0
2020-02-11,109545.71642761974,109545.71642761974,0
2020-02-12,109545.71642761974,109545.71642761974,0
2020-02-13,109545.71642761974,109545.71642761974,0
2020-02-14,109545.71642761974,109545.71642761974,0
2020-02-18,109545.71642761974,109545.71642761974,0
2020-02-19,109545.71642761974,109545.71642761974,0
2020-02-20,109381.18595619548,27157.062305878397,82224.12365031708
2020-02-21,108725.3506842227,27157.062305878397,81568.28837834431
2020-02-24,106598.78034338563,27157.062305878397,79441.71803750723
2020-02-25,103857.9762217084,27157.062305878397,76700.91391583001
2020-02-26,102852.19899491435,27157.062305878397,75695.13668903595
2020-02-27,99812.84299569725,27157.062305878397,72655.78068981886
2020-02-28,100290.03657045358,27157.062305878397,73132.97426457518
2020-03-02,102871.77616721204,27157.062305878397,75714.71386133364
2020-03-03,101102.4892208079,27157.062305878397,73945.4269149295
2020-03-04,103099.36079517273,27157.062305878397,75942.29848929434
2020-03-05,101227.2936942057,27157.062305878397,74070.2313883273
2020-03-06,99470.2424804876,27157.062305878397,72313.18017460921
2020-03-09,95738.34401123959,27157.062305878397,68581.2817053612
2020-03-10,96445.5693604938,27157.062305878397,69288.5070546154
2020-03-11,94184.40596011007,27157.062305878397,67027.34365423168
2020-03-12,87075.44526950974,27157.062305878397,59918.38296363135
2020-03-13,92605.99644360846,27157.062305878397,65448.934137730066
2020-03-16,87087.68100219581,27157.062305878397,59930.61869631742
2020-03-17,86571.33308284412,27157.062305878397,59414.27077696572
2020-03-18,87354.4199747519,27157.062305878397,60197.357668873505
2020-03-19,85198.48387546829,27157.062305878397,58041.4215695899
2020-03-20,82560.45990835395,27157.062305878397,55403.397602475554
2020-03-23,82445.444021105,27157.062305878397,55288.3817152266
2020-03-24,86493.02439365335,27157.062305878397,59335.96208777495
2020-03-25,87591.79318886145,27157.062305878397,60434.73088298305
2020-03-26,91602.66636335163,27157.062305878397,64445.604057473225
2020-03-27,88849.62650898832,27157.062305878397,61692.56420310993
2020-03-30,91255.17155506754,27157.062305878397,64098.10924918915
2020-03-31,89390.44589371214,27157.062305878397,62233.38358783374
2020-04-01,87723.93910187088,27157.062305878397,60566.87679599249
2020-04-02,88529.05031261357,27157.062305878397,61371.98800673518
2020-04-03,87826.71925643377,27157.062305878397,60669.656950555385
2020-04-06,92255.3611020516,92255.3611020516,0
2020-04-07,92255.3611020516,92255.3611020516,0
2020-04-08,92255.3611020516,92255.3611020516,0
2020-04-09,92255.3611020516,92255.3611020516,0
2020-04-13,92255.3611020516,92255.3611020516,0
2020-04-14,92255.3611020516,92255.3611020516,0
2020-04-15,92255.3611020516,92255.3611020516,0
2020-04-16,92255.3611020516,92255.3611020516,0
2020-04-17,92255.3611020516,92255.3611020516,0
2020-04-20,92255.3611020516,92255.3611020516,0
2020-04-21,92255.3611020516,92255.3611020516,0
2020-04-22,92255.3611020516,92255.3611020516,0
2020-04-23,92255.3611020516,92255.3611020516,0
2020-04-24,92255.3611020516,92255.3611020516,0
2020-04-27,92255.3611020516,92255.3611020516,0
2020-04-28,92255.3611020516,92255.3611020516,0
2020-04-29,92255.3611020516,92255.3611020516,0
2020-04-30,92255.3611020516,92255.3611020516,0
2020-05-01,92255.3611020516,92255.3611020516,0
2020-05-04,92255.3611020516,92255.3611020516,0
2020-05-05,92255.3611020516,92255.3611020516,0
2020-05-06,92139.01528042124,33995.176384687904,58143.838895733345
2020-05-07,93333.94823573048,33995.176384687904,59338.77185104258
2020-05-08,94200.94075733566,33995.176384687904,60205.76437264775
2020-05-11,93832.00776941856,33995.176384687904,59836.831384730656
2020-05-12,92061.12942741653,33995.176384687904,58065.95304272862
2020-05-13,91798.77708045326,33995.176384687904,57803.60069576535
2020-05-14,92548.94082255135,33995.176384687904,58553.76443786344
2020-05-15,92553.04007797263,33995.176384687904,58557.86369328474
2020-05-18,94432.42068119011,94432.42068119011,0
2020-05-19,94432.42068119011,94432.42068119011,0
2020-05-20,94432.42068119011,94432.42068119011,0
2020-05-21,94432.42068119011,94432.42068119011,0
2020-05-22,94432.42068119011,94432.42068119011,0
2020-05-26,94432.42068119011,94432.42068119011,0
2020-05-27,94432.42068119011,94432.42068119011,0
2020-05-28,94432.42068119011,94432.42068119011,0
2020-05-29,94432.42068119011,94432.42068119011,0
2020-06-01,94432.42068119011,94432.42068119011,0
2020-06-02,94432.42068119011,94432.42068119011,0
2020-06-03,94432.42068119011,94432.42068119011,0
2020-06-04,94432.42068119011,94432.42068119011,0
2020-06-05,94432.42068119011,94432.42068119011,0
2020-06-08,94432.42068119011,94432.42068119011,0
2020-06-09,94432.42068119011,94432.42068119011,0
2020-06-10,94432.42068119011,94432.42068119011,0
2020-06-11,94333.20399100744,44749.65067631952,49583.55331468791
2020-06-12,94415.00343886722,44749.65067631952,49665.3527625477
2020-06-15,95489.8481837448,44749.65067631952,50740.197507425284
2020-06-16,96095.16409790723,44749.65067631952,51345.51342158771
2020-06-17,95538.92785246068,44749.65067631952,50789.277176141164
2020-06-18,95944.65311384523,44749.65067631952,51195.002437525705
2020-06-19,94827.27265608055,44749.65067631952,50077.621979761025
2020-06-22,95744.35118705638,95744.35118705638,0
2020-06-23,95744.35118705638,95744.35118705638,0
2020-06-24,95744.35118705638,95744.35118705638,0
2020-06-25,95744.35118705638,95744.35118705638,0
2020-06-26,95744.35118705638,95744.35118705638,0
2020-06-29,95744.35118705638,95744.35118705638,0
2020-06-30,95744.35118705638,95744.35118705638,0
2020-07-01,95744.35118705638,95744.35118705638,0
2020-07-02,95744.35118705638,95744.35118705638,0
2020-07-06,95744.35118705638,95744.35118705638,0
2020-07-07,95744.35118705638,95744.35118705638,0
2020-07-08,95744.35118705638,95744.35118705638,0
2020-07-09,95744.35118705638,95744.35118705638,0
2020-07-10,95744.35118705638,95744.35118705638,0
2020-07-13,95744.35118705638,95744.35118705638,0
2020-07-14,95744.35118705638,95744.35118705638,0
2020-07-15,95744.35118705638,95744.35118705638,0
2020-07-16,95744.35118705638,95744.35118705638,0
2020-07-17,95744.35118705638,95744.35118705638,0
2020-07-20,95744.35118705638,95744.35118705638,0
2020-07-21,95744.35118705638,95744.35118705638,0
2020-07-22,95744.35118705638,95744.35118705638,0
2020-07-23,95633.07443883488,40022.5056124941,55610.56882634079
2020-07-24,95074.3038446608,40022.5056124941,55051.7982321667
2020-07-27,95676.05679223288,40022.5056124941,55653.55117973879
2020-07-28,95349.39090640805,40022.5056124941,55326.88529391395
2020-07-29,95923.63514780541,40022.5056124941,55901.12953531131
2020-07-30,96215.91515091184,40022.5056124941,56193.40953841775
2020-07-31,96147.14338547504,40022.5056124941,56124.63777298094
2020-08-03,96445.04012136612,96445.04012136612,0
2020-08-04,96445.04012136612,96445.04012136612,0
2020-08-05,96445.04012136612,96445.04012136612,0
2020-08-06,96445.04012136612,96445.04012136612,0
2020-08-07,96445.04012136612,96445.04012136612,0
2020-08-10,96445.04012136612,96445.04012136612,0
2020-08-11,96445.04012136612,96445.04012136612,0
2020-08-12,96445.04012136612,96445.04012136612,0
2020-08-13,96445.04012136612,96445.04012136612,0
2020-08-14,96327.0579055156,37365.43079380244,58961.627111713155
2020-08-17,96682.64941780549,37365.43079380244,59317.21862400304
2020-08-18,96733.44820527548,37365.43079380244,59368.01741147303
2020-08-19,96269.2523887394,37365.43079380244,58903.821594936955
2020-08-20,96742.20661690822,37365.43079380244,59376.77582310579
2020-08-21,96861.3210151137,37365.43079380244,59495.89022131126
2020-08-24,97516.45020524386,37365.43079380244,60151.01941144141
2020-08-25,97598.9972802157,97598.9972802157,0
2020-08-26,97598.9972802157,97598.9972802157,0
2020-08-27,97598.9972802157,97598.9972802157,0
2020-08-28,97598.9972802157,97598.9972802157,0
2020-08-31,97598.9972802157,97598.9972802157,0
2020-09-01,97598.9972802157,97598.9972802157,0
2020-09-02,97598.9972802157,97598.9972802157,0
2020-09-03,97484.52385023446,40276.41291507219,57208.11093516226
2020-09-04,97272.87033874888,40276.41291507219,56996.45742367668
2020-09-08,95656.30414866214,40276.41291507219,55379.891233589944
2020-09-09,97089.54839966686,40276.41291507219,56813.13548459467
2020-09-10,96076.27804546818,40276.41291507219,55799.86513039598
2020-09-11,95924.62080495489,40276.41291507219,55648.207889882695
2020-09-14,96714.57170609004,40276.41291507219,56438.15879101785
2020-09-15,96986.22148854792,40276.41291507219,56709.808573475726
2020-09-16,96809.56580179618,40276.41291507219,56533.15288672399
2020-09-17,96276.2656153758,40276.41291507219,55999.852700303614
2020-09-18,95482.98158807552,40276.41291507219,55206.56867300332
2020-09-21,94956.3476539854,40276.41291507219,54679.934738913216
2020-09-22,95299.65964899352,40276.41291507219,55023.246733921325
2020-09-23,93889.74728114466,40276.41291507219,53613.33436607248
2020-09-24,94498.0428062804,40276.41291507219,54221.62989120821
2020-09-25,94949.68140165515,40276.41291507219,54673.26848658296
2020-09-28,96167.93901500918,40276.41291507219,55891.52609993698
2020-09-29,95864.6245339826,40276.41291507219,55588.2116189104
2020-09-30,96289.59812003633,40276.41291507219,56013.18520496413
2020-10-01,96401.25784656807,40276.41291507219,56124.844931495885
2020-10-02,95712.9672934693,40276.41291507219,55436.5543783971
2020-10-05,96633.35322750307,96633.35322750307,0
2020-10-06,96633.35322750307,96633.35322750307,0
2020-10-07,96633.35322750307,96633.35322750307,0
2020-10-08,96633.35322750307,96633.35322750307,0
2020-10-09,96633.35322750307,96633.35322750307,0
2020-10-12,96633.35322750307,96633.35322750307,0
2020-10-13,96633.35322750307,96633.35322750307,0
2020-10-14,96633.35322750307,96633.35322750307,0
2020-10-15,96633.35322750307,96633.35322750307,0
2020-10-16,96529.51787869103,44637.78933693662,51891.72854175441
2020-10-19,96180.2855413747,44637.78933693662,51542.49620443808
2020-10-20,96256.72695426368,44637.78933693662,51618.93761732706
2020-10-21,95799.57732816291,44637.78933693662,51161.78799122628
2020-10-22,96363.14539181502,44637.78933693662,51725.35605487839
2020-10-23,96430.59369730529,44637.78933693662,51792.80436036867
2020-10-26,95492.31282537385,44637.78933693662,50854.52348843723
2020-10-27,95081.62758749971,44637.78933693662,50443.838250563094
2020-10-28,93833.084510313,44637.78933693662,49195.29517337638
2020-10-29,93747.6499900253,44637.78933693662,49109.86065308868
2020-10-30,93695.1901968662,44637.78933693662,49057.40085992958
2020-11-02,94336.69852464041,44637.78933693662,49698.909187703786
2020-11-03,94682.9331594905,44637.78933693662,50045.14382255388
2020-11-04,96161.01997311416,96161.01997311416,0
2020-11-05,96161.01997311416,96161.01997311416,0
2020-11-06,96161.01997311416,96161.01997311416,0
2020-11-09,96161.01997311416,96161.01997311416,0
2020-11-10,96161.01997311416,96161.01997311416,0
2020-11-11,96161.01997311416,96161.01997311416,0
2020-11-12,96161.01997311416,96161.01997311416,0
2020-11-13,96161.01997311416,96161.01997311416,0
2020-11-16,96161.01997311416,96161.01997311416,0
2020-11-17,96161.01997311416,96161.01997311416,0
2020-11-18,96161.01997311416,96161.01997311416,0
2020-11-19,96161.01997311416,96161.01997311416,0
2020-11-20,96161.01997311416,96161.01997311416,0
2020-11-23,96161.01997311416,96161.01997311416,0
2020-11-24,96161.01997311416,96161.01997311416,0
2020-11-25,96161.01997311416,96161.01997311416,0
2020-11-27,96161.01997311416,96161.01997311416,0
2020-11-30,96161.01997311416,96161.01997311416,0
2020-12-01,96161.01997311416,96161.01997311416,0
2020-12-02,96161.01997311416,96161.01997311416,0
2020-12-03,96161.01997311416,96161.01997311416,0
2020-12-04,96161.01997311416,96161.01997311416,0
2020-12-07,96161.01997311416,96161.01997311416,0
2020-12-08,96161.01997311416,96161.01997311416,0
2020-12-09,96031.26860270786,31188.005031334964,64843.26357137289
2020-12-10,95958.92645831528,31188.005031334964,64770.92142698033
2020-12-11,95784.24664624548,31188.005031334964,64596.24161491052
2020-12-14,95697.78896148365,31188.005031334964,64509.78393014868
2020-12-15,96310.0505250011,31188.005031334964,65122.04549366613
2020-12-16,96530.60584327107,31188.005031334964,65342.60081193611
2020-12-17,96786.45001246424,31188.005031334964,65598.44498112927
2020-12-18,96521.78363054027,31188.005031334964,65333.7785992053
2020-12-21,95964.21978595378,31188.005031334964,64776.21475461881
2020-12-22,95628.97570218341,31188.005031334964,64440.97067084845
2020-12-23,96077.144108908,31188.005031334964,64889.13907757304
2020-12-24,96292.40609953951,31188.005031334964,65104.40106820454
2020-12-28,97026.41419874197,31188.005031334964,65838.40916740701
2020-12-29,96707.05009788706,31188.005031334964,65519.04506655209
2020-12-30,96872.90769722607,31188.005031334964,65684.9026658911
2020-12-31,97246.96951701195,31188.005031334964,66058.96448567699
2021-01-04,96355.92603120125,31188.005031334964,65167.920999866285
2021-01-05,96721.16563825634,31188.005031334964,65533.160606921374
2021-01-06,97354.6005123277,31188.005031334964,66166.59548099274
2021-01-07,98081.66021561009,98081.66021561009,0
2021-01-08,98081.66021561009,98081.66021561009,0
2021-01-11,98081.66021561009,98081.66021561009,0
2021-01-12,98081.66021561009,98081.66021561009,0
2021-01-13,98081.66021561009,98081.66021561009,0
2021-01-14,98081.66021561009,98081.66021561009,0
2021-01-15,98081.66021561009,98081.66021561009,0
2021-01-19,98081.66021561009,98081.66021561009,0
2021-01-20,98081.66021561009,98081.66021561009,0
2021-01-21,98081.66021561009,98081.66021561009,0
2021-01-22,98081.66021561009,98081.66021561009,0
2021-01-25,98081.66021561009,98081.66021561009,0
2021-01-26,98081.66021561009,98081.66021561009,0
2021-01-27,97970.53812441399,42437.25916583355,55533.27895858043
2021-01-28,98526.97483669975,42437.25916583355,56089.71567086621
2021-01-29,97551.34585590914,42437.25916583355,55114.08669007559
2021-02-01,98586.64633399583,42437.25916583355,56149.38716816227
2021-02-02,99509.12342682698,99509.12342682698,0
2021-02-03,99509.12342682698,99509.12342682698,0
2021-02-04,99509.12342682698,99509.12342682698,0
2021-02-05,99509.12342682698,99509.12342682698,0
2021-02-08,99509.12342682698,99509.12342682698,0
2021-02-09,99509.12342682698,99509.12342682698,0
2021-02-10,99509.12342682698,99509.12342682698,0
2021-02-11,99509.12342682698,99509.12342682698,0
2021-02-12,99509.12342682698,99509.12342682698,0
2021-02-16,99374.62888668013,32160.965644871656,67213.66324180848
2021-02-17,99652.77570368201,32160.965644871656,67491.81005881036
2021-02-18,99199.49940930857,32160.965644871656,67038.53376443691
2021-02-19,99070.72773477065,32160.965644871656,66909.762089899
2021-02-22,98557.3579922795,32160.965644871656,66396.39234740785
2021-02-23,98624.31926303923,32160.965644871656,66463.35361816757
2021-02-24,99573.79574329876,32160.965644871656,67412.8300984271
2021-02-25,97770.992299768,32160.965644871656,65610.02665489634
2021-02-26,97355.48902992567,32160.965644871656,65194.52338505401
2021-03-01,99130.82118288835,32160.965644871656,66969.8555380167
2021-03-02,98741.07224795359,32160.965644871656,66580.10660308193
2021-03-03,97561.52370918632,32160.965644871656,65400.558064314675
2021-03-04,96366.5225694745,32160.965644871656,64205.556924602846
2021-03-05,97951.69912732237,97951.69912732237,0
2021-03-08,97951.69912732237,97951.69912732237,0
2021-03-09,97951.69912732237,97951.69912732237,0
2021-03-10,97951.69912732237,97951.69912732237,0
2021-03-11,97951.69912732237,97951.69912732237,0
2021-03-12,97951.69912732237,97951.69912732237,0
2021-03-15,97951.69912732237,97951.69912732237,0
2021-03-16,97951.69912732237,97951.69912732237,0
2021-03-17,97951.69912732237,97951.69912732237,0
2021-03-18,97951.69912732237,97951.69912732237,0
2021-03-19,97951.69912732237,97951.69912732237,0
2021-03-22,97951.69912732237,97951.69912732237,0
2021-03-23,97951.69912732237,97951.69912732237,0
2021-03-24,97951.69912732237,97951.69912732237,0
2021-03-25,97951.69912732237,97951.69912732237,0
2021-03-26,97951.69912732237,97951.69912732237,0
2021-03-29,97951.69912732237,97951.69912732237,0
2021-03-30,97951.69912732237,97951.69912732237,0
2021-03-31,97951.69912732237,97951.69912732237,0
2021-04-01,97951.69912732237,97951.69912732237,0
2021-04-05,97951.69912732237,97951.69912732237,0
2021-04-06,97951.69912732237,97951.69912732237,0
2021-04-07,97951.69912732237,97951.69912732237,0
2021-04-08,97951.69912732237,97951.69912732237,0
2021-04-09,97951.69912732237,97951.69912732237,0
2021-04-12,97951.69912732237,97951.69912732237,0
2021-04-13,97951.69912732237,97951.69912732237,0
2021-04-14,97951.69912732237,97951.69912732237,0
2021-04-15,97951.69912732237,97951.69912732237,0
2021-04-16,97951.69912732237,97951.69912732237,0
2021-04-19,97951.69912732237,97951.69912732237,0
2021-04-20,97840.26020512218,42148.644912672535,55691.61529244965
2021-04-21,98264.91215271395,42148.644912672535,56116.26724004142
2021-04-22,97947.0993893889,42148.644912672535,55798.45447671637
2021-04-23,98442.07586333345,42148.644912672535,56293.43095066092
2021-04-26,98671.98296871754,42148.644912672535,56523.338056045
2021-04-27,98630.05873185338,42148.644912672535,56481.413819180845
2021-04-28,98742.30749507032,42148.644912672535,56593.66258239778
2021-04-29,98747.94959800973,98747.94959800973,0
2021-04-30,98747.94959800973,98747.94959800973,0
2021-05-03,98747.94959800973,98747.94959800973,0
2021-05-04,98631.39015268764,40380.792790325555,58250.597362362096
2021-05-05,98645.4068516054,40380.792790325555,58264.61406127984
2021-05-06,99127.5812943758,40380.792790325555,58746.78850405025
2021-05-07,99590.13235866137,40380.792790325555,59209.33956833582
2021-05-10,98964.98758692996,40380.792790325555,58584.19479660441
2021-05-11,98444.96805708166,40380.792790325555,58064.1752667561
2021-05-12,97308.21377485259,40380.792790325555,56927.42098452703
2021-05-13,97989.42534225495,40380.792790325555,57608.632551929404
2021-05-14,98892.1007525577,40380.792790325555,58511.307962232146
2021-05-17,98722.49869565299,40380.792790325555,58341.70590532744
2021-05-18,97933.35854658399,40380.792790325555,57552.56575625843
2021-05-19,97822.6266251338,40380.792790325555,57441.83383480825
2021-05-20,98666.43189998201,40380.792790325555,58285.639109656455
2021-05-21,98611.76677420281,40380.792790325555,58230.97398387726
2021-05-24,99224.29651690825,40380.792790325555,58843.50372658268
2021-05-25,99126.17962448404,40380.792790325555,58745.386834158475
2021-05-26,99110.7612556745,40380.792790325555,58729.96846534895
2021-05-27,99407.9152727307,40380.792790325555,59027.12248240514
2021-05-28,99256.53492441906,40380.792790325555,58875.7421340935
2021-06-01,99151.40968253597,40380.792790325555,58770.61689221042
2021-06-02,99339.23344803374,40380.792790325555,58958.44065770819
2021-06-03,99022.45605249272,40380.792790325555,58641.66326216717
2021-06-04,99618.16575649686,40380.792790325555,59237.3729661713
2021-06-07,99570.50898017653,40380.792790325555,59189.716189850966
2021-06-08,99584.52567909428,40380.792790325555,59203.73288876872
2021-06-09,99510.23717483022,40380.792790325555,59129.44438450468
2021-06-10,99742.91437686479,40380.792790325555,59362.12158653923
2021-06-11,99869.06466712448,40380.792790325555,59488.27187679893
2021-06-14,99965.77988965693,40380.792790325555,59584.98709933137
2021-06-15,99873.2696767998,40380.792790325555,59492.47688647425
2021-06-16,99299.98669106406,40380.792790325555,58919.19390073851
2021-06-17,99574.71398985185,40380.792790325555,59193.921199526296
2021-06-18,98353.85951411631,40380.792790325555,57973.06672379076
2021-06-21,99302.50986647132,99302.50986647132,0
2021-06-22,99302.50986647132,99302.50986647132,0
2021-06-23,99302.50986647132,99302.50986647132,0
2021-06-24,99302.50986647132,99302.50986647132,0
2021-06-25,99302.50986647132,99302.50986647132,0
2021-06-28,99302.50986647132,99302.50986647132,0
2021-06-29,99302.50986647132,99302.50986647132,0
2021-06-30,99302.50986647132,99302.50986647132,0
2021-07-01,99302.50986647132,99302.50986647132,0
2021-07-02,99302.50986647132,99302.50986647132,0
2021-07-06,99302.50986647132,99302.50986647132,0
2021-07-07,99302.50986647132,99302.50986647132,0
2021-07-08,99186.49966774666,41210.38836105898,57976.11130668767
2021-07-09,99795.43824315318,99795.43824315318,0
2021-07-12,99795.43824315318,99795.43824315318,0
2021-07-13,99795.43824315318,99795.43824315318,0
2021-07-14,99795.43824315318,99795.43824315318,0
2021-07-15,99795.43824315318,99795.43824315318,0
2021-07-16,99795.43824315318,99795.43824315318,0
2021-07-19,99648.70482901904,26318.66278296239,73330.04204605665
2021-07-20,100725.18812388189,26318.66278296239,74406.5253409195
2021-07-21,101235.01061232893,26318.66278296239,74916.34782936654
2021-07-22,101500.25609618313,26318.66278296239,75181.59331322074
2021-07-23,101975.63111919456,26318.66278296239,75656.96833623217
2021-07-26,102228.81999014631,26318.66278296239,75910.15720718392
2021-07-27,101886.06770906197,26318.66278296239,75567.40492609958
2021-07-28,101918.7928012258,26318.66278296239,75600.13001826341
2021-07-29,101793.05955238582,26318.66278296239,75474.39676942343
2021-07-30,101937.73890721539,26318.66278296239,75619.076124253
2021-08-02,101787.89243257049,26318.66278296239,75469.2296496081
2021-08-03,102171.98167217754,26318.66278296239,75853.31888921515
2021-08-04,101987.68773209702,26318.66278296239,75669.02494913463
2021-08-05,102328.71763990958,26318.66278296239,76010.05485694719
2021-08-06,102511.28920671831,26318.66278296239,76192.62642375592
2021-08-09,102464.78512838024,26318.66278296239,76146.12234541785
2021-08-10,102516.45632653365,26318.66278296239,76197.79354357126
2021-08-11,102565.25177621044,102565.25177621044,0
2021-08-12,102565.25177621044,102565.25177621044,0
2021-08-13,102565.25177621044,102565.25177621044,0
2021-08-16,102565.25177621044,102565.25177621044,0
2021-08-17,102440.00494226441,39847.88402969712,62592.12091256729
2021-08-18,101847.99368577759,39847.88402969712,62000.10965608048
2021-08-19,101891.79404126946,39847.88402969712,62043.91001157234
2021-08-20,102529.01856794141,39847.88402969712,62681.1345382443
2021-08-23,103019.92843096722,103019.92843096722,0
2021-08-24,103019.92843096722,103019.92843096722,0
2021-08-25,103019.92843096722,103019.92843096722,0
2021-08-26,103019.92843096722,103019.92843096722,0
2021-08-27,103019.92843096722,103019.92843096722,0
2021-08-30,103019.92843096722,103019.92843096722,0
2021-08-31,103019.92843096722,103019.92843096722,0
2021-09-01,103019.92843096722,103019.92843096722,0
2021-09-02,103019.92843096722,103019.92843096722,0
2021-09-03,103019.92843096722,103019.92843096722,0
2021-09-07,102886.6730677597,36292.28865619379,66594.3844115659
2021-09-08,102783.33669949454,36292.28865619379,66491.04804330075
2021-09-09,102544.18681865232,36292.28865619379,66251.89816245853
2021-09-10,102034.88614648831,36292.28865619379,65742.59749029452
2021-09-13,102312.41810697189,36292.28865619379,66020.1294507781
2021-09-14,101943.35964888203,36292.28865619379,65651.07099268824
2021-09-15,102454.1365548784,36292.28865619379,66161.8478986846
2021-09-16,102207.60550487436,36292.28865619379,65915.31684868057
2021-09-17,101380.91455875308,36292.28865619379,65088.625902559295
2021-09-20,100515.84153299047,36292.28865619379,64223.552876796675
2021-09-21,100148.25930873296,36292.28865619379,63855.970652539174
2021-09-22,101039.90454347807,36292.28865619379,64747.61588728427
2021-09-23,101766.21158899889,36292.28865619379,65473.9229328051
2021-09-24,101868.0717234317,36292.28865619379,65575.7830672379
2021-09-27,101590.53976294812,36292.28865619379,65298.25110675433
2021-09-28,100492.22179167271,36292.28865619379,64199.93313547892
2021-09-29,100599.98686143495,36292.28865619379,64307.69820524116
2021-09-30,99777.72461681075,36292.28865619379,63485.43596061696
2021-10-01,100490.74555784036,36292.28865619379,64198.45690164656
2021-10-04,99591.71915393346,36292.28865619379,63299.430497739675
2021-10-05,100124.63956741522,36292.28865619379,63832.35091122142
2021-10-06,100673.79855305293,36292.28865619379,64381.509896859134
2021-10-07,101184.57545904929,36292.28865619379,64892.28680285549
2021-10-08,100855.37531443313,36292.28865619379,64563.08665823934
2021-10-11,100419.8863338871,36292.28865619379,64127.59767769331
2021-10-12,100124.63956741522,36292.28865619379,63832.35091122142
2021-10-13,100635.41647341158,36292.28865619379,64343.127817217784
2021-10-14,101588.1841661465,101588.1841661465,0
2021-10-15,101588.1841661465,101588.1841661465,0
2021-10-18,101588.1841661465,101588.1841661465,0
2021-10-19,101588.1841661465,101588.1841661465,0
2021-10-20,101588.1841661465,101588.1841661465,0
2021-10-21,101588.1841661465,101588.1841661465,0
2021-10-22,101588.1841661465,101588.1841661465,0
2021-10-25,101588.1841661465,101588.1841661465,0
2021-10-26,101588.1841661465,101588.1841661465,0
2021-10-27,101465.40372592268,40105.863384177144,61359.54034174553
2021-10-28,101755.44002741712,40105.863384177144,61649.57664323998
2021-10-29,102119.67166185201,40105.863384177144,62013.80827767488
2021-11-01,102138.5577466005,40105.863384177144,62032.69436242335
2021-11-02,102351.7007030476,40105.863384177144,62245.83731887045
2021-11-03,102896.69914864647,40105.863384177144,62790.835764469324
2021-11-04,103004.09179248588,103004.09179248588,0
2021-11-05,103004.09179248588,103004.09179248588,0
2021-11-08,103004.09179248588,103004.09179248588,0
2021-11-09,103004.09179248588,103004.09179248588,0
2021-11-10,103004.09179248588,103004.09179248588,0
2021-11-11,103004.09179248588,103004.09179248588,0
2021-11-12,103004.09179248588,103004.09179248588,0
2021-11-15,103004.09179248588,103004.09179248588,0
2021-11-16,103004.09179248588,103004.09179248588,0
2021-11-17,103004.09179248588,103004.09179248588,0
2021-11-18,103004.09179248588,103004.09179248588,0
2021-11-19,103004.09179248588,103004.09179248588,0
2021-11-22,103004.09179248588,103004.09179248588,0
2021-11-23,103004.09179248588,103004.09179248588,0
2021-11-24,103004.09179248588,103004.09179248588,0
2021-11-26,102846.02396756085,23851.608712660338,78994.41525490051
2021-11-29,104404.82866149915,23851.608712660338,80553.21994883881
2021-11-30,102897.8689130355,23851.608712660338,79046.26020037517
2021-12-01,101961.2035647932,23851.608712660338,78109.59485213287
2021-12-02,102695.67362568431,23851.608712660338,78844.06491302398
2021-12-03,102072.39257306521,102072.39257306521,0
2021-12-06,102072.39257306521,102072.39257306521,0
2021-12-07,102072.39257306521,102072.39257306521,0
2021-12-08,102072.39257306521,102072.39257306521,0
2021-12-09,102072.39257306521,102072.39257306521,0
2021-12-10,102072.39257306521,102072.39257306521,0
2021-12-13,102072.39257306521,102072.39257306521,0
2021-12-14,102072.39257306521,102072.39257306521,0
2021-12-15,102072.39257306521,102072.39257306521,0
2021-12-16,102072.39257306521,102072.39257306521,0
2021-12-17,102072.39257306521,102072.39257306521,0
2021-12-20,102072.39257306521,102072.39257306521,0
2021-12-21,102072.39257306521,102072.39257306521,0
2021-12-22,102072.39257306521,102072.39257306521,0
2021-12-23,102072.39257306521,102072.39257306521,0
2021-12-27,102072.39257306521,102072.39257306521,0
2021-12-28,102072.39257306521,102072.39257306521,0
2021-12-29,102072.39257306521,102072.39257306521,0
2021-12-30,102072.39257306521,102072.39257306521,0
2021-12-31,102072.39257306521,102072.39257306521,0
2022-01-03,102072.39257306521,102072.39257306521,0
2022-01-04,102072.39257306521,102072.39257306521,0
2022-01-05,102072.39257306521,102072.39257306521,0
2022-01-06,102072.39257306521,102072.39257306521,0
2022-01-07,102072.39257306521,102072.39257306521,0
2022-01-10,101944.79969464242,38180.242761705915,63764.5569329365
2022-01-11,102485.31645477182,38180.242761705915,64305.073693065904
2022-01-12,102600.26179110314,38180.242761705915,64420.01902939722
2022-01-13,101766.9081027011,38180.242761705915,63586.665340995176
2022-01-14,101853.11710494958,38180.242761705915,63672.87434324367
2022-01-18,100554.50848377793,38180.242761705915,62374.26572207201
2022-01-19,100042.72805773135,38180.242761705915,61862.485296025436
2022-01-20,99024.64079308255,38180.242761705915,60844.39803137664
2022-01-21,97917.60773246309,38180.242761705915,59737.364970757175
2022-01-24,97866.97704860287,38180.242761705915,59686.73428689696
2022-01-25,97512.5622615813,38180.242761705915,59332.31949987539
2022-01-26,97424.98486247173,38180.242761705915,59244.74210076582
2022-01-27,97478.35234005413,38180.242761705915,59298.109578348216
2022-01-28,98704.43592758817,38180.242761705915,60524.19316588226
2022-01-31,99615.78823707218,38180.242761705915,61435.545475366256
2022-02-01,100457.35230664074,38180.242761705915,62277.10954493483
2022-02-02,100126.20026625766,38180.242761705915,61945.95750455175
2022-02-03,99934.62470570547,38180.242761705915,61754.38194399956
2022-02-04,99574.73633123958,38180.242761705915,61394.49356953365
2022-02-07,99502.21129760196,38180.242761705915,61321.968535896034
2022-02-08,99974.308214677,38180.242761705915,61794.06545297108
2022-02-09,100685.87458244228,38180.242761705915,62505.631820736366
2022-02-10,99416.00229535345,38180.242761705915,61235.75953364754
2022-02-11,98458.1244925925,38180.242761705915,60277.88173088658
2022-02-14,98306.23244101182,38180.242761705915,60125.98967930591
2022-02-15,99031.48277738798,38180.242761705915,60851.24001568207
2022-02-16,99186.11162269083,38180.242761705915,61005.86886098491
2022-02-17,98003.81673471158,38180.242761705915,59823.57397300567
2022-02-18,97325.09189161239,38180.242761705915,59144.84912990647
2022-02-22,97314.14471672368,38180.242761705915,59133.90195501776
2022-02-23,95495.54528833894,38180.242761705915,57315.30252663302
2022-02-24,96461.63347226643,38180.242761705915,58281.39071056051
2022-02-25,98074.9733714881,38180.242761705915,59894.73060978219
2022-02-28,97923.08131990743,38180.242761705915,59742.83855820152
2022-03-01,97240.25128622499,38180.242761705915,59060.008524519064
2022-03-02,98017.50070332244,38180.242761705915,59837.25794161653
2022-03-03,96913.20443642515,38180.242761705915,58732.96167471924
2022-03-04,97196.46258667018,38180.242761705915,59016.219824964275
2022-03-07,95521.54482869958,38180.242761705915,57341.302066993674
2022-03-08,95303.96972778674,38180.242761705915,57123.72696608082
2022-03-09,96643.630254791,38180.242761705915,58463.387493085094
2022-03-10,96343.95134221294,38180.242761705915,58163.70858050702
2022-03-11,95646.06894305852,38180.242761705915,57465.8261813526
2022-03-14,95364.17918967457,38180.242761705915,57183.936427968656
2022-03-15,96391.84523235098,38180.242761705915,58211.60247064506
2022-03-16,97876.55582663047,38180.242761705915,59696.313064924565
2022-03-17,98065.86238129585,98065.86238129585,0
2022-03-18,98065.86238129585,98065.86238129585,0
2022-03-21,98065.86238129585,98065.86238129585,0
2022-03-22,98065.86238129585,98065.86238129585,0
2022-03-23,98065.86238129585,98065.86238129585,0
2022-03-24,98065.86238129585,98065.86238129585,0
2022-03-25,98065.86238129585,98065.86238129585,0
2022-03-28,98065.86238129585,98065.86238129585,0
2022-03-29,98065.86238129585,98065.86238129585,0
2022-03-30,98065.86238129585,98065.86238129585,0
2022-03-31,97956.83287097988,43469.32146868431,54487.51140229556
2022-04-01,97967.6534270836,43469.32146868431,54498.331958399285
2022-04-04,98335.55233461013,43469.32146868431,54866.23086592581
2022-04-05,97724.79205675563,43469.32146868431,54255.47058807131
2022-04-06,96995.00566176018,43469.32146868431,53525.68419307587
2022-04-07,97480.72840241613,43469.32146868431,54011.406933731814
2022-04-08,97240.27160011121,43469.32146868431,53770.95013142689
2022-04-11,96330.14260338707,43469.32146868431,52860.82113470275
2022-04-12,96333.74945542164,43469.32146868431,52864.427986737326
2022-04-13,96732.90774724781,43469.32146868431,53263.586278563496
2022-04-14,96107.72006125501,43469.32146868431,52638.3985925707
2022-04-18,96384.24538390568,43469.32146868431,52914.92391522136
2022-04-19,96780.9991077088,43469.32146868431,53311.677639024485
2022-04-20,97114.03177890112,43469.32146868431,53644.710310216804
2022-04-21,96003.12135225238,43469.32146868431,52533.799883568056
2022-04-22,94473.81608959306,43469.32146868431,51004.49462090875
2022-04-25,94975.16852239883,43469.32146868431,51505.84705371451
2022-04-26,93556.47338879979,43469.32146868431,50087.15192011547
2022-04-27,94033.78014137506,43469.32146868431,50564.45867269074
2022-04-28,94435.34300122428,43469.32146868431,50966.02153253996
2022-04-29,93165.73108505429,43469.32146868431,49696.40961636997
2022-05-02,93257.10466993015,43469.32146868431,49787.78320124584
2022-05-03,93594.94647716856,43469.32146868431,50125.625008484254
2022-05-04,94946.31370612224,43469.32146868431,51476.992237437924
2022-05-05,93271.53207806844,43469.32146868431,49802.210609384136
2022-05-06,92847.12582200026,43469.32146868431,49377.80435331594
2022-05-09,91496.96087705813,43469.32146868431,48027.639408373805
2022-05-10,91399.57587212462,43469.32146868431,47930.25440344031
2022-05-11,90821.27726258128,43469.32146868431,47351.955793896974
2022-05-12,90821.27726258128,43469.32146868431,47351.955793896974
2022-05-13,91753.04737151286,43469.32146868431,48283.72590282855
2022-05-16,91611.17785815295,43469.32146868431,48141.856389468645
2022-05-17,92545.35253510758,43469.32146868431,49076.03106642327
2022-05-18,90299.4860015796,43469.32146868431,46830.16453289529
2022-05-19,90420.91668674359,43469.32146868431,46951.59521805927
2022-05-20,90432.93952685883,43469.32146868431,46963.61805817452
2022-05-23,90899.42572333038,43469.32146868431,47430.10425464607
2022-05-24,91028.07011256352,43469.32146868431,47558.748643879204
2022-05-25,91162.72592185426,43469.32146868431,47693.404453169955
2022-05-26,92212.31986391527,43469.32146868431,48742.99839523095
2022-05-27,93568.49622891503,43469.32146868431,50099.174760230715
2022-05-31,93212.773401017,93212.773401017,0
2022-06-01,93212.773401017,93212.773401017,0
2022-06-02,93212.773401017,93212.773401017,0
2022-06-03,93212.773401017,93212.773401017,0
2022-06-06,93212.773401017,93212.773401017,0
2022-06-07,93212.773401017,93212.773401017,0
2022-06-08,93212.773401017,93212.773401017,0
2022-06-09,93212.773401017,93212.773401017,0
2022-06-10,93212.773401017,93212.773401017,0
2022-06-13,93212.773401017,93212.773401017,0
2022-06-14,93212.773401017,93212.773401017,0
2022-06-15,93212.773401017,93212.773401017,0
2022-06-16,93212.773401017,93212.773401017,0
2022-06-17,93098.01926473924,35749.62532282091,57348.39394191832
2022-06-21,94403.63334350864,35749.62532282091,58654.00802068774
2022-06-22,94090.5364421251,35749.62532282091,58340.91111930418
2022-06-23,94732.38508996138,35749.62532282091,58982.75976714046
2022-06-24,96745.5981658576,35749.62532282091,60995.9728430367
2022-06-27,96661.06200248405,35749.62532282091,60911.436679663144
2022-06-28,95425.89472652593,35749.62532282091,59676.26940370503
2022-06-29,95244.29852372348,35749.62532282091,59494.67320090257
2022-06-30,94826.31416037644,35749.62532282091,59076.68883755553
2022-07-01,95405.543427936,35749.62532282091,59655.9181051151
2022-07-05,95386.757613853,35749.62532282091,59637.13229103209
2022-07-06,95798.48003917237,35749.62532282091,60048.85471635146
2022-07-07,96515.4719433407,35749.62532282091,60765.8466205198
2022-07-08,96598.44262220734,35749.62532282091,60848.817299386435
2022-07-11,95995.731087044,35749.62532282091,60246.105764223095
2022-07-12,95338.22759413855,35749.62532282091,59588.602271317635
2022-07-13,94680.72410123309,35749.62532282091,58931.098778412175
2022-07-14,95169.15526739143,35749.62532282091,59419.52994457052
2022-07-15,95931.54390534331,95931.54390534331,0
2022-07-18,95931.54390534331,95931.54390534331,0
2022-07-19,95931.54390534331,95931.54390534331,0
2022-07-20,95931.54390534331,95931.54390534331,0
2022-07-21,95931.54390534331,95931.54390534331,0
2022-07-22,95931.54390534331,95931.54390534331,0
2022-07-25,95931.54390534331,95931.54390534331,0
2022-07-26,95931.54390534331,95931.54390534331,0
2022-07-27,95931.54390534331,95931.54390534331,0
2022-07-28,95931.54390534331,95931.54390534331,0
2022-07-29,95931.54390534331,95931.54390534331,0
2022-08-01,95931.54390534331,95931.54390534331,0
2022-08-02,95931.54390534331,95931.54390534331,0
2022-08-03,95931.54390534331,95931.54390534331,0
2022-08-04,95931.54390534331,95931.54390534331,0
2022-08-05,95786.05132420704,23076.115723873634,72709.93560033341
2022-08-08,95993.81915084076,23076.115723873634,72917.70342696713
2022-08-09,95581.80498616034,23076.115723873634,72505.6892622867
2022-08-10,97041.46200547687,23076.115723873634,73965.34628160324
2022-08-11,97097.80582286906,23076.115723873634,74021.69009899543
2022-08-12,98142.9919444466,98142.9919444466,0
2022-08-15,98142.9919444466,98142.9919444466,0
2022-08-16,98142.9919444466,98142.9919444466,0
2022-08-17,98142.9919444466,98142.9919444466,0
2022-08-18,98142.9919444466,98142.9919444466,0
2022-08-19,98142.9919444466,98142.9919444466,0
2022-08-22,98142.9919444466,98142.9919444466,0
2022-08-23,98142.9919444466,98142.9919444466,0
2022-08-24,98013.01969664292,33059.37261833193,64953.64707831099
2022-08-25,98821.36941983973,33059.37261833193,65761.9968015078
2022-08-26,96455.96547254344,33059.37261833193,63396.592854211514
2022-08-29,96412.01636137936,33059.37261833193,63352.643743047425
2022-08-30,95583.26169371349,33059.37261833193,62523.889075381565
2022-08-31,94773.3423594037,33059.37261833193,61713.96974107176
2022-09-01,95310.1493600509,33059.37261833193,62250.77674171897
2022-09-02,94707.41869265755,33059.37261833193,61648.04607432561
2022-09-06,94330.7120255367,33059.37261833193,61271.339407204774
2022-09-07,95445.13591576919,33059.37261833193,62385.76329743726
2022-09-08,95964.67719417336,33059.37261833193,62905.30457584142
2022-09-09,96816.97602853426,33059.37261833193,63757.603410202326
2022-09-12,97500.95783179856,97500.95783179856,0
2022-09-13,97500.95783179856,97500.95783179856,0
2022-09-14,97500.95783179856,97500.95783179856,0
2022-09-15,97500.95783179856,97500.95783179856,0
2022-09-16,97500.95783179856,97500.95783179856,0
2022-09-19,97500.95783179856,97500.95783179856,0
2022-09-20,97500.95783179856,97500.95783179856,0
2022-09-21,97500.95783179856,97500.95783179856,0
2022-09-22,97500.95783179856,97500.95783179856,0
2022-09-23,97500.95783179856,97500.95783179856,0
2022-09-26,97500.95783179856,97500.95783179856,0
2022-09-27,97500.95783179856,97500.95783179856,0
2022-09-28,97500.95783179856,97500.95783179856,0
2022-09-29,97500.95783179856,97500.95783179856,0
2022-09-30,97500.95783179856,97500.95783179856,0
2022-10-03,97500.95783179856,97500.95783179856,0
2022-10-04,97500.95783179856,97500.95783179856,0
2022-10-05,97500.95783179856,97500.95783179856,0
2022-10-06,97500.95783179856,97500.95783179856,0
2022-10-07,97500.95783179856,97500.95783179856,0
2022-10-10,97500.95783179856,97500.95783179856,0
2022-10-11,97500.95783179856,97500.95783179856,0
2022-10-12,97398.41275837705,46151.49950424263,51246.913254134415
2022-10-13,98565.00449697724,46151.49950424263,52413.50499273461
2022-10-14,97257.96313874214,46151.49950424263,51106.463634499516
2022-10-17,99146.8672068933,46151.49950424263,52995.36770265066
2022-10-18,99765.99206079415,46151.49950424263,53614.49255655151
2022-10-19,98818.6737079505,46151.49950424263,52667.174203707866
2022-10-20,98337.13215491651,46151.49950424263,52185.632650673884
2022-10-21,99959.46857763815,46151.49950424263,53807.969073395514
2022-10-24,100339.636871422,100339.636871422,0
2022-10-25,100339.636871422,100339.636871422,0
2022-10-26,100339.636871422,100339.636871422,0
2022-10-27,100339.636871422,100339.636871422,0
2022-10-28,100339.636871422,100339.636871422,0
2022-10-31,100339.636871422,100339.636871422,0
2022-11-01,100339.636871422,100339.636871422,0
2022-11-02,100339.636871422,100339.636871422,0
2022-11-03,100339.636871422,100339.636871422,0
2022-11-04,100339.636871422,100339.636871422,0
2022-11-07,100339.636871422,100339.636871422,0
2022-11-08,100339.636871422,100339.636871422,0
2022-11-09,100339.636871422,100339.636871422,0
2022-11-10,100339.636871422,100339.636871422,0
2022-11-11,100339.636871422,100339.636871422,0
2022-11-14,100339.636871422,100339.636871422,0
2022-11-15,100339.636871422,100339.636871422,0
2022-11-16,100339.636871422,100339.636871422,0
2022-11-17,100339.636871422,100339.636871422,0
2022-11-18,100339.636871422,100339.636871422,0
2022-11-21,100339.636871422,100339.636871422,0
2022-11-22,100339.636871422,100339.636871422,0
2022-11-23,100339.636871422,100339.636871422,0
2022-11-25,100339.636871422,100339.636871422,0
2022-11-28,100184.88233001452,22846.280926966152,77338.60140304836
2022-11-29,100005.40620931327,22846.280926966152,77159.12528234711
2022-11-30,102440.03880317374,22846.280926966152,79593.75787620759
2022-12-01,102079.13573437229,22846.280926966152,79232.85480740614
2022-12-02,102036.21753159592,22846.280926966152,79189.93660462977
2022-12-05,100959.36080738841,22846.280926966152,78113.07988042226
2022-12-06,99724.48706386783,22846.280926966152,76878.20613690167
2022-12-07,99363.5839950664,22846.280926966152,76517.30306810024
2022-12-08,100079.53765047247,22846.280926966152,77233.25672350632
2022-12-09,99426.01047183205,22846.280926966152,76579.7295448659
2022-12-12,100637.4742865655,22846.280926966152,77791.19335959935
2022-12-13,101386.59200775334,22846.280926966152,78540.31108078719
2022-12-14,101025.6889389519,22846.280926966152,78179.40801198575
2022-12-15,98840.76225215406,22846.280926966152,75994.48132518791
2022-12-16,97465.42893591076,22846.280926966152,74619.14800894461
2022-12-19,97114.28000410396,22846.280926966152,74267.9990771378
2022-12-20,97373.7400481612,22846.280926966152,74527.45912119505
2022-12-21,98321.84216403955,22846.280926966152,75475.5612370734
2022-12-22,96923.09891900915,22846.280926966152,74076.817992043
2022-12-23,97562.97030585709,22846.280926966152,74716.68937889094
2022-12-27,97190.3622726621,22846.280926966152,74344.08134569594
2022-12-28,96406.12965829359,22846.280926966152,73559.84873132744
2022-12-29,97510.29796608607,22846.280926966152,74664.01703911992
2022-12-30,97607.83933603241,22846.280926966152,74761.55840906626
2023-01-03,97127.93579589644,22846.280926966152,74281.65486893029
2023-01-04,97635.15091961739,22846.280926966152,74788.86999265123
2023-01-05,97044.0502177426,22846.280926966152,74197.76929077644
2023-01-06,98456.4492545655,22846.280926966152,75610.16832759934
2023-01-09,98372.56367641165,22846.280926966152,75526.2827494455
2023-01-10,99137.2880167909,22846.280926966152,76291.00708982475
2023-01-11,99968.34048873365,22846.280926966152,77122.0595617675
2023-01-12,100303.88280134904,22846.280926966152,77457.60187438289
2023-01-13,100411.88029402123,100411.88029402123,0
2023-01-17,100411.88029402123,100411.88029402123,0
2023-01-18,100411.88029402123,100411.88029402123,0
2023-01-19,100411.88029402123,100411.88029402123,0
2023-01-20,100411.88029402123,100411.88029402123,0
2023-01-23,100411.88029402123,100411.88029402123,0
2023-01-24,100411.88029402123,100411.88029402123,0
2023-01-25,100411.88029402123,100411.88029402123,0
2023-01-26,100411.88029402123,100411.88029402123,0
2023-01-27,100411.88029402123,100411.88029402123,0
2023-01-30,100411.88029402123,100411.88029402123,0
2023-01-31,100411.88029402123,100411.88029402123,0
2023-02-01,100411.88029402123,100411.88029402123,0
2023-02-02,100411.88029402123,100411.88029402123,0
2023-02-03,100411.88029402123,100411.88029402123,0
2023-02-06,100411.88029402123,100411.88029402123,0
2023-02-07,100411.88029402123,100411.88029402123,0
2023-02-08,100411.88029402123,100411.88029402123,0
2023-02-09,100411.88029402123,100411.88029402123,0
2023-02-10,100411.88029402123,100411.88029402123,0
2023-02-13,100411.88029402123,100411.88029402123,0
2023-02-14,100411.88029402123,100411.88029402123,0
2023-02-15,100411.88029402123,100411.88029402123,0
2023-02-16,100259.8371210751,24276.242445343654,75983.59467573145
2023-02-17,100274.76147063085,24276.242445343654,75998.5190252872
2023-02-21,98849.48608805638,24276.242445343654,74573.24364271272
2023-02-22,98834.56173850062,24276.242445343654,74558.31929315696
2023-02-23,99004.32621469731,24276.242445343654,74728.08376935366
2023-02-24,98189.08362021427,24276.242445343654,73912.84117487061
2023-02-27,98571.52007758046,24276.242445343654,74295.2776322368
2023-02-28,97931.63859037751,24276.242445343654,73655.39614503385
2023-03-01,97877.5378232379,24276.242445343654,73601.29537789425
2023-03-02,98375.63798966119,24276.242445343654,74099.39554431754
2023-03-03,99780.39239159651,24276.242445343654,75504.14994625286
2023-03-06,99784.12347898545,24276.242445343654,75507.8810336418
2023-03-07,98569.65453388599,24276.242445343654,74293.41208854233
2023-03-08,98644.27628166476,24276.242445343654,74368.0338363211
2023-03-09,97052.96751028251,24276.242445343654,72776.72506493886
2023-03-10,96483.9766834694,24276.242445343654,72207.73423812575
2023-03-13,96235.859372105,24276.242445343654,71959.61692676134
2023-03-14,97336.53015184183,24276.242445343654,73060.28770649817
2023-03-15,96804.8501989181,24276.242445343654,72528.60775357444
2023-03-16,98155.50383371382,24276.242445343654,73879.26138837017
2023-03-17,97237.65633603497,24276.242445343654,72961.41389069131
2023-03-20,97718.96660920803,24276.242445343654,73442.72416386438
2023-03-21,98690.91487402648,24276.242445343654,74414.67242868282
2023-03-22,97547.33658931685,24276.242445343654,73271.0941439732
2023-03-23,97761.87411418081,24276.242445343654,73485.63166883716
2023-03-24,98237.58775627047,24276.242445343654,73961.34531092682
2023-03-27,98340.19265946627,24276.242445343654,74063.95021412261
2023-03-28,98265.57091168751,24276.242445343654,73989.32846634385
2023-03-29,99065.8891566148,24276.242445343654,74789.64671127114
2023-03-30,99534.50705775013,99534.50705775013,0
2023-03-31,99534.50705775013,99534.50705775013,0
2023-04-03,99534.50705775013,99534.50705775013,0
2023-04-04,99534.50705775013,99534.50705775013,0
2023-04-05,99534.50705775013,99534.50705775013,0
2023-04-06,99534.50705775013,99534.50705775013,0
2023-04-10,99420.69121234442,42541.20825096417,56879.48296138025
2023-04-11,99387.41051628237,42541.20825096417,56846.2022653182
2023-04-12,99007.45590290731,42541.20825096417,56466.247651943144
2023-04-13,99832.53982611228,42541.20825096417,57291.331575148106
2023-04-14,99832.53982611228,42541.20825096417,57291.331575148106
2023-04-17,99933.76860996766,42541.20825096417,57392.5603590035
2023-04-18,99936.54200130617,42541.20825096417,57395.333750342004
2023-04-19,99803.41921705799,42541.20825096417,57262.210966093815
2023-04-20,99638.40243241699,42541.20825096417,57097.19418145282
2023-04-21,99682.77669383306,42541.20825096417,57141.568442868884
2023-04-24,99707.73721587959,42541.20825096417,57166.52896491542
2023-04-25,99104.52459975495,42541.20825096417,56563.31634879078
2023-04-26,98760.62407378045,42541.20825096417,56219.41582281628
2023-04-27,99653.65608477876,42541.20825096417,57112.44783381459
2023-04-28,100135.95940100553,100135.95940100553,0
2023-05-01,100135.95940100553,100135.95940100553,0
2023-05-02,100006.72847805488,35423.55858767024,64583.16989038464
2023-05-03,99313.75577923104,35423.55858767024,63890.1971915608
2023-05-04,99260.32931265506,35423.55858767024,63836.77072498482
2023-05-05,100195.29247773482,35423.55858767024,64771.73389006459
2023-05-08,100119.1334487579,100119.1334487579,0
2023-05-09,100119.1334487579,100119.1334487579,0
2023-05-10,100119.1334487579,100119.1334487579,0
2023-05-11,100119.1334487579,100119.1334487579,0
2023-05-12,100119.1334487579,100119.1334487579,0
2023-05-15,100119.1334487579,100119.1334487579,0
2023-05-16,100119.1334487579,100119.1334487579,0
2023-05-17,100119.1334487579,100119.1334487579,0
2023-05-18,100119.1334487579,100119.1334487579,0
2023-05-19,100119.1334487579,100119.1334487579,0
2023-05-22,100119.1334487579,100119.1334487579,0
2023-05-23,100119.1334487579,100119.1334487579,0
2023-05-24,100119.1334487579,100119.1334487579,0
2023-05-25,100119.1334487579,100119.1334487579,0
2023-05-26,100119.1334487579,100119.1334487579,0
2023-05-30,100119.1334487579,100119.1334487579,0
2023-05-31,100119.1334487579,100119.1334487579,0
2023-06-01,100119.1334487579,100119.1334487579,0
2023-06-02,100119.1334487579,100119.1334487579,0
2023-06-05,100119.1334487579,100119.1334487579,0
2023-06-06,100119.1334487579,100119.1334487579,0
2023-06-07,100119.1334487579,100119.1334487579,0
2023-06-08,100119.1334487579,100119.1334487579,0
2023-06-09,100119.1334487579,100119.1334487579,0
2023-06-12,100119.1334487579,100119.1334487579,0
2023-06-13,100119.1334487579,100119.1334487579,0
2023-06-14,100119.1334487579,100119.1334487579,0
2023-06-15,100119.1334487579,100119.1334487579,0
2023-06-16,100119.1334487579,100119.1334487579,0
2023-06-20,100003.25230949525,42091.63848507187,57911.61382442338
2023-06-21,99686.80987359051,42091.63848507187,57595.17138851865
2023-06-22,99896.00612828904,42091.63848507187,57804.36764321717
2023-06-23,99386.25576082745,42091.63848507187,57294.617275755576
2023-06-26,99318.73038747539,42091.63848507187,57227.09190240352
2023-06-27,99746.39108537174,42091.63848507187,57654.75260029987
2023-06-28,99944.9951246425,42091.63848507187,57853.35663957063
2023-06-29,100121.09070612924,42091.63848507187,58029.45222105736
2023-06-30,100720.87490472691,42091.63848507187,58629.23641965504
2023-07-03,100871.81397457268,42091.63848507187,58780.17548950081
2023-07-05,100723.52295858384,42091.63848507187,58631.88447351198
2023-07-06,100281.2979644743,42091.63848507187,58189.65947940244
2023-07-07,100180.67191791045,42091.63848507187,58089.033432838594
2023-07-10,100309.10252997221,42091.63848507187,58217.46404490034
2023-07-11,100667.91382758805,42091.63848507187,58576.27534251618
2023-07-12,101196.20057204824,42091.63848507187,59104.56208697637
2023-07-13,101589.43656980434,42091.63848507187,59497.79808473247
2023-07-14,101565.60408509185,42091.63848507187,59473.96560001998
2023-07-17,101592.067449708,101592.067449708,0
2023-07-18,101592.067449708,101592.067449708,0
2023-07-19,101592.067449708,101592.067449708,0
2023-07-20,101592.067449708,101592.067449708,0
2023-07-21,101474.66005340111,42800.29908043419,58674.36097296692
2023-07-24,101777.1520570896,42800.29908043419,58976.852976655406
2023-07-25,101910.87169820511,42800.29908043419,59110.57261777092
2023-07-26,101948.52091754832,42800.29908043419,59148.22183711413
2023-07-27,101583.7129646021,42800.29908043419,58783.41388416792
2023-07-28,102131.57401849284,42800.29908043419,59331.274938058654
2023-07-31,102238.03043180812,42800.29908043419,59437.73135137392
2023-08-01,101873.2224788619,42800.29908043419,59072.923398427716
2023-08-02,101338.34391439985,42800.29908043419,58538.044833965665
2023-08-03,101205.92252222722,42800.29908043419,58405.623441793025
2023-08-04,100808.65834570928,42800.29908043419,58008.35926527509
2023-08-07,101318.87018025681,42800.29908043419,58518.57109982263
2023-08-08,101042.34315542571,42800.29908043419,58242.04407499152
2023-08-09,100807.36009676641,42800.29908043419,58007.06101633222
2023-08-10,100761.92138376599,42800.29908043419,57961.6223033318
2023-08-11,100677.53520247951,42800.29908043419,57877.23612204532
2023-08-14,101034.5536617685,42800.29908043419,58234.25458133431
2023-08-15,100338.69222839069,42800.29908043419,57538.39314795649
2023-08-16,99863.53311530061,42800.29908043419,57063.23403486642
2023-08-17,99411.74248318217,42800.29908043419,56611.44340274799
2023-08-18,99432.5144662681,42800.29908043419,56632.2153858339
2023-08-21,99750.585457271,42800.29908043419,56950.28637683681
2023-08-22,99694.76075272763,42800.29908043419,56894.461672293444
2023-08-23,100584.06127859294,42800.29908043419,57783.76219815874
2023-08-24,99561.04111161211,42800.29908043419,56760.74203117793
2023-08-25,99903.77883252956,42800.29908043419,57103.479752095365
2023-08-28,100291.95526644739,42800.29908043419,57491.656186013206
2023-08-29,101033.45657000807,101033.45657000807,0
2023-08-30,101033.45657000807,101033.45657000807,0
2023-08-31,101033.45657000807,101033.45657000807,0
2023-09-01,101033.45657000807,101033.45657000807,0
2023-09-05,101033.45657000807,101033.45657000807,0
2023-09-06,101033.45657000807,101033.45657000807,0
2023-09-07,101033.45657000807,101033.45657000807,0
2023-09-08,101033.45657000807,101033.45657000807,0
2023-09-11,101033.45657000807,101033.45657000807,0
2023-09-12,101033.45657000807,101033.45657000807,0
2023-09-13,101033.45657000807,101033.45657000807,0
2023-09-14,101033.45657000807,101033.45657000807,0
2023-09-15,100901.17003788074,34790.9590796838,66110.21095819694
2023-09-18,100992.14260366048,34790.9590796838,66201.18352397668
2023-09-19,100841.51589638583,34790.9590796838,66050.55681670202
2023-09-20,100097.33048123683,34790.9590796838,65306.37140155302
2023-09-21,99086.1927828981,34790.9590796838,64295.2337032143
2023-09-22,99008.64239895472,34790.9590796838,64217.68331927092
2023-09-25,99232.34542956064,34790.9590796838,64441.38634987683
2023-09-26,98404.64421631876,34790.9590796838,63613.68513663495
2023-09-27,98421.04910522985,34790.9590796838,63630.09002554605
2023-09-28,98720.81116624177,34790.9590796838,63929.85208655797
2023-09-29,98535.88332760756,34790.9590796838,63744.92424792375
2023-10-02,98531.40926699544,34790.9590796838,63740.45018731163
2023-10-03,97661.95015470711,34790.9590796838,62870.99107502331
2023-10-04,98052.68478149877,34790.9590796838,63261.725701814976
2023-10-05,98018.3836501392,34790.9590796838,63227.4245704554
2023-10-06,98941.53148977294,34790.9590796838,64150.57241008914
2023-10-09,99256.2070861586,34790.9590796838,64465.24800647479
2023-10-10,99612.64058159068,34790.9590796838,64821.681501906874
2023-10-11,100015.30603668133,34790.9590796838,65224.34695699753
2023-10-12,99511.22854104934,34790.9590796838,64720.26946136553
2023-10-13,98986.27209589412,34790.9590796838,64195.31301621032
2023-10-16,99818.44736974812,34790.9590796838,65027.48829006431
2023-10-17,99673.78607662296,34790.9590796838,64882.82699693916
2023-10-18,98978.81532820726,34790.9590796838,64187.85624852346
2023-10-19,98285.33593332893,34790.9590796838,63494.376853645124
2023-10-20,97517.28886158197,34790.9590796838,62726.32978189816
2023-10-23,97697.74263960405,34790.9590796838,62906.78355992026
2023-10-24,97911.00619544837,34790.9590796838,63120.047115764566
2023-10-25,96789.50833534406,34790.9590796838,61998.549255660255
2023-10-26,96656.77787051788,34790.9590796838,61865.81879083408
2023-10-27,95988.65148577488,34790.9590796838,61197.69240609108
2023-10-30,96708.97524432593,34790.9590796838,61918.016164642126
2023-10-31,97022.1594871742,34790.9590796838,62231.200407490396
2023-11-01,97969.16898340589,34790.9590796838,63178.2099037221
2023-11-02,98905.739004876,34790.9590796838,64114.7799251922
2023-11-03,99708.08720798255,34790.9590796838,64917.12812829874
2023-11-06,99627.55411696441,34790.9590796838,64836.59503728061
2023-11-07,99919.85941028947,34790.9590796838,65128.90033060566
2023-11-08,99907.92858199049,34790.9590796838,65116.96950230669
2023-11-09,99462.01387431604,34790.9590796838,64671.05479463223
2023-11-10,100440.34179483257,34790.9590796838,65649.38271514876
2023-11-13,100468.67751204265,34790.9590796838,65677.71843235884
2023-11-14,101791.50809969228,34790.9590796838,67000.54902000848
2023-11-15,101834.7573522761,34790.9590796838,67043.79827259229
2023-11-16,101848.0856593727,101848.0856593727,0
2023-11-17,101848.0856593727,101848.0856593727,0
2023-11-20,101848.0856593727,101848.0856593727,0
2023-11-21,101848.0856593727,101848.0856593727,0
2023-11-22,101848.0856593727,101848.0856593727,0
2023-11-24,101848.0856593727,101848.0856593727,0
2023-11-27,101716.30335054517,35858.07804942927,65858.2253011159
2023-11-28,101801.75827231263,35858.07804942927,65943.68022288335
2023-11-29,101749.61628614944,35858.07804942927,65891.53823672017
2023-11-30,101930.66484921606,35858.07804942927,66072.58679978679
2023-12-01,102324.74526423542,102324.74526423542,0
2023-12-04,102171.2500411307,25461.993117223843,76709.25692390685
2023-12-05,102448.92604026292,25461.993117223843,76986.93292303907
2023-12-06,101950.79212666815,25461.993117223843,76488.79900944431
2023-12-07,102546.53336116999,25461.993117223843,77084.54024394615
2023-12-08,102973.98611134928,25461.993117223843,77511.99299412544
2023-12-11,103261.75941954086,25461.993117223843,77799.76630231702
2023-12-12,103669.01755160144,25461.993117223843,78207.0244343776
2023-12-13,104899.2063719993,25461.993117223843,79437.21325477546
2023-12-14,104838.62251764319,25461.993117223843,79376.62940041935
2023-12-15,104574.40959725679,25461.993117223843,79112.41648003295
2023-12-18,104700.10288454885,104700.10288454885,0
2023-12-19,104700.10288454885,104700.10288454885,0
2023-12-20,104700.10288454885,104700.10288454885,0
2023-12-21,104700.10288454885,104700.10288454885,0
2023-12-22,104700.10288454885,104700.10288454885,0
2023-12-26,104700.10288454885,104700.10288454885,0
2023-12-27,104700.10288454885,104700.10288454885,0
2023-12-28,104700.10288454885,104700.10288454885,0
2023-12-29,104559.51208484286,34299.24236670374,70260.26971813913
2024-01-02,104179.4230596979,34299.24236670374,69880.18069299417
2024-01-03,103713.55518841128,34299.24236670374,69414.31282170754
2024-01-04,103484.3186168258,34299.24236670374,69185.07625012206
2024-01-05,103580.45008232938,34299.24236670374,69281.20771562564
2024-01-08,104432.3227612535,34299.24236670374,70133.08039454976
2024-01-09,104370.20704508196,34299.24236670374,70070.96467837822
2024-01-10,104856.78015509243,34299.24236670374,70557.5377883887
2024-01-11,104617.19096414502,34299.24236670374,70317.94859744128
2024-01-12,104645.29093098453,34299.24236670374,70346.04856428079
2024-01-16,104512.18582490264,34299.24236670374,70212.9434581989
2024-01-17,104152.80203848153,34299.24236670374,69853.5596717778
2024-01-18,104806.49600390594,34299.24236670374,70507.2536372022
2024-01-19,105679.0739215539,34299.24236670374,71379.83155485017
2024-01-22,105812.17902763581,34299.24236670374,71512.93666093207
2024-01-23,106171.56281405692,34299.24236670374,71872.32044735318
2024-01-24,106097.61553290031,34299.24236670374,71798.37316619657
2024-01-25,106315.02053950074,34299.24236670374,72015.778172797
2024-01-26,106286.92057266123,34299.24236670374,71987.67820595749
2024-01-29,106813.11630564502,106813.11630564502,0
2024-01-30,106684.80006912097,42558.74483471266,64126.05523440832
2024-01-31,106004.49053606446,42558.74483471266,63445.74570135181
2024-02-01,107016.43458138168,42558.74483471266,64457.68974666902
2024-02-02,107261.55574261784,42558.74483471266,64702.81090790518
2024-02-05,107125.23167433677,42558.74483471266,64566.48683962411
2024-02-06,107289.08271794382,42558.74483471266,64730.337883231165
2024-02-07,107805.54120739328,42558.74483471266,65246.79637268062
2024-02-08,107844.86545785898,42558.74483471266,65286.12062314632
2024-02-09,108230.24311242279,42558.74483471266,65671.49827771012
2024-02-12,108125.37844451427,42558.74483471266,65566.6336098016
2024-02-13,107348.06909364238,42558.74483471266,64789.32425892971
2024-02-14,107922.20315044152,42558.74483471266,65363.45831572885
2024-02-15,108310.20242170304,42558.74483471266,65751.45758699038
2024-02-16,107882.87889997583,42558.74483471266,65324.13406526316
2024-02-20,107582.70378808767,42558.74483471266,65023.95895337502
2024-02-21,108217.13502893422,42558.74483471266,65658.39019422156
2024-02-22,109061.2956055978,42558.74483471266,66502.55077088514
2024-02-23,109023.28216348097,42558.74483471266,66464.5373287683
2024-02-26,108851.56626978077,42558.74483471266,66292.82143506811
2024-02-27,108977.40387127099,42558.74483471266,66418.65903655833
2024-02-28,108855.49869482733,42558.74483471266,66296.75386011467
2024-02-29,109223.835840856,42558.74483471266,66665.09100614334
2024-03-01,109673.44310451379,42558.74483471266,67114.69826980113
2024-03-04,109618.3891538618,42558.74483471266,67059.64431914914
2024-03-05,109012.79569669011,42558.74483471266,66454.05086197745
2024-03-06,109269.71413306598,42558.74483471266,66710.96929835332
2024-03-07,110053.57752568217,42558.74483471266,67494.8326909695
2024-03-08,109624.94319560609,42558.74483471266,67066.19836089342
2024-03-11,109762.57807223604,42558.74483471266,67203.83323752337
2024-03-12,110328.84727894203,42558.74483471266,67770.10244422937
2024-03-13,110268.55009489463,42558.74483471266,67709.80526018197
2024-03-14,109967.06417465764,42558.74483471266,67408.31933994498
2024-03-15,109382.44365106765,42558.74483471266,66823.69881635498
2024-03-18,109733.74028856118,42558.74483471266,67174.99545384852
2024-03-19,110124.36117652043,42558.74483471266,67565.61634180776
2024-03-20,110967.21094483514,42558.74483471266,68408.46611012248
2024-03-21,111094.35935467422,42558.74483471266,68535.61451996156
2024-03-22,110819.08960141435,42558.74483471266,68260.34476670169
2024-03-25,110782.38696764638,42558.74483471266,68223.64213293372
2024-03-26,110682.76553313328,42558.74483471266,68124.02069842062
2024-03-27,111039.30540402223,42558.74483471266,68480.56056930957
2024-03-28,111107.46743816278,42558.74483471266,68548.72260345012
2024-04-01,110939.68396950915,42558.74483471266,68380.93913479648
2024-04-02,110552.99550659649,42558.74483471266,67994.25067188383
2024-04-03,110812.53555967008,42558.74483471266,68253.79072495742
2024-04-04,109853.02384830712,42558.74483471266,67294.27901359445
2024-04-05,110525.4685312705,42558.74483471266,67966.72369655783
2024-04-08,110564.79278173619,42558.74483471266,68006.04794702353
2024-04-09,110661.79259955157,42558.74483471266,68103.0477648389
2024-04-10,109830.74010637657,42558.74483471266,67271.99527166391
2024-04-11,110491.38751420024,42558.74483471266,67932.64267948757
2024-04-12,109407.34900969591,42558.74483471266,66848.60417498325
2024-04-15,108687.7152261737,42558.74483471266,66128.97039146104
2024-04-16,108742.76917682568,42558.74483471266,66184.02434211301
2024-04-17,108238.10796251593,42558.74483471266,65679.36312780327
2024-04-18,107926.1355754881,42558.74483471266,65367.39074077542
2024-04-19,107405.74466099206,42558.74483471266,64846.99982627939
2024-04-22,108013.95973486148,42558.74483471266,65455.21490014881
2024-04-23,108942.01204585186,42558.74483471266,66383.2672111392
2024-04-24,108420.31032300698,42558.74483471266,65861.56548829432
2024-04-25,109028.52539687639,42558.74483471266,66469.78056216372
2024-04-26,109238.25473269343,42558.74483471266,66679.50989798077
2024-04-29,109387.68688446307,42558.74483471266,66828.9420497504
2024-04-30,108269.56736288848,42558.74483471266,65710.82252817582
2024-05-01,108399.33738942527,42558.74483471266,65840.59255471261
2024-05-02,108817.1610229546,108817.1610229546,0
2024-05-03,108817.1610229546,108817.1610229546,0
2024-05-06,108817.1610229546,108817.1610229546,0
2024-05-07,108817.1610229546,108817.1610229546,0
2024-05-08,108817.1610229546,108817.1610229546,0
2024-05-09,108817.1610229546,108817.1610229546,0
2024-05-10,108817.1610229546,108817.1610229546,0
2024-05-13,108817.1610229546,108817.1610229546,0
2024-05-14,108817.1610229546,108817.1610229546,0
2024-05-15,108817.1610229546,108817.1610229546,0
2024-05-16,108817.1610229546,108817.1610229546,0
2024-05-17,108817.1610229546,108817.1610229546,0
2024-05-20,108817.1610229546,108817.1610229546,0
2024-05-21,108817.1610229546,108817.1610229546,0
2024-05-22,108817.1610229546,108817.1610229546,0
2024-05-23,108676.06255462092,38162.085376361385,70513.97717825953
2024-05-24,109115.68590596989,38162.085376361385,70953.6005296085
2024-05-28,109100.94243991855,38162.085376361385,70938.85706355717
2024-05-29,108410.68016569685,38162.085376361385,70248.59478933546
2024-05-30,108102.40769371435,38162.085376361385,69940.32231735297
2024-05-31,108960.20935488306,38162.085376361385,70798.12397852167
2024-06-03,108867.7276132883,38162.085376361385,70705.64223692691
2024-06-04,109078.15708329376,38162.085376361385,70916.07170693237
2024-06-05,109866.26235949251,38162.085376361385,71704.17698313112
2024-06-06,109800.58691980928,38162.085376361385,71638.5015434479
2024-06-07,109647.79099891361,38162.085376361385,71485.70562255222
2024-06-10,109889.0477161173,38162.085376361385,71726.96233975592
2024-06-11,110141.02695408561,38162.085376361385,71978.94157772422
2024-06-12,110837.9908037852,38162.085376361385,72675.90542742382
2024-06-13,110874.17931136575,38162.085376361385,72712.09393500436
2024-06-14,110921.09033971092,38162.085376361385,72759.00496334954
2024-06-17,111402.9962816625,111402.9962816625,0
2024-06-18,111402.9962816625,111402.9962816625,0
2024-06-20,111402.9962816625,111402.9962816625,0
2024-06-21,111402.9962816625,111402.9962816625,0
2024-06-24,111402.9962816625,111402.9962816625,0
2024-06-25,111402.9962816625,111402.9962816625,0
2024-06-26,111402.9962816625,111402.9962816625,0
2024-06-27,111402.9962816625,111402.9962816625,0
2024-06-28,111402.9962816625,111402.9962816625,0
2024-07-01,111402.9962816625,111402.9962816625,0
2024-07-02,111402.9962816625,111402.9962816625,0
2024-07-03,111402.9962816625,111402.9962816625,0
2024-07-05,111402.9962816625,111402.9962816625,0
2024-07-08,111402.9962816625,111402.9962816625,0
2024-07-09,111402.9962816625,111402.9962816625,0
2024-07-10,111402.9962816625,111402.9962816625,0
2024-07-11,111402.9962816625,111402.9962816625,0
2024-07-12,111402.9962816625,111402.9962816625,0
2024-07-15,111402.9962816625,111402.9962816625,0
2024-07-16,111402.9962816625,111402.9962816625,0
2024-07-17,111402.9962816625,111402.9962816625,0
2024-07-18,111402.9962816625,111402.9962816625,0
2024-07-19,111262.12711279384,40862.7423708174,70399.38474197644
2024-07-22,111932.71955829159,40862.7423708174,71069.97718747419
2024-07-23,111555.75172086075,40862.7423708174,70693.00935004334
2024-07-24,110417.15498739612,40862.7423708174,69554.41261657872
2024-07-25,110015.82528292041,40862.7423708174,69153.08291210301
2024-07-26,110649.23382608654,40862.7423708174,69786.49145526913
2024-07-29,110544.09313673509,40862.7423708174,69681.35076591768
2024-07-30,110450.4922791417,40862.7423708174,69587.7499083243
2024-07-31,111827.57886894014,40862.7423708174,70964.83649812274
2024-08-01,110244.0575110248,40862.7423708174,69381.3151402074
2024-08-02,108979.8048317499,40862.7423708174,68117.0624609325
2024-08-05,107911.72929236248,40862.7423708174,67048.98692154507
2024-08-06,107529.63264081693,40862.7423708174,66666.89026999952
2024-08-07,107018.03343287505,40862.7423708174,66155.29106205764
2024-08-08,109023.39975172491,40862.7423708174,68160.6573809075
2024-08-09,109202.90824573959,40862.7423708174,68340.16587492218
2024-08-12,109240.0921480712,40862.7423708174,68377.3497772538
2024-08-13,110350.48040390495,40862.7423708174,69487.73803308755
2024-08-14,110579.99483553802,40862.7423708174,69717.25246472062
2024-08-15,111697.23692441478,111697.23692441478,0
2024-08-16,111697.23692441478,111697.23692441478,0
2024-08-19,111697.23692441478,111697.23692441478,0
2024-08-20,111697.23692441478,111697.23692441478,0
2024-08-21,111697.23692441478,111697.23692441478,0
2024-08-22,111697.23692441478,111697.23692441478,0
2024-08-23,111697.23692441478,111697.23692441478,0
2024-08-26,111697.23692441478,111697.23692441478,0
2024-08-27,111697.23692441478,111697.23692441478,0
2024-08-28,111533.96082110428,29936.707792355985,81597.2530287483
2024-08-29,112181.4879886664,29936.707792355985,82244.78019631041
2024-08-30,112856.97655664597,29936.707792355985,82920.26876428998
2024-09-03,111024.76900297588,29936.707792355985,81088.0612106199
2024-09-04,110918.81001192026,29936.707792355985,80982.10221956427
2024-09-05,110737.79673553357,29936.707792355985,80801.08894317759
2024-09-06,109229.35276564454,29936.707792355985,79292.64497328855
2024-09-09,110455.23942605192,29936.707792355985,80518.53163369594
2024-09-10,110627.4227865173,29936.707792355985,80690.71499416132
2024-09-11,111511.88603130101,29936.707792355985,81575.17823894502
2024-09-12,112237.4107895013,29936.707792355985,82300.70299714532
2024-09-13,112592.07907900691,29936.707792355985,82655.37128665093
2024-09-16,112542.87914657668,112542.87914657668,0
2024-09-17,112411.33997504305,46674.622566923455,65736.7174081196
2024-09-18,112591.00586935409,46674.622566923455,65916.38330243064
2024-09-19,113070.51200386544,113070.51200386544,0
2024-09-20,113070.51200386544,113070.51200386544,0
2024-09-23,113070.51200386544,113070.51200386544,0
2024-09-24,113070.51200386544,113070.51200386544,0
2024-09-25,113070.51200386544,113070.51200386544,0
2024-09-26,113070.51200386544,113070.51200386544,0
2024-09-27,113070.51200386544,113070.51200386544,0
2024-09-30,113070.51200386544,113070.51200386544,0
2024-10-01,113070.51200386544,113070.51200386544,0
2024-10-02,113070.51200386544,113070.51200386544,0
2024-10-03,112931.26504245358,43342.57867969797,69588.68636275562
2024-10-04,113484.00363966392,43342.57867969797,70141.42495996595
2024-10-07,112919.00919772609,43342.57867969797,69576.43051802812
2024-10-08,113529.35026515568,43342.57867969797,70186.77158545771
2024-10-09,114058.80275738376,43342.57867969797,70716.2240776858
2024-10-10,114030.6143145105,43342.57867969797,70688.03563481254
2024-10-11,114256.12185749655,43342.57867969797,70913.54317779858
2024-10-14,115003.72838587416,43342.57867969797,71661.14970617619
2024-10-15,114409.31991659032,43342.57867969797,71066.74123689235
2024-10-16,114615.21810801234,43342.57867969797,71272.63942831437
2024-10-17,114781.89759630637,43342.57867969797,71439.3189166084
2024-10-18,115004.9539703469,43342.57867969797,71662.37529064894
2024-10-21,114868.91409387163,43342.57867969797,71526.33541417366
2024-10-22,114802.73253234313,43342.57867969797,71460.15385264516
2024-10-23,114249.99393513278,43342.57867969797,70907.41525543481
2024-10-24,114206.10077438831,114206.10077438831,0
2024-10-25,114206.10077438831,114206.10077438831,0
2024-10-28,114206.10077438831,114206.10077438831,0
2024-10-29,114206.10077438831,114206.10077438831,0
2024-10-30,114206.10077438831,114206.10077438831,0
2024-10-31,114017.252829418,19640.468736297524,94376.78409312047
2024-11-01,114332.17360528193,19640.468736297524,94691.70486898441
2024-11-04,114047.0874292367,19640.468736297524,94406.61869293917
2024-11-05,115623.34878632412,19640.468736297524,95982.8800500266
2024-11-06,117507.90100820466,19640.468736297524,97867.43227190714
2024-11-07,118184.00868659724,118184.00868659724,0
2024-11-08,118184.00868659724,118184.00868659724,0
2024-11-11,118184.00868659724,118184.00868659724,0
2024-11-12,118184.00868659724,118184.00868659724,0
2024-11-13,118184.00868659724,118184.00868659724,0
2024-11-14,118184.00868659724,118184.00868659724,0
2024-11-15,118184.00868659724,118184.00868659724,0
2024-11-18,118184.00868659724,118184.00868659724,0
2024-11-19,118058.67491698678,55423.107895258734,62635.56702172804
2024-11-20,117753.64704532412,55423.107895258734,62330.539150065386
2024-11-21,118226.01659657949,55423.107895258734,62802.90870132075
2024-11-22,118594.59194150519,55423.107895258734,63171.484046246456
2024-11-25,118469.61524408785,55423.107895258734,63046.50734882912
2024-11-26,119087.08485929386,55423.107895258734,63663.976964035115
2024-11-27,118907.03368504853,55423.107895258734,63483.9257897898
2024-11-29,119301.02801927946,55423.107895258734,63877.920124020726
2024-12-02,119353.98424699868,55423.107895258734,63930.876351739935
2024-12-03,119414.35434659859,55423.107895258734,63991.246451339844
2024-12-04,119699.25885172792,55423.107895258734,64276.15095646919
2024-12-05,119501.00833991554,119501.00833991554,0
2024-12-06,119501.00833991554,119501.00833991554,0
2024-12-09,119501.00833991554,119501.00833991554,0
2024-12-10,119354.8945272835,46334.498409313805,73020.39611796969
2024-12-11,119790.72154834705,46334.498409313805,73456.22313903325
2024-12-12,119623.65452360602,46334.498409313805,73289.15611429221
2024-12-13,119438.42803965401,46334.498409313805,73103.92963034021
2024-12-16,119696.29236044995,46334.498409313805,73361.79395113615
2024-12-17,119467.48317439159,46334.498409313805,73132.98476507778
2024-12-18,117497.78716530716,46334.498409313805,71163.28875599336
2024-12-19,117072.85581977018,46334.498409313805,70738.35741045637
2024-12-20,118018.35832935528,46334.498409313805,71683.85992004148
2024-12-23,118324.64787471383,46334.498409313805,71990.14946540003
2024-12-24,119105.50462078603,46334.498409313805,72771.00621147222
2024-12-26,119021.97110841551,46334.498409313805,72687.47269910171
2024-12-27,118370.65183804832,46334.498409313805,72036.15342873451
2024-12-30,117434.83437337575,46334.498409313805,71100.33596406195
2024-12-31,117339.19455486457,46334.498409313805,71004.69614555077
2025-01-02,117260.50356495033,46334.498409313805,70926.00515563652
2025-01-03,118008.67328444275,46334.498409313805,71674.17487512894
2025-01-06,118433.60462997972,46334.498409313805,72099.10622066591
2025-01-07,117698.751847242,46334.498409313805,71364.2534379282
2025-01-08,117540.15923679943,46334.498409313805,71205.66082748563
2025-01-10,116524.44015159855,46334.498409313805,70189.94174228475
2025-01-13,116938.47582160894,46334.498409313805,70603.97741229513
2025-01-14,116871.89113783532,46334.498409313805,70537.39272852152
2025-01-15,118204.79544392135,46334.498409313805,71870.29703460755
2025-01-16,117944.50986189728,46334.498409313805,71610.01145258348
2025-01-17,118692.67958138972,46334.498409313805,72358.18117207591
2025-01-21,119500.17020097135,46334.498409313805,73165.67179165754
2025-01-22,119682.97542369523,46334.498409313805,73348.47701438142
2025-01-23,119916.93814563588,119916.93814563588,0
2025-01-24,119916.93814563588,119916.93814563588,0
2025-01-27,119789.38754939393,56045.961141612424,63743.4264077815
2025-01-28,120313.87157260999,56045.961141612424,64267.91043099756
2025-01-29,120203.22991254006,56045.961141612424,64157.268770927636
2025-01-30,120504.30289138417,56045.961141612424,64458.34174977174
2025-01-31,119769.17416918885,56045.961141612424,63723.21302757642
2025-02-03,119924.49803813317,56045.961141612424,63878.53689652074
2025-02-04,119920.24258966892,56045.961141612424,63874.2814480565
2025-02-05,120381.95874803762,56045.961141612424,64335.9976064252
2025-02-06,120514.94151254473,56045.961141612424,64468.98037093231
2025-02-07,119902.15693369595,56045.961141612424,63856.195792083534
2025-02-10,120301.10522721731,56045.961141612424,64255.14408560488
2025-02-11,120442.59888865286,56045.961141612424,64396.63774704043
2025-02-12,120366.00081629677,56045.961141612424,64320.03967468435
2025-02-13,120904.31504702156,56045.961141612424,64858.35390540914
2025-02-14,120788.46575848857,120788.46575848857,0
2025-02-18,120788.46575848857,120788.46575848857,0
2025-02-19,120788.46575848857,120788.46575848857,0
2025-02-20,120788.46575848857,120788.46575848857,0
2025-02-21,120788.46575848857,120788.46575848857,0
2025-02-24,120788.46575848857,120788.46575848857,0
2025-02-25,120788.46575848857,120788.46575848857,0
2025-02-26,120788.46575848857,120788.46575848857,0
2025-02-27,120606.46648257313,29652.30560528049,90954.16087729264
2025-02-28,122069.78206987215,29652.30560528049,92417.47646459166
2025-03-03,120685.77476626309,29652.30560528049,91033.4691609826
2025-03-04,119912.90776638252,29652.30560528049,90260.60216110203
2025-03-05,120141.50223113594,29652.30560528049,90489.19662585545
2025-03-06,118970.53874841951,29652.30560528049,89318.23314313902
2025-03-07,119023.41093754616,29652.30560528049,89371.10533226567
2025-03-10,116515.09208280298,29652.30560528049,86862.78647752249
2025-03-11,116393.79706068891,29652.30560528049,86741.49145540842
2025-03-12,116840.10053949319,29652.30560528049,87187.7949342127
2025-03-13,115785.76688573258,29652.30560528049,86133.46128045209
2025-03-14,117059.36461793014,29652.30560528049,87407.05901264965
2025-03-17,117821.34616710816,29652.30560528049,88169.04056182767
2025-03-18,116922.51895195531,29652.30560528049,87270.21334667482
2025-03-19,118088.81724151352,29652.30560528049,88436.51163623303
2025-03-20,117619.18779691806,29652.30560528049,87966.88219163757
2025-03-21,117513.4434186648,29652.30560528049,87861.13781338431
2025-03-24,118886.56527157132,29652.30560528049,89234.25966629083
2025-03-25,119224.01424335015,29652.30560528049,89571.70863806966
2025-03-26,117920.87028781713,29652.30560528049,88268.56468253664
2025-03-27,117757.58852727899,29652.30560528049,88105.2829219985
2025-03-28,115826.1985597706,29652.30560528049,86173.8929544901
2025-03-31,116269.39190980271,29652.30560528049,86617.08630452222
2025-04-01,117012.7126863478,29652.30560528049,87360.40708106731
2025-04-02,114376.87855194628,29652.30560528049,84724.5729466658
2025-04-03,113062.8491457107,29652.30560528049,83410.54354043021
2025-04-04,108260.81032150309,29652.30560528049,78608.5047162226
2025-04-07,108887.50126909235,29652.30560528049,79235.19566381186
2025-04-08,105939.09919308923,29652.30560528049,76286.79358780874
2025-04-09,114543.27044125658,29652.30560528049,84890.96483597609
2025-04-10,110842.2172023919,29652.30560528049,81189.91159711141
2025-04-11,112737.84068902048,29652.30560528049,83085.53508373999
2025-04-14,113143.71249378673,29652.30560528049,83491.40688850624
2025-04-15,112627.43111760898,29652.30560528049,82975.1255123285
2025-04-16,111440.91699103179,29652.30560528049,81788.6113857513
2025-04-17,111619.7493954307,29652.30560528049,81967.44379015021
2025-04-21,109901.40324881494,29652.30560528049,80249.09764353445
2025-04-22,112938.01427610737,112938.01427610737,0
2025-04-23,112938.01427610737,112938.01427610737,0
2025-04-24,112938.01427610737,112938.01427610737,0
2025-04-25,112938.01427610737,112938.01427610737,0
2025-04-28,112938.01427610737,112938.01427610737,0
2025-04-29,112938.01427610737,112938.01427610737,0
2025-04-30,112938.01427610737,112938.01427610737,0
2025-05-01,112938.01427610737,112938.01427610737,0
2025-05-02,112938.01427610737,112938.01427610737,0
2025-05-05,112938.01427610737,112938.01427610737,0
2025-05-06,112938.01427610737,112938.01427610737,0
2025-05-07,112819.84521873531,53764.84403329041,59055.0011854449
2025-05-08,113049.52658502852,113049.52658502852,0
