date,open,high,low,close,volume,average,barCount
1999-12-20,142.56,143.19,141.09,141.66,4608700.0,141.656,1
1999-12-21,141.59,144.06,141.34,143.81,7981300.0,143.812,1
1999-12-22,143.63,144.19,142.97,144.19,5377500.0,144.188,1
1999-12-23,145.02,146.48,145.0,146.48,5721700.0,146.484,1
1999-12-27,146.5,146.78,145.06,146.28,2691000.0,146.281,1
1999-12-28,145.88,146.5,145.48,146.19,4084500.0,146.188,1
1999-12-29,146.31,146.81,145.31,146.81,3001000.0,146.812,1
1999-12-30,147.13,147.56,146.19,146.64,3641300.0,146.641,1
1999-12-31,146.84,147.5,146.25,146.88,3172700.0,146.875,1
2000-01-03,148.25,148.25,143.88,145.44,8164300.0,145.438,1
2000-01-04,143.53,144.06,139.64,139.75,8089800.0,139.75,1
2000-01-05,139.94,141.53,137.25,140.0,12177900.0,140.0,1
2000-01-06,139.63,141.5,137.75,137.75,6227200.0,137.75,1
2000-01-07,140.31,145.75,140.06,145.75,8066500.0,145.75,1
2000-01-10,146.25,146.91,145.03,146.25,5741700.0,146.25,1
2000-01-11,145.81,146.09,143.5,144.5,7503700.0,144.5,1
2000-01-12,144.59,144.59,142.88,143.06,6907700.0,143.062,1
2000-01-13,144.47,145.75,143.28,145.0,5158300.0,145.0,1
2000-01-14,146.53,147.47,145.97,146.97,7437300.0,146.969,1
2000-01-18,145.34,146.63,145.19,145.81,6488500.0,145.812,1
2000-01-19,145.31,147.0,145.0,147.0,6157900.0,147.0,1
2000-01-20,146.97,146.97,143.81,144.75,5800100.0,144.75,1
2000-01-21,145.5,145.5,144.06,144.44,6244800.0,144.438,1
2000-01-24,145.66,145.84,139.41,140.34,7896900.0,140.344,1
2000-01-25,140.52,141.94,139.0,141.94,9942500.0,141.938,1
2000-01-26,141.0,141.55,140.09,140.81,5158100.0,140.812,1
2000-01-27,141.84,142.22,138.13,140.25,10922700.0,140.25,1
2000-01-28,139.44,140.06,135.53,135.88,11916200.0,135.875,1
2000-01-31,135.81,139.67,135.0,139.56,10768700.0,139.562,1
2000-02-01,139.75,141.69,138.53,140.94,8419900.0,140.938,1
2000-02-02,141.28,142.25,140.38,141.06,6205900.0,141.062,1
2000-02-03,140.88,143.25,140.0,143.19,7997500.0,143.188,1
2000-02-04,143.19,144.0,142.13,142.59,4925400.0,142.594,1
2000-02-07,142.56,142.78,141.44,142.38,5845800.0,142.375,1
2000-02-08,143.97,144.56,143.63,144.31,4936500.0,144.312,1
2000-02-09,144.47,144.47,141.27,141.28,8511500.0,141.281,1
2000-02-10,141.63,142.56,140.88,141.56,6690600.0,141.562,1
2000-02-11,141.84,141.94,138.03,138.69,9849800.0,138.688,1
2000-02-14,139.78,139.78,138.31,139.5,8528800.0,139.5,1
2000-02-15,139.25,141.22,137.8,141.09,11078300.0,141.094,1
2000-02-16,140.38,140.94,138.8,139.0,8845400.0,139.0,1
2000-02-17,140.44,140.44,138.22,138.28,7584200.0,138.281,1
2000-02-18,138.88,138.88,134.63,135.31,9409200.0,135.312,1
2000-02-22,135.19,136.34,133.53,134.97,16415400.0,134.969,1
2000-02-23,135.63,137.47,134.5,136.56,12119000.0,136.562,1
2000-02-24,136.69,137.03,133.09,133.81,17375000.0,133.812,1
2000-02-25,135.19,136.72,133.13,133.33,10559900.0,133.328,1
2000-02-28,133.38,136.69,132.72,136.13,13397800.0,136.125,1
2000-02-29,136.06,137.44,135.75,137.44,8242500.0,137.438,1
2000-03-01,137.63,139.0,137.22,138.44,6868000.0,138.438,1
2000-03-02,138.69,139.13,137.34,138.53,7600200.0,138.531,1
2000-03-03,140.44,141.72,139.72,141.13,12770300.0,141.125,1
2000-03-06,140.81,141.34,138.75,139.75,11967100.0,139.75,1
2000-03-07,140.0,140.16,135.22,137.05,20062000.0,137.047,1
2000-03-08,136.47,137.84,135.03,136.88,11808500.0,136.875,1
2000-03-09,137.25,140.88,136.13,140.88,5500900.0,140.875,1
2000-03-10,140.19,142.0,139.53,140.13,7924600.0,140.125,1
2000-03-13,136.69,140.47,136.5,138.59,10540400.0,138.594,1
2000-03-14,139.28,140.09,136.16,136.63,8263900.0,136.625,1
2000-03-15,136.88,140.44,136.06,139.81,10300800.0,139.812,1
2000-03-16,141.63,146.84,140.88,146.34,25601400.0,146.344,1
2000-03-17,145.81,148.0,145.44,146.94,10272900.0,146.938,1
2000-03-20,146.88,147.34,144.78,146.19,12502300.0,146.188,1
2000-03-21,145.53,149.75,144.5,149.19,13612600.0,149.188,1
2000-03-22,149.56,150.84,148.69,150.09,8260000.0,150.094,1
2000-03-23,149.16,153.47,149.16,152.66,11654500.0,152.656,1
2000-03-24,152.88,155.75,151.72,153.56,11462900.0,153.562,1
2000-03-27,153.38,153.78,151.81,151.94,8798600.0,151.938,1
2000-03-28,151.25,152.98,150.59,151.06,6334400.0,151.062,1
2000-03-29,151.56,152.48,149.66,151.22,6747500.0,151.219,1
2000-03-30,150.16,151.92,147.13,148.69,9491900.0,148.688,1
2000-03-31,149.63,152.31,148.44,150.38,9249100.0,150.375,1
2000-04-03,150.13,151.25,148.69,151.25,8508200.0,151.25,1
2000-04-04,151.75,153.0,141.39,145.75,21060400.0,145.75,1
2000-04-05,147.88,150.81,147.63,149.19,8227900.0,149.188,1
2000-04-06,150.25,151.69,149.0,150.48,6378500.0,150.484,1
2000-04-07,151.56,152.13,150.5,151.44,6023600.0,151.438,1
2000-04-10,151.75,153.11,150.31,150.84,9624200.0,150.844,1
2000-04-11,150.0,151.63,148.38,150.41,9006400.0,150.406,1
2000-04-12,150.38,151.16,146.16,146.28,10779700.0,146.281,1
2000-04-13,147.47,148.16,141.13,144.25,12226800.0,144.25,1
2000-04-14,142.63,142.81,133.5,136.0,29604000.0,136.0,1
2000-04-17,135.19,140.75,134.69,140.75,23918200.0,140.75,1
2000-04-18,140.56,144.47,139.78,144.47,11070700.0,144.469,1
2000-04-19,144.5,145.13,142.53,143.13,6553700.0,143.125,1
2000-04-20,143.56,143.94,142.38,143.81,8537600.0,143.812,1
2000-04-24,141.5,143.31,140.5,142.25,12893100.0,142.25,1
2000-04-25,144.63,148.16,144.44,148.16,14102000.0,148.156,1
2000-04-26,147.97,148.75,146.0,146.48,7711100.0,146.484,1
2000-04-27,143.0,147.34,143.0,146.0,15595300.0,146.0,1
2000-04-28,147.0,147.86,145.06,145.09,8743400.0,145.094,1
2000-05-01,146.56,148.48,145.84,147.06,7328300.0,147.062,1
2000-05-02,145.5,147.13,144.13,144.13,9411900.0,144.13,1
2000-05-03,144.0,144.0,139.78,140.75,12630700.0,140.75,1
2000-05-04,142.0,142.36,140.75,141.81,5963600.0,141.812,1
2000-05-05,141.06,144.0,140.94,143.53,7862400.0,143.531,1
2000-05-08,142.75,143.38,141.84,142.45,5064100.0,142.453,1
2000-05-09,143.06,143.41,140.27,141.31,5620300.0,141.312,1
2000-05-10,140.5,140.97,137.75,138.13,10293900.0,138.125,1
2000-05-11,140.13,141.5,139.13,141.28,7091100.0,141.281,1
2000-05-12,141.81,143.47,141.63,142.81,5960800.0,142.812,1
2000-05-15,142.75,145.61,142.0,145.28,4441300.0,145.281,1
2000-05-16,146.56,147.72,145.31,146.69,8192200.0,146.688,1
2000-05-17,145.69,146.19,144.47,145.16,5907200.0,145.156,1
2000-05-18,145.63,146.31,143.38,143.38,4325600.0,143.38,1
2000-05-19,142.56,143.23,140.41,141.13,6518400.0,141.125,1
2000-05-22,141.25,141.47,137.0,140.06,10839400.0,140.062,1
2000-05-23,140.44,140.81,137.56,138.0,7979200.0,138.0,1
2000-05-24,138.0,140.69,136.5,140.25,11084500.0,140.25,1
2000-05-25,140.69,141.81,137.72,137.84,8278900.0,137.844,1
2000-05-26,138.81,139.69,137.33,138.0,4814000.0,138.0,1
2000-05-30,140.0,142.94,139.47,142.5,5362700.0,142.5,1
2000-05-31,142.56,144.0,142.09,142.81,6056500.0,142.812,1
2000-06-01,143.69,145.44,143.0,145.31,8961600.0,145.312,1
2000-06-02,148.94,149.09,147.48,147.84,8962200.0,147.844,1
2000-06-05,147.47,148.22,146.88,147.13,6998100.0,147.125,1
2000-06-06,146.63,147.78,145.91,146.47,4858900.0,146.469,1
2000-06-07,146.63,148.0,146.0,147.48,4919500.0,147.484,1
2000-06-08,147.5,147.75,146.06,146.91,5723100.0,146.906,1
2000-06-09,147.5,147.97,145.63,146.59,3085300.0,146.594,1
2000-06-12,146.97,146.97,144.88,144.88,3478900.0,144.88,1
2000-06-13,144.81,147.75,144.63,147.59,6558700.0,147.594,1
2000-06-14,148.25,148.88,147.19,147.84,6420500.0,147.844,1
2000-06-15,148.13,148.75,146.84,148.16,5881200.0,148.156,1
2000-06-16,148.31,148.31,145.88,146.59,5567900.0,146.594,1
2000-06-19,146.47,149.16,146.25,148.47,5106900.0,148.469,1
2000-06-20,148.19,148.88,147.0,147.94,6480000.0,147.938,1
2000-06-21,146.94,148.44,146.89,147.88,3115000.0,147.875,1
2000-06-22,147.56,147.69,145.0,145.63,7490500.0,145.625,1
2000-06-23,145.81,146.13,143.88,144.38,4863300.0,144.375,1
2000-06-26,145.38,146.25,144.88,146.23,5201300.0,146.234,1
2000-06-27,145.98,146.72,145.02,145.16,4159500.0,145.156,1
2000-06-28,145.63,146.98,145.31,145.56,5347700.0,145.562,1
2000-06-29,144.75,145.75,143.52,144.19,6345700.0,144.188,1
2000-06-30,143.94,145.59,143.89,145.28,7420200.0,145.281,1
2000-07-03,145.44,147.44,145.19,147.28,1436600.0,147.281,1
2000-07-05,146.38,146.66,144.38,144.63,2748200.0,144.625,1
2000-07-06,144.94,146.47,144.22,145.75,5963200.0,145.75,1
2000-07-07,146.69,148.78,146.25,148.09,3034800.0,148.094,1
2000-07-10,147.88,148.91,147.53,147.84,2816100.0,147.844,1
2000-07-11,147.47,149.13,147.16,148.16,5431600.0,148.156,1
2000-07-12,149.28,150.13,148.69,149.13,5883000.0,149.125,1
2000-07-13,149.98,150.38,149.19,149.78,5356000.0,149.781,1
2000-07-14,150.44,151.25,149.67,151.25,5341900.0,151.25,1
2000-07-17,150.98,151.98,150.69,151.0,4208300.0,151.0,1
2000-07-18,150.63,150.63,149.34,149.77,4262100.0,149.766,1
2000-07-19,149.47,149.91,148.25,148.56,8506800.0,148.562,1
2000-07-20,149.0,150.63,148.81,150.63,4538900.0,150.625,1
2000-07-21,149.75,149.75,147.69,147.69,5656900.0,147.69,1
2000-07-24,148.13,148.86,146.56,146.84,5628500.0,146.844,1
2000-07-25,147.75,147.84,146.78,147.31,4757100.0,147.312,1
2000-07-26,146.97,147.16,145.64,145.88,12062500.0,145.875,1
2000-07-27,145.94,146.63,144.69,145.38,7652600.0,145.375,1
2000-07-28,145.72,145.91,141.52,142.09,6229500.0,142.094,1
2000-07-31,142.94,144.13,142.06,143.0,5265500.0,143.0,1
2000-08-01,143.63,144.72,143.13,143.88,3946600.0,143.875,1
2000-08-02,143.88,145.41,143.63,144.59,7439800.0,144.594,1
2000-08-03,142.88,145.81,142.63,145.59,4607100.0,145.594,1
2000-08-04,146.31,146.72,145.41,146.38,3686600.0,146.375,1
2000-08-07,146.72,148.44,146.38,148.13,4159800.0,148.125,1
2000-08-08,147.5,148.81,147.5,148.69,3658700.0,148.688,1
2000-08-09,149.14,149.22,147.38,147.44,5383800.0,147.438,1
2000-08-10,147.53,147.86,146.28,146.72,4193400.0,146.719,1
2000-08-11,146.63,148.0,145.56,147.41,5089400.0,147.406,1
2000-08-14,147.78,149.56,147.06,149.28,2966700.0,149.281,1
2000-08-15,149.34,149.81,148.56,149.16,5564600.0,149.156,1
2000-08-16,149.31,149.94,147.84,148.63,5191600.0,148.625,1
2000-08-17,148.69,150.44,148.34,150.19,5652200.0,150.188,1
2000-08-18,150.38,150.38,149.22,149.69,4626400.0,149.688,1
2000-08-21,150.03,150.72,149.41,150.5,2380600.0,150.5,1
2000-08-22,150.56,151.31,150.09,150.25,3075300.0,150.25,1
2000-08-23,149.81,151.28,149.28,150.84,5483200.0,150.844,1
2000-08-24,151.16,151.55,150.5,151.31,4529000.0,151.312,1
2000-08-25,151.16,151.63,150.94,151.25,2822200.0,151.25,1
2000-08-28,151.25,152.91,151.25,151.77,5518700.0,151.766,1
2000-08-29,151.44,151.88,150.91,151.8,3561900.0,151.797,1
2000-08-30,151.31,151.5,150.34,150.34,3964800.0,150.344,1
2000-08-31,151.06,153.09,150.91,152.34,4863100.0,152.344,1
2000-09-01,153.25,153.59,152.0,152.5,3191200.0,152.5,1
2000-09-05,151.88,152.2,150.81,151.28,3470800.0,151.281,1
2000-09-06,151.19,151.95,149.53,149.56,4322200.0,149.562,1
2000-09-07,150.25,151.08,149.83,150.84,4265500.0,150.844,1
2000-09-08,150.28,150.5,149.33,149.81,3518200.0,149.812,1
2000-09-11,149.75,151.19,148.69,149.59,3937500.0,149.594,1
2000-09-12,149.75,150.25,148.44,148.5,4769100.0,148.5,1
2000-09-13,148.0,149.34,147.66,148.89,7691600.0,148.891,1
2000-09-14,149.88,149.94,148.16,149.64,3397100.0,149.641,1
2000-09-15,148.19,148.25,146.0,146.0,4085700.0,146.0,1
2000-09-18,146.38,146.97,144.2,144.66,5109300.0,144.656,1
2000-09-19,145.13,146.31,144.7,145.97,6588200.0,145.969,1
2000-09-20,145.69,146.03,143.16,144.89,6508100.0,144.891,1
2000-09-21,144.47,145.56,142.63,142.69,5972300.0,142.688,1
2000-09-22,142.63,145.31,142.42,145.28,7791300.0,145.281,1
2000-09-25,145.94,146.06,143.72,144.25,9726300.0,144.25,1
2000-09-26,144.38,145.0,142.41,142.41,5302400.0,142.41,1
2000-09-27,143.56,143.97,142.13,143.16,7186200.0,143.156,1
2000-09-28,143.19,146.33,142.89,145.0,7036400.0,145.0,1
2000-09-29,145.47,145.97,143.63,143.63,9333600.0,143.63,1
2000-10-02,144.28,144.91,143.14,143.84,5517800.0,143.844,1
2000-10-03,144.53,145.75,142.28,142.5,9347200.0,142.5,1
2000-10-04,142.88,144.25,141.75,143.69,6149000.0,143.688,1
2000-10-05,143.41,144.84,143.31,144.19,4566900.0,144.188,1
2000-10-06,143.88,144.64,139.75,141.06,10014900.0,141.062,1
2000-10-09,141.31,141.31,139.38,140.0,4508000.0,140.0,1
2000-10-10,140.09,141.25,137.69,137.69,6104700.0,137.69,1
2000-10-11,137.63,138.63,135.13,136.53,10366000.0,136.531,1
2000-10-12,137.28,137.59,132.78,133.13,12336900.0,133.125,1
2000-10-13,132.94,137.66,132.88,137.56,11778800.0,137.562,1
2000-10-16,137.41,138.23,136.69,138.19,5659000.0,138.188,1
2000-10-17,138.44,138.56,134.41,134.75,7831700.0,134.75,1
2000-10-18,132.63,136.13,130.16,134.25,10897300.0,134.25,1
2000-10-19,136.84,139.45,136.44,139.31,8767300.0,139.312,1
2000-10-20,138.38,141.19,138.38,139.91,7373500.0,139.906,1
2000-10-23,139.94,141.03,138.94,140.53,5290000.0,140.531,1
2000-10-24,140.97,141.94,139.0,139.59,5750700.0,139.594,1
2000-10-25,138.75,139.56,136.13,136.31,9137600.0,136.312,1
2000-10-26,137.13,137.66,134.03,136.69,9345800.0,136.688,1
2000-10-27,137.88,139.28,136.63,139.28,9762900.0,139.281,1
2000-10-30,138.44,141.09,138.16,140.53,10154100.0,140.531,1
2000-10-31,141.02,143.69,140.06,142.95,7752400.0,142.953,1
2000-11-01,142.25,143.25,141.22,142.47,6753600.0,142.469,1
2000-11-02,143.16,143.91,142.52,142.7,11395100.0,142.703,1
2000-11-03,143.47,143.75,142.38,142.78,5187100.0,142.781,1
2000-11-06,143.16,144.3,143.03,143.78,4042500.0,143.781,1
2000-11-07,143.14,144.0,142.56,143.75,5231300.0,143.75,1
2000-11-08,144.06,144.06,140.56,140.56,6123300.0,140.562,1
2000-11-09,140.0,141.22,137.25,140.03,10635300.0,140.031,1
2000-11-10,139.0,139.47,136.53,136.63,8569500.0,136.625,1
2000-11-13,135.63,136.98,133.02,135.56,17285300.0,135.562,1
2000-11-14,137.47,139.63,137.0,139.13,7668900.0,139.125,1
2000-11-15,139.06,140.11,137.75,139.56,8837700.0,139.562,1
2000-11-16,139.56,139.88,137.31,137.38,6684100.0,137.375,1
2000-11-17,137.31,139.0,135.75,136.64,6551100.0,136.641,1
2000-11-20,135.75,136.38,134.31,134.69,5458500.0,134.688,1
2000-11-21,134.88,136.19,133.52,135.38,7684300.0,135.375,1
2000-11-22,134.34,134.88,132.13,132.14,5736900.0,132.141,1
2000-11-24,133.63,134.97,133.63,134.84,3411600.0,134.844,1
2000-11-27,136.47,136.69,135.31,136.03,5992000.0,136.031,1
2000-11-28,135.13,136.59,133.64,133.69,5336100.0,133.688,1
2000-11-29,134.38,135.91,133.27,133.44,6914100.0,133.438,1
2000-11-30,132.5,133.5,129.75,132.28,11201600.0,132.281,1
2000-12-01,133.19,134.06,131.0,132.22,7587200.0,132.219,1
2000-12-04,131.88,133.88,131.5,133.34,6996600.0,133.344,1
2000-12-05,134.88,138.25,134.41,137.72,8883400.0,137.719,1
2000-12-06,137.78,138.34,135.03,135.52,12888000.0,135.516,1
2000-12-07,134.88,135.88,133.66,133.66,6529100.0,133.66,1
2000-12-08,137.06,139.13,133.88,133.97,10275300.0,133.969,1
2000-12-11,137.38,139.56,136.72,138.63,6405600.0,138.625,1
2000-12-12,138.19,138.81,137.38,138.03,5022900.0,138.031,1
2000-12-13,139.25,139.41,136.03,136.14,6070500.0,136.141,1
2000-12-14,135.88,136.5,134.03,134.41,7778400.0,134.406,1
2000-12-15,133.13,133.13,130.56,130.97,9065300.0,130.969,1
2000-12-18,132.06,133.47,131.77,132.72,7235400.0,132.719,1
2000-12-19,132.47,134.97,130.02,130.02,9616700.0,130.02,1
2000-12-20,128.63,128.94,126.09,126.25,9994300.0,126.25,1
2000-12-21,126.0,128.86,125.53,127.13,14331500.0,127.125,1
2000-12-22,129.0,131.11,128.84,130.94,10182900.0,130.938,1
2000-12-26,130.84,132.34,130.28,132.34,4665300.0,132.344,1
2000-12-27,132.0,133.73,131.25,133.31,4854100.0,133.312,1
2000-12-28,132.81,133.88,132.59,133.72,8358700.0,133.719,1
2000-12-29,134.06,134.28,131.19,131.19,8774600.0,131.19,1
2001-01-02,132.0,132.16,127.56,128.81,8737500.0,128.812,1
2001-01-03,128.31,136.0,127.66,135.0,19431600.0,135.0,1
2001-01-04,134.94,135.47,133.0,133.55,9219000.0,133.547,1
2001-01-05,133.47,133.63,129.19,129.19,12911400.0,129.19,1
2001-01-08,129.88,130.19,127.69,130.19,6625300.0,130.188,1
2001-01-09,131.05,131.5,129.42,129.84,5702400.0,129.844,1
2001-01-10,129.0,132.13,128.81,132.13,8746100.0,132.125,1
2001-01-11,131.09,133.48,131.09,132.25,7245300.0,132.25,1
2001-01-12,132.69,133.72,131.28,132.0,7244000.0,132.0,1
2001-01-16,132.0,133.19,131.52,132.84,8542200.0,132.844,1
2001-01-17,134.84,135.05,132.64,133.45,7851400.0,133.453,1
2001-01-18,133.44,135.7,132.94,134.78,8107000.0,134.781,1
2001-01-19,136.19,136.19,133.88,134.02,7825300.0,134.016,1
2001-01-22,134.25,135.78,133.56,134.91,7050900.0,134.906,1
2001-01-23,134.47,136.66,134.16,135.97,8463100.0,135.969,1
2001-01-24,136.25,137.31,135.84,136.38,6199900.0,136.375,1
2001-01-25,136.25,137.25,135.66,136.03,10818300.0,136.031,1
2001-01-26,135.16,136.13,134.45,135.88,7135400.0,135.875,1
2001-01-29,135.5,136.9,135.37,136.6,6705900.0,136.6,1
2001-01-30,136.3,137.92,135.79,137.8,7069100.0,137.8,1
2001-01-31,137.4,138.7,136.6,137.02,9706900.0,137.02,1
2001-02-01,137.1,137.95,136.25,137.93,8239600.0,137.93,1
2001-02-02,137.4,137.99,134.75,134.8,8276700.0,134.8,1
2001-02-05,134.8,135.94,134.75,135.79,4352900.0,135.79,1
2001-02-06,135.3,136.7,135.22,135.39,7106700.0,135.39,1
2001-02-07,134.72,135.4,133.68,134.69,5748700.0,134.69,1
2001-02-08,134.8,135.4,133.1,133.12,5943300.0,133.12,1
2001-02-09,133.35,133.35,131.26,131.84,9913000.0,131.84,1
2001-02-12,131.7,133.5,131.7,133.35,5804400.0,133.35,1
2001-02-13,133.7,134.17,132.0,132.26,6587600.0,132.26,1
2001-02-14,132.63,132.65,130.66,132.06,8400100.0,132.06,1
2001-02-15,132.84,133.52,131.99,133.34,5929800.0,133.34,1
2001-02-16,131.0,131.29,129.3,130.4,6434900.0,130.4,1
2001-02-20,131.04,131.14,128.1,128.39,5760000.0,128.39,1
2001-02-21,127.9,128.84,125.5,125.62,10910800.0,125.62,1
2001-02-22,126.35,126.54,123.02,125.81,21281600.0,125.81,1
2001-02-23,125.08,125.54,121.8,124.96,20173000.0,124.96,1
2001-02-26,125.8,127.62,124.5,127.62,11503700.0,127.62,1
2001-02-27,126.8,127.84,125.51,126.44,11415200.0,126.44,1
2001-02-28,126.75,126.84,123.27,123.95,14831100.0,123.95,1
2001-03-01,124.05,124.6,121.75,124.6,14672000.0,124.6,1
2001-03-02,122.5,125.65,122.3,123.61,12564300.0,123.61,1
2001-03-05,124.15,124.78,123.81,124.74,5293200.0,124.74,1
2001-03-06,126.35,127.75,125.49,126.08,6917000.0,126.08,1
2001-03-07,126.9,127.04,125.76,126.98,6371700.0,126.98,1
2001-03-08,126.6,127.24,126.14,127.12,6055000.0,127.12,1
2001-03-09,126.1,126.1,123.11,123.36,10020300.0,123.36,1
2001-03-12,122.34,122.5,117.75,118.08,13973100.0,118.08,1
2001-03-13,119.4,120.44,117.53,120.02,12888000.0,120.02,1
2001-03-14,117.05,119.29,115.75,117.65,19883400.0,117.65,1
2001-03-15,118.45,118.86,117.36,117.68,10370300.0,117.68,1
2001-03-16,117.13,117.4,114.81,115.01,58515700.0,115.01,1
2001-03-19,115.76,117.69,114.82,117.35,10067800.0,117.35,1
2001-03-20,117.9,118.46,114.11,114.2,15086900.0,114.2,1
2001-03-21,114.18,115.26,111.9,112.26,19004700.0,112.26,1
2001-03-22,112.02,112.6,108.04,111.12,28626600.0,111.12,1
2001-03-23,113.25,114.66,111.5,114.48,12861700.0,114.48,1
2001-03-26,115.7,116.27,114.77,115.94,9944800.0,115.94,1
2001-03-27,115.62,118.65,115.28,118.31,12882000.0,118.31,1
2001-03-28,116.9,116.95,114.9,115.04,10953300.0,115.04,1
2001-03-29,114.7,116.5,112.14,115.48,12061600.0,115.48,1
2001-03-30,115.55,116.69,114.5,116.69,9183600.0,116.69,1
2001-04-02,116.3,117.38,113.8,114.2,10561000.0,114.2,1
2001-04-03,113.98,114.15,110.06,110.39,12838000.0,110.39,1
2001-04-04,110.58,112.1,109.3,110.85,14887300.0,110.85,1
2001-04-05,113.3,115.49,112.5,115.05,21528500.0,115.05,1
2001-04-06,113.99,114.4,112.06,113.3,14937800.0,113.3,1
2001-04-09,114.0,114.99,112.78,114.56,9036900.0,114.56,1
2001-04-10,115.45,117.75,115.17,116.65,17877100.0,116.65,1
2001-04-11,118.78,118.99,116.14,116.73,12735100.0,116.73,1
2001-04-12,116.3,118.94,115.96,118.85,9233200.0,118.85,1
2001-04-16,118.29,118.89,116.91,117.6,7351000.0,117.6,1
2001-04-17,117.31,119.66,117.02,119.26,10690200.0,119.26,1
2001-04-18,121.06,126.0,120.69,124.0,32495000.0,124.0,1
2001-04-19,124.25,125.84,123.58,125.65,13810800.0,125.65,1
2001-04-20,124.9,125.4,123.66,124.5,7626700.0,124.5,1
2001-04-23,123.65,123.89,121.91,122.24,8451800.0,122.24,1
2001-04-24,122.52,123.65,121.1,121.58,10046800.0,121.58,1
2001-04-25,121.42,123.67,120.95,123.17,8249000.0,123.17,1
2001-04-26,123.73,125.22,123.5,123.72,10590700.0,123.72,1
2001-04-27,124.92,125.84,124.2,125.78,8048900.0,125.78,1
2001-04-30,126.45,127.27,124.67,124.91,10766900.0,124.91,1
2001-05-01,125.07,127.15,124.6,127.05,10578300.0,127.05,1
2001-05-02,127.41,127.69,126.0,126.82,9572900.0,126.82,1
2001-05-03,126.13,126.15,124.22,125.21,9926200.0,125.21,1
2001-05-04,123.65,127.35,123.44,127.34,12145300.0,127.34,1
2001-05-07,126.86,127.38,126.23,126.24,7185200.0,126.24,1
2001-05-08,126.86,127.1,125.56,126.18,6952900.0,126.18,1
2001-05-09,125.25,126.55,125.06,125.65,9507400.0,125.65,1
2001-05-10,127.26,127.5,125.77,126.02,6872400.0,126.02,1
2001-05-11,126.0,126.49,124.4,125.15,7739400.0,125.15,1
2001-05-14,124.9,125.44,124.46,125.4,7914000.0,125.4,1
2001-05-15,125.55,126.5,124.85,125.98,9782500.0,125.98,1
2001-05-16,124.84,129.2,124.62,128.95,14916200.0,128.95,1
2001-05-17,129.0,130.08,128.56,129.15,11828900.0,129.15,1
2001-05-18,129.09,129.74,128.1,129.74,6683300.0,129.74,1
2001-05-21,129.84,131.84,129.15,131.65,11532100.0,131.65,1
2001-05-22,131.83,132.09,131.07,131.48,8343200.0,131.48,1
2001-05-23,131.05,131.05,129.25,129.25,12331000.0,129.25,1
2001-05-24,129.47,130.0,128.55,129.63,7906300.0,129.63,1
2001-05-25,129.65,129.7,127.9,128.1,7425000.0,128.1,1
2001-05-29,128.23,128.35,126.9,127.08,9012300.0,127.08,1
2001-05-30,126.59,127.09,125.0,125.3,10041800.0,125.3,1
2001-05-31,125.43,126.76,125.26,125.95,9875200.0,125.95,1
2001-06-01,126.2,127.1,125.12,126.73,8848300.0,126.73,1
2001-06-04,126.8,127.43,126.08,127.34,5634700.0,127.34,1
2001-06-05,127.49,129.23,127.27,128.8,9115900.0,128.8,1
2001-06-06,128.83,128.83,127.36,127.73,12067600.0,127.73,1
2001-06-07,127.05,128.35,127.0,128.19,7358900.0,128.19,1
2001-06-08,127.7,127.87,126.14,127.0,8170600.0,127.0,1
2001-06-11,126.71,126.99,125.41,126.1,7012200.0,126.1,1
2001-06-12,124.86,126.74,124.04,125.88,9369200.0,125.88,1
2001-06-13,126.17,126.58,124.65,124.8,7629600.0,124.8,1
2001-06-14,124.18,124.3,121.75,122.0,12603300.0,122.0,1
2001-06-15,120.91,122.4,120.4,121.85,16821300.0,121.85,1
2001-06-18,121.65,122.44,120.91,121.26,11376600.0,121.26,1
2001-06-19,122.38,122.89,120.89,121.79,7732300.0,121.79,1
2001-06-20,121.19,122.86,121.1,122.43,8787200.0,122.43,1
2001-06-21,122.22,124.31,122.15,123.82,12259100.0,123.82,1
2001-06-22,123.49,123.6,122.16,122.85,12212000.0,122.85,1
2001-06-25,123.28,123.44,121.5,121.72,8406800.0,121.72,1
2001-06-26,120.9,122.39,120.57,121.55,8006900.0,121.55,1
2001-06-27,121.6,122.24,120.91,121.48,10105100.0,121.48,1
2001-06-28,122.0,123.94,121.93,122.15,10271000.0,122.15,1
2001-06-29,122.8,124.01,122.26,122.6,9824200.0,122.6,1
2001-07-02,122.8,124.32,122.62,124.13,8522400.0,124.13,1
2001-07-03,123.98,124.1,123.05,124.1,3303100.0,124.1,1
2001-07-05,123.07,123.65,121.66,121.68,5520900.0,121.68,1
2001-07-06,121.31,121.49,119.05,119.05,11666200.0,119.05,1
2001-07-09,119.49,120.54,119.2,119.7,8340500.0,119.7,1
2001-07-10,120.29,120.64,118.21,118.26,8631900.0,118.26,1
2001-07-11,118.1,118.89,117.09,118.38,15374000.0,118.38,1
2001-07-12,119.5,121.47,119.31,121.19,12004800.0,121.19,1
2001-07-13,120.84,122.32,120.62,122.24,10433800.0,122.24,1
2001-07-16,121.77,122.28,120.29,120.71,6915300.0,120.71,1
2001-07-17,120.2,121.95,119.83,121.84,7470300.0,121.84,1
2001-07-18,120.56,121.64,120.06,121.01,7710300.0,121.01,1
2001-07-19,122.18,122.98,120.76,122.07,10083000.0,122.07,1
2001-07-20,121.15,121.94,120.92,121.34,6705800.0,121.34,1
2001-07-23,121.8,121.88,118.95,118.95,8067200.0,118.95,1
2001-07-24,119.0,119.2,116.75,117.8,12271000.0,117.8,1
2001-07-25,117.92,119.48,117.46,119.1,12090900.0,119.1,1
2001-07-26,119.06,120.85,118.56,120.35,12930100.0,120.35,1
2001-07-27,120.83,121.35,119.91,120.81,8481800.0,120.81,1
2001-07-30,121.19,121.35,120.3,120.85,8547700.0,120.85,1
2001-07-31,121.0,122.68,120.8,121.35,11918600.0,121.35,1
2001-08-01,121.97,122.7,121.55,122.11,11941800.0,122.11,1
2001-08-02,123.23,123.25,121.89,122.61,11070200.0,122.61,1
2001-08-03,122.36,122.36,120.9,121.94,10817900.0,121.94,1
2001-08-06,121.35,121.51,120.1,120.3,8550400.0,120.3,1
2001-08-07,120.27,121.2,119.91,120.77,8865100.0,120.77,1
2001-08-08,120.12,121.16,118.43,118.53,15183800.0,118.53,1
2001-08-09,118.7,118.97,117.86,118.88,14118500.0,118.88,1
2001-08-10,118.8,119.84,117.34,119.29,11173300.0,119.29,1
2001-08-13,119.6,119.85,118.82,119.32,7435400.0,119.32,1
2001-08-14,120.14,120.35,118.8,119.27,13178100.0,119.27,1
2001-08-15,119.23,119.61,118.08,118.24,8520600.0,118.24,1
2001-08-16,117.8,118.75,117.0,118.65,10735800.0,118.65,1
2001-08-17,117.65,117.87,116.01,116.75,11604600.0,116.75,1
2001-08-20,116.8,117.9,116.55,117.83,10417400.0,117.83,1
2001-08-21,117.8,118.54,115.8,115.82,14420400.0,115.82,1
2001-08-22,116.75,117.43,115.78,117.02,11752900.0,117.02,1
2001-08-23,116.96,117.52,116.49,116.6,8707600.0,116.6,1
2001-08-24,117.21,119.13,116.74,119.02,11688900.0,119.02,1
2001-08-27,118.97,119.2,118.26,118.31,7428100.0,118.31,1
2001-08-28,118.28,118.49,116.58,116.58,12046600.0,116.58,1
2001-08-29,117.13,117.18,115.17,115.54,16181800.0,115.54,1
2001-08-30,114.85,115.74,112.04,113.32,17693300.0,113.32,1
2001-08-31,113.4,114.77,113.13,114.15,15985700.0,114.15,1
2001-09-04,113.85,116.17,113.37,113.42,24476400.0,113.42,1
2001-09-05,113.7,114.19,111.95,113.7,21477700.0,113.7,1
2001-09-06,112.65,113.3,110.77,110.77,21655500.0,110.77,1
2001-09-07,110.02,111.25,108.63,108.72,33133900.0,108.72,1
2001-09-10,107.7,110.35,107.7,110.05,23409000.0,110.05,1
2001-09-17,101.0,106.4,100.0,104.3,32393800.0,104.3,1
2001-09-18,104.33,105.3,103.36,104.05,22029200.0,104.05,1
2001-09-19,104.1,104.5,98.56,101.95,42772100.0,101.95,1
2001-09-20,100.4,101.81,98.57,98.71,36212800.0,98.71,1
2001-09-21,94.05,98.99,93.8,97.28,49783500.0,97.28,1
2001-09-24,99.73,101.16,99.06,100.7,25549900.0,100.7,1
2001-09-25,100.75,102.0,99.9,101.75,25466200.0,101.75,1
2001-09-26,102.35,102.4,100.43,101.39,18587700.0,101.39,1
2001-09-27,101.25,102.29,100.0,102.27,20536800.0,102.27,1
2001-09-28,102.98,104.6,102.5,104.44,21787700.0,104.44,1
2001-10-01,103.9,104.32,102.83,104.27,20457800.0,104.27,1
2001-10-02,104.0,105.58,103.65,105.58,19833600.0,105.58,1
2001-10-03,104.6,107.88,104.35,107.35,32070900.0,107.35,1
2001-10-04,108.29,108.97,106.75,107.44,32676200.0,107.44,1
2001-10-05,107.25,107.62,105.52,107.23,29830200.0,107.23,1
2001-10-08,106.28,107.3,105.87,106.53,12971200.0,106.53,1
2001-10-09,106.61,106.75,105.6,105.96,15976300.0,105.96,1
2001-10-10,105.8,108.55,105.52,108.32,19992400.0,108.32,1
2001-10-11,108.95,110.3,108.95,110.0,23011600.0,110.0,1
2001-10-12,109.15,109.89,107.3,109.5,31363500.0,109.5,1
2001-10-15,108.63,109.45,108.06,109.3,16875000.0,109.3,1
2001-10-16,109.8,110.62,108.95,109.99,15885900.0,109.99,1
2001-10-17,111.07,111.15,107.65,107.65,28601700.0,107.65,1
2001-10-18,107.82,108.16,106.75,107.42,16521100.0,107.42,1
2001-10-19,107.0,107.91,106.01,107.35,21916300.0,107.35,1
2001-10-22,107.3,109.57,107.21,109.47,17571200.0,109.47,1
2001-10-23,109.96,110.28,108.38,108.91,22064500.0,108.91,1
2001-10-24,108.98,109.45,108.22,108.62,16065400.0,108.62,1
2001-10-25,107.45,110.6,106.74,110.57,27504000.0,110.57,1
2001-10-26,109.95,111.79,109.67,110.32,18623700.0,110.32,1
2001-10-29,110.16,110.55,107.45,107.45,18743900.0,107.45,1
2001-10-30,107.35,107.7,105.56,106.16,26203400.0,106.16,1
2001-10-31,106.9,107.86,105.8,105.8,28132000.0,105.8,1
2001-11-01,106.6,109.01,105.7,108.51,29807300.0,108.51,1
2001-11-02,108.44,109.38,107.87,109.25,17577900.0,109.25,1
2001-11-05,110.12,111.09,109.95,110.68,16100900.0,110.68,1
2001-11-06,110.35,112.48,109.85,112.4,23248100.0,112.4,1
2001-11-07,111.77,113.12,111.64,112.25,19717800.0,112.25,1
2001-11-08,112.87,114.08,111.9,112.6,22749200.0,112.6,1
2001-11-09,112.25,112.96,111.44,112.72,15897500.0,112.72,1
2001-11-12,111.0,112.65,110.0,112.03,26096600.0,112.03,1
2001-11-13,113.44,114.55,113.18,114.55,15347100.0,114.55,1
2001-11-14,115.17,115.4,113.71,114.66,17595500.0,114.66,1
2001-11-15,114.37,115.18,113.93,114.87,19472500.0,114.87,1
2001-11-16,115.08,115.1,113.4,114.36,18135900.0,114.36,1
2001-11-19,114.92,115.85,114.45,115.77,13683800.0,115.77,1
2001-11-20,115.37,115.8,114.64,114.8,16223000.0,114.8,1
2001-11-21,114.5,114.67,113.51,114.04,11471100.0,114.04,1
2001-11-23,114.04,115.75,114.0,115.68,6716900.0,115.68,1
2001-11-26,115.75,116.34,115.07,115.93,13729700.0,115.93,1
2001-11-27,115.62,116.9,114.09,115.43,19266400.0,115.43,1
2001-11-28,114.74,115.17,113.25,113.34,20247200.0,113.34,1
2001-11-29,113.66,114.92,113.0,114.87,17267900.0,114.87,1
2001-11-30,114.4,114.91,114.02,114.05,13680400.0,114.05,1
2001-12-03,113.65,114.08,113.01,113.37,15220400.0,113.37,1
2001-12-04,113.92,115.3,113.35,115.29,17245800.0,115.29,1
2001-12-05,115.61,118.0,115.56,117.4,25204000.0,117.4,1
2001-12-06,117.35,117.94,116.93,117.34,17972900.0,117.34,1
2001-12-07,116.9,117.09,115.7,116.56,18908000.0,116.56,1
2001-12-10,115.85,116.39,114.35,114.38,13862800.0,114.38,1
2001-12-11,114.9,115.72,113.9,114.15,20833500.0,114.15,1
2001-12-12,114.55,114.78,113.11,114.28,16172400.0,114.28,1
2001-12-13,113.45,113.7,112.04,112.06,19037900.0,112.06,1
2001-12-14,112.33,113.49,112.0,113.13,16723100.0,113.13,1
2001-12-17,112.99,114.36,112.9,114.3,13947300.0,114.3,1
2001-12-18,114.63,115.15,114.34,114.98,13664000.0,114.98,1
2001-12-19,114.09,115.92,114.0,115.79,20147400.0,115.79,1
2001-12-20,115.5,115.8,114.55,114.65,14867900.0,114.65,1
2001-12-21,115.03,115.07,114.2,114.95,14042700.0,114.95,1
2001-12-24,114.83,115.04,114.61,114.73,5728800.0,114.73,1
2001-12-26,114.65,116.21,114.65,115.36,10307900.0,115.36,1
2001-12-27,115.3,116.08,115.26,116.06,9407300.0,116.06,1
2001-12-28,116.29,116.75,115.92,116.0,10593800.0,116.0,1
2001-12-31,116.15,116.39,114.23,114.3,14620200.0,114.3,1
2002-01-02,115.11,115.75,113.81,115.53,18652200.0,115.53,1
2002-01-03,115.65,116.95,115.54,116.84,15743100.0,116.84,1
2002-01-04,117.17,117.98,116.55,117.62,20140700.0,117.62,1
2002-01-07,117.7,117.99,116.56,116.79,13106500.0,116.79,1
2002-01-08,116.8,117.06,115.97,116.52,12687200.0,116.52,1
2002-01-09,116.68,117.78,115.34,115.57,16616900.0,115.57,1
2002-01-10,115.69,116.35,115.3,116.08,12823400.0,116.08,1
2002-01-11,116.21,116.28,114.7,114.94,13708500.0,114.94,1
2002-01-14,114.65,114.84,113.96,114.22,12304300.0,114.22,1
2002-01-15,114.55,115.39,113.9,115.15,20221400.0,115.15,1
2002-01-16,114.3,114.4,112.69,112.82,17077200.0,112.82,1
2002-01-17,113.76,114.24,113.4,113.67,17707900.0,113.67,1
2002-01-18,113.0,113.85,112.67,113.15,17028200.0,113.15,1
2002-01-22,113.75,113.93,112.02,112.37,11691000.0,112.37,1
2002-01-23,112.63,113.55,112.02,113.23,12439100.0,113.23,1
2002-01-24,113.64,114.25,113.32,113.58,12163100.0,113.58,1
2002-01-25,113.12,114.18,113.04,113.55,12810700.0,113.55,1
2002-01-28,113.9,114.19,112.92,113.86,10589500.0,113.86,1
2002-01-29,113.85,114.13,110.05,110.28,27736100.0,110.28,1
2002-01-30,110.39,111.87,108.4,111.87,34712000.0,111.87,1
2002-01-31,112.15,113.3,111.62,113.18,19910100.0,113.18,1
2002-02-01,113.09,113.3,112.17,112.65,15838500.0,112.65,1
2002-02-04,112.23,112.23,109.45,109.85,24247500.0,109.85,1
2002-02-05,109.4,110.5,108.53,109.17,33614000.0,109.17,1
2002-02-06,109.65,109.74,108.06,108.7,29670400.0,108.7,1
2002-02-07,108.72,109.86,108.0,108.02,23450200.0,108.02,1
2002-02-08,108.63,110.75,108.3,110.09,19278100.0,110.09,1
2002-02-11,110.05,111.64,109.82,111.44,18792400.0,111.44,1
2002-02-12,110.96,111.71,110.03,111.09,13942500.0,111.09,1
2002-02-13,111.48,112.54,111.35,112.27,16791900.0,112.27,1
2002-02-14,112.51,112.97,111.59,112.06,20458200.0,112.06,1
2002-02-15,112.15,112.24,110.71,110.89,18394600.0,110.89,1
2002-02-19,110.15,110.3,108.61,108.76,15998300.0,108.76,1
2002-02-20,109.05,110.59,107.82,110.59,29247100.0,110.59,1
2002-02-21,109.93,110.63,108.26,108.3,26292800.0,108.3,1
2002-02-22,108.35,109.94,107.87,109.64,26572900.0,109.64,1
2002-02-25,109.75,111.81,109.7,111.45,17459600.0,111.45,1
2002-02-26,111.6,112.04,110.57,111.22,22362900.0,111.22,1
2002-02-27,111.96,112.86,110.65,111.65,28597900.0,111.65,1
2002-02-28,111.83,112.75,111.03,111.15,23755500.0,111.15,1
2002-03-01,111.72,113.85,111.51,113.74,26186600.0,113.74,1
2002-03-04,113.9,115.99,113.65,115.75,27187800.0,115.75,1
2002-03-05,115.33,116.4,114.97,115.38,22733500.0,115.38,1
2002-03-06,115.1,117.15,115.08,116.75,20169700.0,116.75,1
2002-03-07,117.36,117.5,115.57,116.5,19331900.0,116.5,1
2002-03-08,117.38,117.91,116.48,116.99,19930800.0,116.99,1
2002-03-11,116.89,117.9,116.43,117.24,15622100.0,117.24,1
2002-03-12,116.11,117.25,115.94,117.17,17155000.0,117.17,1
2002-03-13,116.63,116.75,115.64,116.04,17176600.0,116.04,1
2002-03-14,116.04,116.43,115.63,115.88,11169600.0,115.88,1
2002-03-15,115.97,116.95,115.9,116.65,21222100.0,116.65,1
2002-03-18,117.1,117.57,116.1,116.67,17558000.0,116.67,1
2002-03-19,117.3,117.74,116.82,117.45,17913600.0,117.45,1
2002-03-20,116.5,116.58,115.19,115.24,17128200.0,115.24,1
2002-03-21,115.3,115.83,114.12,115.29,26888800.0,115.29,1
2002-03-22,115.5,115.94,114.7,115.04,15235400.0,115.04,1
2002-03-25,115.09,115.36,113.3,113.61,17507200.0,113.61,1
2002-03-26,113.52,115.02,113.47,114.27,19950600.0,114.27,1
2002-03-27,114.03,115.01,113.76,114.57,19021400.0,114.57,1
2002-03-28,114.97,115.77,114.5,114.52,17535900.0,114.52,1
2002-04-01,114.23,115.1,113.5,114.57,17714000.0,114.57,1
2002-04-02,113.98,114.95,113.77,113.94,15596700.0,113.94,1
2002-04-03,114.01,114.22,112.16,113.14,25662700.0,113.14,1
2002-04-04,112.6,113.4,112.23,112.67,23561400.0,112.67,1
2002-04-05,113.19,113.63,112.18,112.69,19404900.0,112.69,1
2002-04-08,111.32,113.03,111.23,112.93,16476200.0,112.93,1
2002-04-09,113.19,113.19,111.93,112.14,15122700.0,112.14,1
2002-04-10,112.1,113.54,112.09,113.41,17204500.0,113.41,1
2002-04-11,112.89,113.05,110.5,110.59,25460200.0,110.59,1
2002-04-12,111.03,111.65,110.57,111.42,14950600.0,111.42,1
2002-04-15,111.62,111.86,110.2,110.57,17403600.0,110.57,1
2002-04-16,111.7,113.32,111.67,113.2,15098400.0,113.2,1
2002-04-17,113.39,113.67,112.6,112.96,12928600.0,112.96,1
2002-04-18,112.9,113.46,111.15,112.47,25219800.0,112.47,1
2002-04-19,113.2,113.24,112.56,112.88,10602500.0,112.88,1
2002-04-22,112.38,112.43,110.84,111.0,13924500.0,111.0,1
2002-04-23,111.09,111.48,110.17,110.52,16973800.0,110.52,1
2002-04-24,110.56,111.81,109.4,109.41,18903900.0,109.41,1
2002-04-25,109.21,109.74,108.72,109.47,25456900.0,109.47,1
2002-04-26,109.79,110.01,107.29,107.39,19770000.0,107.39,1
2002-04-29,107.93,108.26,106.63,106.86,17725600.0,106.86,1
2002-04-30,107.02,108.64,106.64,107.86,19475300.0,107.86,1
2002-05-01,107.97,109.25,106.8,109.18,24581100.0,109.18,1
2002-05-02,109.1,109.91,107.78,108.76,15667300.0,108.76,1
2002-05-03,108.6,108.76,107.2,107.58,18186000.0,107.58,1
2002-05-06,107.65,108.0,105.31,105.47,23911200.0,105.47,1
2002-05-07,106.11,106.32,104.9,105.1,22173500.0,105.1,1
2002-05-08,107.05,109.36,106.79,109.01,27918600.0,109.01,1
2002-05-09,108.65,109.1,107.58,107.75,18087300.0,107.75,1
2002-05-10,107.97,108.05,105.6,105.72,18959500.0,105.72,1
2002-05-13,106.22,107.95,105.8,107.87,14687000.0,107.87,1
2002-05-14,109.62,110.37,109.0,110.22,34224900.0,110.22,1
2002-05-15,109.5,110.91,109.29,109.79,29539200.0,109.79,1
2002-05-16,109.7,110.48,109.33,110.36,28097400.0,110.36,1
2002-05-17,110.66,111.25,110.1,110.9,27823700.0,110.9,1
2002-05-20,110.64,110.69,109.49,109.7,13834200.0,109.7,1
2002-05-21,110.11,110.49,108.32,108.7,16878100.0,108.7,1
2002-05-22,108.22,109.12,108.0,108.94,15845100.0,108.94,1
2002-05-23,109.26,110.36,108.48,110.1,13881600.0,110.1,1
2002-05-24,109.98,110.21,108.61,108.69,11876600.0,108.69,1
2002-05-28,109.05,109.13,107.45,108.1,24237200.0,108.1,1
2002-05-29,107.63,108.02,107.13,107.3,14779300.0,107.3,1
2002-05-30,106.55,107.51,105.9,107.0,18218100.0,107.0,1
2002-05-31,107.4,108.56,106.85,107.22,19826300.0,107.22,1
2002-06-03,107.09,107.6,104.13,104.37,26074700.0,104.37,1
2002-06-04,104.15,105.2,103.55,104.63,25872100.0,104.63,1
2002-06-05,104.95,105.67,104.35,105.61,19718500.0,105.61,1
2002-06-06,105.54,105.6,103.15,103.46,23369900.0,103.46,1
2002-06-07,101.79,103.92,101.72,103.34,24011600.0,103.34,1
2002-06-10,103.24,104.46,103.02,103.74,18760200.0,103.74,1
2002-06-11,104.13,104.54,101.73,101.96,19992200.0,101.96,1
2002-06-12,101.71,102.81,100.78,102.58,31273400.0,102.58,1
2002-06-13,102.13,103.0,101.34,101.55,21052400.0,101.55,1
2002-06-14,100.31,101.56,98.5,101.4,39267500.0,101.4,1
2002-06-17,101.92,104.34,101.85,104.12,17649000.0,104.12,1
2002-06-18,103.74,105.03,103.63,104.97,21860800.0,104.97,1
2002-06-19,103.5,104.43,102.24,102.52,21550900.0,102.52,1
2002-06-20,102.27,103.05,100.96,101.21,25762400.0,101.21,1
2002-06-21,100.47,100.93,98.69,99.28,31191400.0,99.28,1
2002-06-24,98.61,100.69,97.25,99.8,37173800.0,99.8,1
2002-06-25,100.3,100.89,97.54,97.56,33419000.0,97.56,1
2002-06-26,95.2,98.15,95.19,97.72,37928400.0,97.72,1
2002-06-27,98.5,99.49,96.57,99.43,31729100.0,99.43,1
2002-06-28,99.24,100.5,98.88,98.96,28185600.0,98.96,1
2002-07-01,99.19,99.8,96.89,97.03,20282900.0,97.03,1
2002-07-02,96.87,97.2,94.77,94.97,34219100.0,94.97,1
2002-07-03,94.62,95.84,93.73,95.51,30571900.0,95.51,1
2002-07-05,96.78,99.53,96.67,99.31,19014900.0,99.31,1
2002-07-08,98.98,99.7,97.56,98.07,19123100.0,98.07,1
2002-07-09,97.73,98.34,95.01,95.6,28636000.0,95.6,1
2002-07-10,96.0,96.07,92.04,92.12,50533700.0,92.12,1
2002-07-11,91.76,93.35,90.32,92.87,59537700.0,92.87,1
2002-07-12,93.33,93.89,91.52,91.85,39026100.0,91.85,1
2002-07-15,91.64,92.4,87.89,92.34,77322900.0,92.34,1
2002-07-16,91.13,92.38,89.87,90.56,53293100.0,90.56,1
2002-07-17,92.46,93.3,89.75,90.74,49016200.0,90.74,1
2002-07-18,90.7,91.1,87.75,87.8,32721600.0,87.8,1
2002-07-19,86.77,87.55,84.3,84.71,77712000.0,84.71,1
2002-07-22,84.11,85.91,81.45,82.2,78252700.0,82.2,1
2002-07-23,82.55,83.24,79.75,79.95,74520500.0,79.95,1
2002-07-24,78.14,85.12,77.68,84.72,107023100.0,84.72,1
2002-07-25,84.28,85.85,81.6,84.0,87195600.0,84.0,1
2002-07-26,84.65,85.93,83.8,85.6,41211700.0,85.6,1
2002-07-29,87.51,90.34,87.3,89.77,53498500.0,89.77,1
2002-07-30,89.32,91.4,88.72,90.94,47570000.0,90.94,1
2002-07-31,90.5,91.55,89.25,91.16,44719500.0,91.16,1
2002-08-01,90.88,91.35,88.33,88.78,66576300.0,88.78,1
2002-08-02,88.5,88.92,85.62,86.79,51831200.0,86.79,1
2002-08-05,86.5,86.93,83.55,83.77,47199500.0,83.77,1
2002-08-06,85.23,87.9,85.05,86.59,65257800.0,86.59,1
2002-08-07,87.88,88.5,85.77,88.1,43720300.0,88.1,1
2002-08-08,88.42,91.1,87.8,90.95,48380400.0,90.95,1
2002-08-09,90.1,91.94,89.35,91.29,41880600.0,91.29,1
2002-08-12,90.0,91.27,89.55,90.62,25858300.0,90.62,1
2002-08-13,90.15,91.66,88.65,88.97,49637500.0,88.97,1
2002-08-14,89.02,92.63,88.02,92.22,57437000.0,92.22,1
2002-08-15,92.85,93.99,92.2,93.5,45653700.0,93.5,1
2002-08-16,92.82,94.08,92.0,93.22,36518800.0,93.22,1
2002-08-19,93.46,95.75,93.1,95.4,33676900.0,95.4,1
2002-08-20,94.82,95.4,93.62,94.39,30513600.0,94.39,1
2002-08-21,95.06,95.78,93.57,95.75,39635600.0,95.75,1
2002-08-22,95.49,97.15,95.07,96.68,38404300.0,96.68,1
2002-08-23,96.02,96.15,94.15,94.6,33717800.0,94.6,1
2002-08-26,94.91,95.64,93.5,95.26,33832800.0,95.26,1
2002-08-27,95.7,96.25,93.5,94.16,46036700.0,94.16,1
2002-08-28,93.29,93.49,91.8,92.1,38983800.0,92.1,1
2002-08-29,91.27,93.06,90.81,92.14,42968100.0,92.14,1
2002-08-30,91.69,93.39,91.4,91.78,30371500.0,91.78,1
2002-09-03,90.73,91.0,88.15,88.28,76692300.0,88.28,1
2002-09-04,88.61,90.25,88.06,89.54,51100600.0,89.54,1
2002-09-05,88.49,89.43,87.5,88.78,67335200.0,88.78,1
2002-09-06,89.75,90.57,89.35,90.0,38622900.0,90.0,1
2002-09-09,89.1,91.35,88.8,90.66,34078600.0,90.66,1
2002-09-10,91.14,91.78,90.56,91.7,41430300.0,91.7,1
2002-09-11,92.47,93.33,91.1,91.13,27746100.0,91.13,1
2002-09-12,90.75,90.84,88.99,89.45,43639100.0,89.45,1
2002-09-13,88.7,89.9,88.25,89.67,41131300.0,89.67,1
2002-09-16,89.32,89.89,88.47,89.89,28170800.0,89.89,1
2002-09-17,90.89,91.19,87.75,87.83,47770000.0,87.83,1
2002-09-18,87.02,88.5,86.28,86.95,54847500.0,86.95,1
2002-09-19,86.0,86.8,84.7,84.7,48524600.0,84.7,1
2002-09-20,84.92,85.2,84.05,84.35,46326200.0,84.35,1
2002-09-23,83.65,84.07,82.69,83.66,46913200.0,83.66,1
2002-09-24,82.44,83.65,81.85,82.31,69598900.0,82.31,1
2002-09-25,83.37,84.77,82.04,84.35,59297300.0,84.35,1
2002-09-26,85.02,85.97,84.45,85.73,53672400.0,85.73,1
2002-09-27,85.0,85.63,82.75,82.75,64778400.0,82.75,1
2002-09-30,82.0,82.8,80.01,81.79,73096500.0,81.79,1
2002-10-01,82.44,85.77,81.47,85.72,67278500.0,85.72,1
2002-10-02,84.69,85.53,82.6,83.15,56850900.0,83.15,1
2002-10-03,83.14,84.6,81.95,82.31,55568900.0,82.31,1
2002-10-04,82.8,82.92,79.58,80.8,68725100.0,80.8,1
2002-10-07,80.06,81.2,78.55,79.13,53197600.0,79.13,1
2002-10-08,79.81,81.31,78.2,80.37,79535200.0,80.37,1
2002-10-09,79.09,79.7,77.78,78.1,79918900.0,78.1,1
2002-10-10,77.94,81.07,77.07,80.63,76784800.0,80.63,1
2002-10-11,82.1,84.73,81.82,84.16,82323000.0,84.16,1
2002-10-14,83.2,84.85,83.04,84.63,40644700.0,84.63,1
2002-10-15,86.99,88.72,86.86,88.7,82460100.0,88.7,1
2002-10-16,87.42,87.8,85.92,86.55,63588600.0,86.55,1
2002-10-17,88.87,89.3,87.85,88.27,68608100.0,88.27,1
2002-10-18,87.65,89.11,86.93,88.64,47563900.0,88.64,1
2002-10-21,88.12,90.5,87.57,90.17,45977500.0,90.17,1
2002-10-22,89.05,90.01,88.52,89.52,41217400.0,89.52,1
2002-10-23,88.77,90.27,87.68,90.2,55102700.0,90.2,1
2002-10-24,90.75,90.9,88.1,88.36,55305700.0,88.36,1
2002-10-25,88.22,90.39,87.94,90.2,43735200.0,90.2,1
2002-10-28,91.15,91.29,88.85,89.61,39428500.0,89.61,1
2002-10-29,89.08,89.49,87.0,88.57,59535800.0,88.57,1
2002-10-30,88.68,89.96,88.23,89.43,41707400.0,89.43,1
2002-10-31,89.66,90.3,88.19,88.52,41623000.0,88.52,1
2002-11-01,88.35,90.82,88.05,90.27,51905100.0,90.27,1
2002-11-04,91.8,92.94,90.9,91.13,49084800.0,91.13,1
2002-11-05,90.84,92.07,90.84,91.85,37291500.0,91.85,1
2002-11-06,92.48,93.07,90.79,93.04,65347600.0,93.04,1
2002-11-07,92.03,92.22,90.22,90.76,51582000.0,90.76,1
2002-11-08,90.53,91.57,89.52,89.65,37911900.0,89.65,1
2002-11-11,89.52,89.56,87.8,88.26,33598500.0,88.26,1
2002-11-12,88.66,89.93,88.37,88.96,37775500.0,88.96,1
2002-11-13,88.32,89.75,87.45,89.05,63916100.0,89.05,1
2002-11-14,90.07,91.0,89.76,90.73,31988900.0,90.73,1
2002-11-15,90.0,91.55,89.95,91.4,39166800.0,91.4,1
2002-11-18,92.15,92.15,90.35,90.48,29019400.0,90.48,1
2002-11-19,90.02,91.1,89.76,90.36,32814800.0,90.36,1
2002-11-20,89.98,92.42,89.95,92.37,36823200.0,92.37,1
2002-11-21,92.6,94.19,92.43,94.09,55172500.0,94.09,1
2002-11-22,93.48,94.27,93.27,93.42,32515000.0,93.42,1
2002-11-25,93.43,94.26,92.77,93.48,34060600.0,93.48,1
2002-11-26,93.07,93.45,91.62,91.7,42290400.0,91.7,1
2002-11-27,92.52,94.65,92.43,94.28,37775100.0,94.28,1
2002-11-29,94.8,94.95,93.77,93.98,19385700.0,93.98,1
2002-12-02,95.47,96.05,93.22,94.13,49798600.0,94.13,1
2002-12-03,93.25,93.4,92.35,92.87,34434200.0,92.87,1
2002-12-04,91.77,93.14,91.43,92.45,64151000.0,92.45,1
2002-12-05,92.7,92.8,91.1,91.43,36825300.0,91.43,1
2002-12-06,90.12,92.17,89.98,92.03,50132600.0,92.03,1
2002-12-09,91.07,91.46,89.48,89.5,36888500.0,89.5,1
2002-12-10,90.02,91.1,89.76,90.7,33451700.0,90.7,1
2002-12-11,90.42,91.62,90.16,90.78,39207900.0,90.78,1
2002-12-12,91.2,91.49,90.2,90.77,34486300.0,90.77,1
2002-12-13,89.91,90.48,89.27,89.34,36877700.0,89.34,1
2002-12-16,89.82,91.79,89.66,91.65,37119500.0,91.65,1
2002-12-17,91.37,91.74,90.74,90.85,32405800.0,90.85,1
2002-12-18,90.32,90.4,89.33,89.8,35651300.0,89.8,1
2002-12-19,89.35,90.7,88.6,89.16,39293300.0,89.16,1
2002-12-20,89.2,90.02,89.1,89.99,31183500.0,89.99,1
2002-12-23,89.59,90.47,89.31,90.02,22645500.0,90.02,1
2002-12-24,89.59,89.86,89.25,89.36,10937000.0,89.355,1
2002-12-26,89.7,90.61,88.84,89.39,17490000.0,89.39,1
2002-12-27,88.96,89.29,87.38,87.38,22213100.0,87.38,1
2002-12-30,87.8,88.47,87.22,88.11,29972300.0,88.11,1
2002-12-31,87.99,88.43,87.11,88.23,34038300.0,88.23,1
2003-01-02,88.85,91.3,88.54,91.07,44645400.0,91.07,1
2003-01-03,90.91,91.39,90.5,91.35,32227900.0,91.35,1
2003-01-06,91.24,93.49,91.18,92.96,41009800.0,92.96,1
2003-01-07,92.9,93.37,92.2,92.73,38656800.0,92.73,1
2003-01-08,92.2,92.4,91.05,91.39,38739700.0,91.39,1
2003-01-09,91.82,93.18,91.41,92.81,34858800.0,92.81,1
2003-01-10,91.95,93.64,91.8,93.06,37773300.0,93.06,1
2003-01-13,93.54,93.86,92.44,93.03,31676800.0,93.03,1
2003-01-14,92.69,93.83,92.41,93.33,30924700.0,93.33,1
2003-01-15,93.54,93.57,91.91,92.4,33543000.0,92.4,1
2003-01-16,92.5,92.93,91.45,92.02,45381800.0,92.02,1
2003-01-17,90.99,92.3,90.15,90.66,35622700.0,90.66,1
2003-01-21,90.87,90.92,88.95,89.25,42376400.0,89.25,1
2003-01-22,88.77,89.32,88.0,88.17,42816000.0,88.17,1
2003-01-23,88.75,89.38,87.95,88.71,56082000.0,88.71,1
2003-01-24,88.59,88.68,86.17,86.38,68703000.0,86.38,1
2003-01-27,85.73,86.8,84.5,85.2,58297300.0,85.2,1
2003-01-28,85.63,86.4,85.13,85.83,46965300.0,85.83,1
2003-01-29,85.44,87.18,84.77,86.48,53780800.0,86.48,1
2003-01-30,86.79,86.88,84.4,84.43,49886700.0,84.43,1
2003-01-31,84.15,86.22,84.15,86.06,55323600.0,86.06,1
2003-02-03,86.14,86.82,85.92,86.23,39799900.0,86.23,1
2003-02-04,85.31,85.75,84.3,85.38,43762600.0,85.38,1
2003-02-05,85.75,86.54,84.49,84.85,55304300.0,84.85,1
2003-02-06,84.37,84.89,83.65,84.45,53664400.0,84.45,1
2003-02-07,84.91,84.99,82.97,83.42,43170100.0,83.42,1
2003-02-10,83.47,84.13,82.65,84.01,45476500.0,84.01,1
2003-02-11,84.37,84.71,82.83,83.43,46887400.0,83.43,1
2003-02-12,83.16,83.62,82.09,82.1,35929500.0,82.1,1
2003-02-13,82.15,82.66,81.0,82.35,58073500.0,82.35,1
2003-02-14,82.37,84.2,81.83,84.15,59590200.0,84.15,1
2003-02-18,84.53,85.8,84.39,85.63,39527000.0,85.63,1
2003-02-19,85.32,85.47,84.28,85.18,31441500.0,85.18,1
2003-02-20,85.21,85.42,84.05,84.33,29300500.0,84.33,1
2003-02-21,84.38,85.74,83.46,85.18,60965300.0,85.18,1
2003-02-24,84.93,85.0,83.59,83.8,30703600.0,83.8,1
2003-02-25,82.95,84.49,82.22,84.47,56927400.0,84.47,1
2003-02-26,84.02,84.53,83.08,83.24,37808200.0,83.24,1
2003-02-27,83.7,84.75,83.16,84.34,51834200.0,84.34,1
2003-02-28,84.47,85.23,84.16,84.9,43891400.0,84.9,1
2003-03-03,85.26,85.78,83.72,84.09,42942600.0,84.09,1
2003-03-04,83.95,84.01,82.65,82.75,31481900.0,82.75,1
2003-03-05,82.61,83.54,82.36,83.45,44110700.0,83.45,1
2003-03-06,82.87,83.52,82.47,82.75,41469400.0,82.75,1
2003-03-07,81.61,83.99,81.43,83.32,63584700.0,83.32,1
2003-03-10,82.6,82.86,81.1,81.32,41077700.0,81.32,1
2003-03-11,81.48,82.0,80.48,80.52,48128900.0,80.52,1
2003-03-12,80.38,81.1,79.38,81.06,62483800.0,81.06,1
2003-03-13,82.18,83.91,81.53,83.86,72199000.0,83.86,1
2003-03-14,84.2,84.77,83.35,84.13,63965400.0,84.13,1
2003-03-17,83.46,86.95,83.22,86.78,88316900.0,86.78,1
2003-03-18,87.15,87.35,86.28,87.29,51094700.0,87.29,1
2003-03-19,87.28,88.16,86.68,87.96,49668600.0,87.96,1
2003-03-20,87.33,88.59,86.35,88.15,67479700.0,88.15,1
2003-03-21,88.8,89.88,87.93,89.67,71267000.0,89.67,1
2003-03-24,88.02,88.14,86.35,86.69,65434500.0,86.69,1
2003-03-25,86.74,88.26,86.44,87.52,61190500.0,87.52,1
2003-03-26,87.56,87.85,86.8,87.08,45772400.0,87.08,1
2003-03-27,86.4,87.66,85.99,87.15,53294500.0,87.15,1
2003-03-28,86.47,87.28,86.25,86.71,32604600.0,86.71,1
2003-03-31,85.35,86.59,84.4,84.74,60802300.0,84.74,1
2003-04-01,85.25,86.39,84.91,86.04,53914800.0,86.04,1
2003-04-02,87.54,88.77,87.5,88.12,50507800.0,88.12,1
2003-04-03,88.87,88.99,87.65,87.7,49028500.0,87.7,1
2003-04-04,88.43,88.59,87.62,88.22,36262500.0,88.22,1
2003-04-07,90.34,90.85,87.97,88.05,69833100.0,88.05,1
2003-04-08,88.3,88.65,87.71,88.19,39753900.0,88.19,1
2003-04-09,88.36,89.1,86.77,87.03,55693900.0,87.03,1
2003-04-10,87.09,87.63,86.54,87.51,42155800.0,87.51,1
2003-04-11,88.16,88.7,86.86,87.15,47738800.0,87.15,1
2003-04-14,87.47,89.0,87.0,88.95,36967900.0,88.95,1
2003-04-15,88.84,89.78,88.42,89.78,49989400.0,89.78,1
2003-04-16,89.91,90.07,88.03,88.25,51820400.0,88.25,1
2003-04-17,88.3,89.72,88.19,89.56,37487500.0,89.56,1
2003-04-21,89.86,90.16,89.06,89.65,32085800.0,89.65,1
2003-04-22,89.1,91.56,88.89,91.34,59870000.0,91.34,1
2003-04-23,91.62,92.35,91.24,92.18,44254100.0,92.18,1
2003-04-24,91.53,92.08,90.96,91.36,50038400.0,91.36,1
2003-04-25,91.3,91.47,90.02,90.23,43926700.0,90.23,1
2003-04-28,90.44,92.19,90.3,91.79,46471900.0,91.79,1
2003-04-29,92.14,92.8,91.4,92.11,52347400.0,92.11,1
2003-04-30,91.91,92.57,91.41,91.91,48919400.0,91.91,1
2003-05-01,91.92,92.73,90.5,91.9,50419000.0,91.9,1
2003-05-02,91.56,93.47,91.49,93.21,50239900.0,93.21,1
2003-05-05,93.47,93.78,92.5,93.03,35456200.0,93.03,1
2003-05-06,93.04,94.38,93.0,93.91,44587300.0,93.91,1
2003-05-07,93.42,94.14,92.97,93.39,41443000.0,93.39,1
2003-05-08,92.52,93.34,92.28,92.45,40774900.0,92.45,1
2003-05-09,92.83,93.8,92.61,93.73,33653700.0,93.73,1
2003-05-12,93.5,95.12,93.28,94.88,35688500.0,94.88,1
2003-05-13,94.53,95.19,94.26,94.71,39299000.0,94.71,1
2003-05-14,95.09,95.24,93.91,94.51,32236900.0,94.51,1
2003-05-15,94.89,95.33,94.25,95.11,43939900.0,95.11,1
2003-05-16,94.89,95.45,94.26,94.87,38914500.0,94.87,1
2003-05-19,94.15,94.89,92.33,92.65,43242300.0,92.65,1
2003-05-20,92.82,93.03,91.6,92.46,55457600.0,92.46,1
2003-05-21,92.11,92.88,91.91,92.65,49859600.0,92.65,1
2003-05-22,92.95,94.05,92.68,93.57,38463900.0,93.57,1
2003-05-23,93.53,93.98,93.14,93.76,26158600.0,93.76,1
2003-05-27,93.3,95.84,93.18,95.4,43739500.0,95.4,1
2003-05-28,95.85,96.47,95.43,95.67,37752100.0,95.67,1
2003-05-29,95.88,96.82,95.08,95.42,50972100.0,95.42,1
2003-05-30,95.9,97.09,95.56,96.95,52546300.0,96.95,1
2003-06-02,97.53,98.45,96.67,97.35,50711700.0,97.35,1
2003-06-03,97.15,97.84,96.85,97.75,39555300.0,97.75,1
2003-06-04,97.66,99.35,97.57,99.16,49443600.0,99.16,1
2003-06-05,98.58,99.65,98.27,99.65,46432100.0,99.65,1
2003-06-06,100.4,101.4,99.13,99.26,60401100.0,99.26,1
2003-06-09,98.77,99.1,97.77,98.25,38400100.0,98.25,1
2003-06-10,98.46,99.26,98.19,99.25,30120200.0,99.25,1
2003-06-11,99.16,100.39,98.71,100.3,37641900.0,100.3,1
2003-06-12,100.75,100.9,99.62,100.61,36491400.0,100.61,1
2003-06-13,100.61,100.75,98.95,99.56,48640800.0,99.56,1
2003-06-16,99.96,101.7,99.8,101.66,36422100.0,101.66,1
2003-06-17,102.07,102.18,101.23,101.66,36824400.0,101.66,1
2003-06-18,101.29,102.14,101.0,101.57,35552200.0,101.57,1
2003-06-19,101.64,101.73,99.84,100.02,43570700.0,100.02,1
2003-06-20,100.39,100.5,99.42,99.44,41554900.0,99.44,1
2003-06-23,99.45,99.66,97.92,98.42,34344600.0,98.42,1
2003-06-24,98.22,99.06,98.02,98.52,36237900.0,98.52,1
2003-06-25,98.53,99.44,97.53,97.53,47864500.0,97.53,1
2003-06-26,97.78,98.98,96.96,98.8,33552000.0,98.8,1
2003-06-27,98.75,99.19,97.58,97.66,54216000.0,97.66,1
2003-06-30,98.22,98.67,97.47,97.63,33865300.0,97.63,1
2003-07-01,97.25,98.85,96.43,98.53,51418400.0,98.53,1
2003-07-02,98.77,99.79,98.57,99.77,34679700.0,99.77,1
2003-07-03,99.07,99.85,97.9,98.74,30868400.0,98.74,1
2003-07-07,99.65,100.9,99.65,100.7,31432300.0,100.7,1
2003-07-08,100.5,101.29,100.17,101.15,33159700.0,101.15,1
2003-07-09,100.92,101.4,100.03,100.58,36632000.0,100.58,1
2003-07-10,99.84,100.04,98.63,99.3,49850500.0,99.3,1
2003-07-11,99.39,100.45,99.39,100.24,40079100.0,100.24,1
2003-07-14,101.2,101.9,99.92,100.73,42157200.0,100.73,1
2003-07-15,101.38,101.46,99.95,100.51,63632700.0,100.51,1
2003-07-16,100.81,100.87,99.23,99.92,40217600.0,99.92,1
2003-07-17,99.15,99.88,98.16,98.5,48928600.0,98.5,1
2003-07-18,99.02,99.8,98.46,99.51,35705800.0,99.51,1
2003-07-21,99.45,99.49,97.85,98.28,35142700.0,98.28,1
2003-07-22,98.69,99.41,97.91,99.17,50010600.0,99.17,1
2003-07-23,99.21,99.45,98.28,99.24,37302100.0,99.24,1
2003-07-24,99.99,100.34,98.37,98.49,41176100.0,98.49,1
2003-07-25,98.66,100.29,98.04,100.23,43329600.0,100.23,1
2003-07-28,100.37,100.98,99.67,99.86,34417000.0,99.86,1
2003-07-29,100.14,100.27,98.68,99.4,53571600.0,99.4,1
2003-07-30,99.6,99.79,98.93,99.16,28428700.0,99.16,1
2003-07-31,99.98,100.94,99.05,99.39,59123300.0,99.39,1
2003-08-01,99.19,99.53,98.24,98.51,49326900.0,98.51,1
2003-08-04,98.31,99.0,97.0,98.51,55546900.0,98.51,1
2003-08-05,98.41,98.76,96.34,96.42,61749600.0,96.42,1
2003-08-06,96.69,98.06,96.42,96.98,51183600.0,96.98,1
2003-08-07,97.17,98.07,96.76,98.0,43549000.0,98.0,1
2003-08-08,98.32,98.55,97.76,98.28,27359700.0,98.28,1
2003-08-11,98.26,99.04,97.84,98.65,34638500.0,98.65,1
2003-08-12,98.71,99.59,98.42,99.55,43366600.0,99.55,1
2003-08-13,99.82,99.85,98.53,99.04,36158300.0,99.04,1
2003-08-14,99.1,99.75,98.51,99.31,30577500.0,99.31,1
2003-08-15,99.21,99.79,99.12,99.62,12567600.0,99.62,1
2003-08-18,99.93,100.6,99.74,100.48,22951800.0,100.48,1
2003-08-19,100.69,100.94,100.0,100.86,37460700.0,100.86,1
2003-08-20,100.29,100.89,100.16,100.45,23206200.0,100.45,1
2003-08-21,101.05,101.52,100.4,100.77,46553400.0,100.77,1
2003-08-22,101.75,101.82,99.73,99.77,52046700.0,99.77,1
2003-08-25,99.71,100.83,99.28,99.93,23495600.0,99.93,1
2003-08-26,99.5,100.39,98.83,100.11,45084500.0,100.11,1
2003-08-27,100.05,100.36,99.57,100.14,18987900.0,100.14,1
2003-08-28,100.4,101.0,99.66,100.76,27427400.0,100.76,1
2003-08-29,100.61,101.48,100.48,101.44,28721900.0,101.44,1
2003-09-02,101.64,102.88,101.05,102.8,50864300.0,102.8,1
2003-09-03,103.03,103.7,102.78,103.36,44927200.0,103.36,1
2003-09-04,103.1,103.55,102.76,103.41,28404900.0,103.41,1
2003-09-05,102.94,103.55,102.4,102.83,31656500.0,102.83,1
2003-09-08,103.04,103.88,102.93,103.68,32666300.0,103.68,1
2003-09-09,103.37,103.46,102.68,103.0,35084100.0,103.0,1
2003-09-10,102.54,102.8,101.55,101.96,45953600.0,101.96,1
2003-09-11,102.1,102.76,101.84,102.26,38801600.0,102.26,1
2003-09-12,101.91,102.64,101.35,102.45,42443200.0,102.45,1
2003-09-15,102.52,102.63,101.95,102.09,21321900.0,102.09,1
2003-09-16,102.23,103.64,102.17,103.58,37956300.0,103.58,1
2003-09-17,103.48,103.78,103.05,103.38,32073000.0,103.38,1
2003-09-18,103.4,104.7,103.17,104.6,30295300.0,104.6,1
2003-09-19,104.27,104.6,103.4,103.67,34385900.0,103.67,1
2003-09-22,102.85,102.96,102.03,102.55,36704300.0,102.55,1
2003-09-23,102.59,103.29,102.36,102.94,32514100.0,102.94,1
2003-09-24,103.12,103.22,101.07,101.11,41720700.0,101.11,1
2003-09-25,101.41,101.88,100.2,100.28,53188100.0,100.28,1
2003-09-26,100.44,100.66,99.85,99.95,42916300.0,99.95,1
2003-09-29,100.3,100.99,99.79,100.93,36793100.0,100.93,1
2003-09-30,100.48,100.76,99.25,99.95,70777300.0,99.95,1
2003-10-01,100.24,102.18,100.2,102.08,65806400.0,102.08,1
2003-10-02,101.93,102.56,101.63,102.45,44639600.0,102.45,1
2003-10-03,103.67,104.28,103.08,103.39,48822200.0,103.39,1
2003-10-06,103.48,103.99,103.2,103.86,20246500.0,103.86,1
2003-10-07,103.26,104.31,102.91,104.26,42636600.0,104.26,1
2003-10-08,104.33,104.39,103.41,104.0,30944800.0,104.0,1
2003-10-09,104.88,105.22,103.83,104.28,40100900.0,104.28,1
2003-10-10,104.27,104.6,103.91,104.57,22686200.0,104.57,1
2003-10-13,104.72,105.29,104.51,104.9,23830300.0,104.9,1
2003-10-14,104.8,105.43,104.36,105.27,38506000.0,105.27,1
2003-10-15,105.86,105.89,104.64,104.99,39893900.0,104.99,1
2003-10-16,104.68,105.73,104.65,105.41,32794000.0,105.41,1
2003-10-17,105.47,105.63,103.98,104.26,32802200.0,104.26,1
2003-10-20,104.45,105.04,103.94,105.04,27791200.0,105.04,1
2003-10-21,104.82,105.28,104.32,104.86,26768000.0,104.86,1
2003-10-22,104.03,104.19,103.19,103.54,34131200.0,103.54,1
2003-10-23,102.89,103.95,102.84,103.35,46431100.0,103.35,1
2003-10-24,102.83,103.58,102.18,103.58,51738800.0,103.58,1
2003-10-27,103.74,104.18,103.27,103.63,32335000.0,103.63,1
2003-10-28,103.98,105.15,103.82,105.04,35036600.0,105.04,1
2003-10-29,104.77,105.43,104.69,105.18,30970400.0,105.18,1
2003-10-30,105.79,105.97,104.8,105.4,39153300.0,105.4,1
2003-10-31,105.4,105.74,105.22,105.3,25765300.0,105.3,1
2003-11-03,105.75,106.61,105.71,105.99,37605700.0,105.99,1
2003-11-04,105.99,106.27,105.58,105.76,31435400.0,105.76,1
2003-11-05,105.54,105.97,104.9,105.84,33661200.0,105.84,1
2003-11-06,105.6,106.44,105.1,106.4,28414000.0,106.4,1
2003-11-07,106.64,106.72,105.57,105.61,31737600.0,105.61,1
2003-11-10,105.74,105.84,105.01,105.18,25538500.0,105.18,1
2003-11-11,105.09,105.33,104.8,105.15,26809400.0,105.15,1
2003-11-12,105.23,106.47,105.16,106.33,28064200.0,106.33,1
2003-11-13,106.01,106.54,105.78,106.36,29725100.0,106.36,1
2003-11-14,106.4,106.95,105.29,105.46,49163100.0,105.46,1
2003-11-17,104.91,105.14,104.04,104.93,44440700.0,104.93,1
2003-11-18,105.24,105.45,103.7,103.84,41169200.0,103.84,1
2003-11-19,104.03,105.01,103.92,104.72,29848600.0,104.72,1
2003-11-20,103.91,105.24,103.75,103.78,53636400.0,103.78,1
2003-11-21,104.24,104.33,103.62,104.21,30027800.0,104.21,1
2003-11-24,104.69,105.78,104.68,105.59,28975000.0,105.59,1
2003-11-25,105.71,106.42,105.45,105.99,37583300.0,105.99,1
2003-11-26,106.42,106.45,105.39,106.37,33078800.0,106.37,1
2003-11-28,106.31,106.66,106.2,106.45,10507800.0,106.45,1
2003-12-01,106.93,107.68,106.8,107.6,38711000.0,107.6,1
2003-12-02,107.43,107.77,107.07,107.33,35371400.0,107.33,1
2003-12-03,107.65,108.08,107.07,107.16,39108800.0,107.16,1
2003-12-04,107.17,107.72,106.94,107.6,36097600.0,107.6,1
2003-12-05,107.12,107.8,106.62,106.85,28847100.0,106.85,1
2003-12-08,106.74,107.64,106.68,107.57,32499200.0,107.57,1
2003-12-09,107.9,107.93,106.54,106.74,43624700.0,106.74,1
2003-12-10,106.8,106.98,105.96,106.73,36931400.0,106.73,1
2003-12-11,106.68,108.1,106.67,107.93,42476300.0,107.93,1
2003-12-12,107.99,108.2,106.65,108.14,34145300.0,108.14,1
2003-12-15,109.17,109.23,107.48,107.6,38688200.0,107.6,1
2003-12-16,107.68,108.5,107.52,108.16,32905900.0,108.16,1
2003-12-17,108.06,108.5,107.8,108.5,23206100.0,108.5,1
2003-12-18,108.55,109.73,108.39,109.72,29792100.0,109.72,1
2003-12-19,109.3,109.37,108.58,108.9,41466700.0,108.9,1
2003-12-22,108.83,109.66,108.78,109.66,27639200.0,109.66,1
2003-12-23,109.48,109.95,109.38,109.73,24756600.0,109.73,1
2003-12-24,109.52,109.88,109.43,109.62,8055800.0,109.62,1
2003-12-26,109.71,110.08,109.63,109.7,8308400.0,109.7,1
2003-12-29,110.1,111.27,109.78,111.16,22548500.0,111.16,1
2003-12-30,111.09,111.27,110.85,111.18,19584400.0,111.18,1
2003-12-31,111.22,111.52,110.84,111.28,31505600.0,111.28,1
2004-01-02,111.74,112.19,110.73,111.23,38084800.0,111.23,1
2004-01-05,111.78,112.52,111.59,112.44,27970800.0,112.44,1
2004-01-06,112.16,112.73,112.0,112.55,20506400.0,112.55,1
2004-01-07,112.35,113.06,111.89,112.93,30182100.0,112.93,1
2004-01-08,113.25,113.41,112.77,113.38,37052200.0,113.38,1
2004-01-09,112.83,113.5,112.27,112.39,54093100.0,112.39,1
2004-01-12,112.55,113.25,112.36,113.22,33568700.0,113.22,1
2004-01-13,113.09,113.23,111.76,112.56,54293200.0,112.56,1
2004-01-14,112.76,113.66,112.67,113.5,30146600.0,113.5,1
2004-01-15,113.57,114.06,112.58,113.78,38434500.0,113.78,1
2004-01-16,114.04,114.31,113.63,114.23,31926100.0,114.23,1
2004-01-20,114.53,114.65,113.82,114.2,29880600.0,114.2,1
2004-01-21,114.13,115.3,113.72,115.1,30745000.0,115.1,1
2004-01-22,115.14,115.38,114.58,114.8,29915100.0,114.8,1
2004-01-23,115.0,115.37,113.95,114.43,49968700.0,114.43,1
2004-01-26,114.44,115.93,114.38,115.87,30474700.0,115.87,1
2004-01-27,115.85,116.5,114.65,114.68,35373200.0,114.68,1
2004-01-28,114.98,115.28,112.94,113.37,52893400.0,113.37,1
2004-01-29,113.56,113.85,112.56,113.48,60120400.0,113.48,1
2004-01-30,113.52,113.72,113.09,113.48,30993800.0,113.48,1
2004-02-02,113.7,114.68,113.12,113.97,38851900.0,113.97,1
2004-02-03,113.74,114.14,113.44,113.78,25159200.0,113.78,1
2004-02-04,113.19,113.73,112.79,112.85,39630900.0,112.85,1
2004-02-05,113.08,113.54,112.78,113.18,35998100.0,113.18,1
2004-02-06,113.42,114.7,113.2,114.45,37239200.0,114.45,1
2004-02-09,114.67,114.87,114.29,114.48,24860300.0,114.48,1
2004-02-10,114.28,115.14,114.26,114.85,27933300.0,114.85,1
2004-02-11,114.8,116.39,114.66,116.07,42980700.0,116.07,1
2004-02-12,115.98,116.27,115.58,115.65,27830500.0,115.65,1
2004-02-13,115.82,116.2,114.75,115.13,44741900.0,115.13,1
2004-02-17,115.85,116.43,115.77,116.17,23990400.0,116.17,1
2004-02-18,116.2,116.6,115.35,115.66,28661000.0,115.66,1
2004-02-19,116.33,116.39,115.06,115.23,51184200.0,115.23,1
2004-02-20,115.48,115.5,114.32,114.9,39360700.0,114.947,21645
2004-02-23,115.22,115.26,114.17,114.59,36366000.0,114.59,1
2004-02-24,114.27,114.99,113.03,114.39,43960800.0,114.39,1
2004-02-25,114.46,115.06,114.32,114.86,28843000.0,114.763,22436
2004-02-26,114.61,115.29,114.34,114.9,25070200.0,114.888,22592
2004-02-27,115.19,115.74,114.63,115.02,39275400.0,115.02,1
2004-03-01,115.43,116.34,114.44,116.12,30446400.0,115.746,25763
2004-03-02,115.94,116.23,115.23,115.5,34137200.0,115.76,28122
2004-03-03,115.25,115.87,114.25,115.67,28944000.0,115.399,28985
2004-03-04,115.72,116.1,115.52,116.01,19610900.0,115.859,18988
2004-03-05,115.42,116.95,115.08,116.33,50502400.0,116.206,48935
2004-03-08,116.34,116.62,114.93,114.97,31380400.0,115.878,28203
2004-03-09,115.1,115.88,104.97,114.54,35670800.0,114.76,37770
2004-03-10,114.72,115.62,111.45,112.65,60087600.0,113.885,53012
2004-03-11,112.39,114.35,111.1,111.14,78973400.0,112.362,65378
2004-03-12,111.73,112.71,111.58,112.59,49676600.0,112.125,46197
2004-03-15,112.26,112.35,110.9,111.24,52515800.0,111.532,56433
2004-03-16,111.78,112.66,110.84,111.75,54715500.0,111.572,62735
2004-03-17,112.2,113.26,111.56,113.01,36720900.0,112.8,37253
2004-03-18,112.67,113.25,111.93,113.05,54034800.0,112.627,59077
2004-03-19,112.41,112.57,110.7,111.1,41741700.0,111.87,39846
2004-03-22,110.54,110.57,105.35,109.68,56414300.0,109.8,65119
2004-03-23,110.25,110.4,109.36,109.48,48900300.0,109.993,50355
2004-03-24,109.62,110.14,108.85,109.55,47412100.0,109.541,51894
2004-03-25,110.08,111.3,109.79,111.02,44667800.0,110.604,43316
2004-03-26,110.96,111.79,110.8,111.02,33642900.0,111.318,38802
2004-03-29,111.63,114.5,111.58,112.56,40560200.0,112.386,44718
2004-03-30,112.3,113.07,112.22,113.01,35215200.0,112.626,36691
2004-03-31,112.99,113.89,112.38,113.14,42717100.0,112.843,40756
2004-04-01,113.07,118.18,113.05,113.76,42453800.0,113.504,48663
2004-04-02,114.81,115.55,112.01,114.62,45184400.0,114.362,54739
2004-04-05,114.46,115.38,114.44,115.26,29281500.0,114.776,40057
2004-04-06,114.83,115.18,114.1,114.91,25040500.0,114.889,34522
2004-04-07,114.94,114.98,114.11,114.66,40526700.0,114.482,42804
2004-04-08,115.41,115.41,113.74,114.38,43164700.0,114.422,49401
2004-04-12,114.58,115.08,114.57,114.84,20621100.0,114.838,26458
2004-04-13,115.26,115.3,113.07,113.24,49904900.0,113.868,59018
2004-04-14,112.61,113.98,112.56,113.4,59552200.0,113.107,58274
2004-04-15,113.45,113.78,112.03,112.91,55928800.0,113.086,64574
2004-04-16,113.43,114.05,112.98,113.83,40048800.0,113.566,49429
2004-04-19,113.55,116.63,0.87,113.79,25434100.0,113.64,32685
2004-04-20,114.11,114.32,111.78,111.89,47378700.0,113.329,54467
2004-04-21,112.2,112.95,111.87,112.75,47095400.0,112.437,52599
2004-04-22,112.48,114.67,112.24,114.19,57364000.0,113.875,50522
2004-04-23,114.42,114.61,113.34,114.42,26223200.0,114.222,36886
2004-04-26,114.5,114.94,113.6,114.23,30673500.0,114.175,41598
2004-04-27,114.23,115.12,0.79,114.28,39766700.0,114.54,41368
2004-04-28,113.88,114.33,112.5,112.83,44870500.0,113.063,54850
2004-04-29,112.72,113.32,111.16,111.9,60185200.0,112.255,71483
2004-04-30,112.17,112.38,110.9,111.02,43904900.0,111.752,59804
2004-05-03,111.39,114.7,111.19,112.13,29447500.0,111.879,38864
2004-05-04,112.25,113.26,111.66,112.05,48786100.0,112.332,52775
2004-05-05,112.42,112.96,0.79,112.74,32334600.0,112.559,40208
2004-05-06,112.02,112.99,111.0,111.85,49160200.0,111.715,54755
2004-05-07,111.22,112.23,101.77,110.06,53700700.0,111.071,68325
2004-05-10,109.44,109.92,108.36,108.88,67655100.0,109.015,81301
2004-05-11,109.46,110.05,109.33,109.72,43122800.0,109.718,48062
2004-05-12,109.59,110.53,108.06,110.42,83453700.0,109.012,80580
2004-05-13,109.76,111.08,109.44,109.95,51884000.0,110.154,55102
2004-05-14,109.96,111.73,109.26,109.96,46196900.0,110.063,64378
2004-05-17,108.89,109.89,106.29,109.09,48779300.0,108.978,56424
2004-05-18,109.51,109.94,109.33,109.56,28263200.0,109.679,29638
2004-05-19,110.5,111.18,109.15,109.24,51023800.0,110.417,62732
2004-05-20,109.45,109.87,109.04,109.62,35466000.0,109.523,42249
2004-05-21,109.97,110.55,100.32,109.83,44207800.0,109.886,43825
2004-05-24,110.53,110.76,108.98,110.25,39065800.0,110.139,44671
2004-05-25,109.9,111.98,109.6,111.81,45102300.0,110.78,55763
2004-05-26,111.66,113.0,110.9,112.21,33790300.0,111.9,47644
2004-05-27,112.54,113.03,112.06,112.85,40946200.0,112.57,49897
2004-05-28,112.73,112.87,112.36,112.82,21671800.0,112.608,34191
2004-06-01,112.46,112.86,111.87,112.74,38159900.0,112.367,41703
2004-06-02,113.03,113.73,112.1,113.16,35002800.0,112.932,40322
2004-06-03,112.81,113.19,112.04,112.1,32690900.0,112.742,40744
2004-06-04,112.98,113.58,112.71,112.94,29878000.0,113.09,42571
2004-06-07,113.48,114.81,113.42,114.68,30389600.0,114.049,36647
2004-06-08,114.37,114.92,114.17,114.85,30214600.0,114.532,37975
2004-06-09,114.51,114.74,113.72,113.82,32190900.0,114.147,39608
2004-06-10,114.04,114.32,113.93,114.3,20127700.0,114.143,27234
2004-06-14,113.82,113.85,111.23,113.22,30249900.0,113.328,41808
2004-06-15,113.9,114.44,113.51,114.05,34734500.0,114.052,39085
2004-06-16,114.0,114.2,113.7,113.99,25703700.0,113.963,32120
2004-06-17,113.85,114.07,113.33,113.76,26630000.0,113.707,31899
2004-06-18,113.27,114.22,113.18,113.66,30242500.0,113.781,35214
2004-06-21,113.78,114.14,113.12,113.18,23021100.0,113.684,28602
2004-06-22,113.13,113.88,112.67,113.77,34338000.0,113.251,43163
2004-06-23,113.61,114.84,113.42,114.73,32413200.0,114.06,49254
2004-06-24,114.56,114.93,114.26,114.42,33361900.0,114.639,47938
2004-06-25,114.41,114.94,113.68,113.81,29450600.0,114.385,44709
2004-06-28,114.52,114.61,113.42,113.49,38075500.0,114.065,53359
2004-06-29,113.53,114.17,113.42,113.93,26231700.0,113.862,49180
2004-06-30,114.07,114.79,113.65,114.48,46323200.0,114.136,58489
2004-07-01,114.25,114.4,112.58,112.96,52212900.0,113.27,82433
2004-07-02,113.13,114.2,112.6,112.92,31808600.0,112.936,58118
2004-07-06,112.37,117.74,111.63,111.89,35462000.0,112.051,73616
2004-07-07,111.81,112.57,111.75,112.2,26422900.0,112.174,49641
2004-07-08,111.81,114.45,111.2,111.45,40020800.0,111.741,60271
2004-07-09,111.7,111.94,111.38,111.68,25734700.0,111.662,45177
2004-07-13,111.92,112.02,111.63,111.84,23802100.0,111.852,38575
2004-07-14,111.26,114.41,111.12,111.56,49986800.0,111.758,61560
2004-07-15,111.74,111.91,110.74,110.77,34488800.0,111.438,47443
2004-07-16,111.57,111.94,110.44,110.67,35733700.0,111.033,52361
2004-07-19,110.75,111.64,109.99,110.22,37249600.0,110.534,55019
2004-07-20,110.53,111.9,110.25,111.65,42277400.0,110.874,58607
2004-07-21,111.81,112.06,109.45,109.56,48573200.0,111.102,67272
2004-07-22,109.36,110.39,108.77,109.89,65602400.0,109.606,84117
2004-07-23,109.63,109.71,108.69,109.04,44997800.0,109.207,69572
2004-07-26,109.19,109.95,108.21,108.79,46401400.0,108.743,77010
2004-07-27,109.05,110.11,108.97,109.75,47011600.0,109.458,67448
2004-07-28,109.55,110.37,107.72,110.06,63212400.0,109.355,72434
2004-07-29,110.54,111.63,110.0,110.55,47831100.0,110.458,63809
2004-07-30,110.32,110.9,100.51,110.86,37994700.0,110.44,48783
2004-08-02,110.19,113.61,101.81,111.07,36611600.0,110.695,52286
2004-08-03,110.93,111.85,110.0,110.22,39531300.0,110.655,51913
2004-08-04,109.89,110.75,100.45,110.2,39319300.0,110.116,49242
2004-08-05,110.29,110.38,108.27,108.42,48216700.0,109.308,65265
2004-08-06,107.63,110.44,106.62,106.9,69433000.0,107.408,92263
2004-08-09,107.02,107.48,106.87,106.97,35014300.0,107.173,47166
2004-08-10,107.31,118.0,104.77,108.21,51111600.0,107.807,59243
2004-08-11,107.69,108.33,107.0,108.16,50899700.0,107.694,71307
2004-08-12,107.68,107.95,106.65,106.95,46477900.0,107.283,62707
2004-08-13,107.1,107.35,106.59,107.16,38942900.0,107.001,48501
2004-08-16,107.14,109.53,107.1,108.32,42443500.0,108.175,56249
2004-08-17,108.75,109.28,108.53,108.93,38636500.0,108.833,50867
2004-08-18,108.52,110.17,108.08,110.04,40322400.0,109.404,55220
2004-08-19,109.81,110.02,108.34,109.71,35517000.0,109.638,51544
2004-08-20,109.61,110.63,100.42,110.48,43585500.0,109.928,51267
2004-08-23,110.55,110.77,109.44,110.21,32633000.0,110.429,42914
2004-08-24,110.64,110.73,109.85,110.39,28064300.0,110.216,44401
2004-08-25,110.33,111.27,109.9,111.12,33282700.0,110.693,41847
2004-08-26,110.96,111.31,110.85,111.09,25406400.0,111.1,32057
2004-08-27,111.2,111.63,110.34,111.45,23869600.0,111.382,34212
2004-08-30,111.23,111.58,110.45,110.53,25197700.0,110.936,30165
2004-08-31,110.66,111.94,110.1,111.14,40553300.0,110.547,51376
2004-09-01,110.95,111.64,110.48,111.34,47294500.0,111.126,56992
2004-09-02,111.24,112.68,111.24,112.62,38769600.0,111.95,44247
2004-09-03,112.3,112.82,112.01,112.12,26479400.0,112.316,42781
2004-09-07,112.54,113.13,112.32,112.91,34519200.0,112.702,51738
2004-09-08,112.62,113.06,111.62,112.55,31350500.0,112.623,52011
2004-09-09,112.57,112.88,112.03,112.46,32596800.0,112.458,54476
2004-09-10,112.52,113.27,112.09,113.04,27003700.0,112.673,46883
2004-09-13,113.31,113.74,113.01,113.46,40106200.0,113.378,50019
2004-09-14,113.3,113.69,112.36,113.65,26939700.0,113.431,40261
2004-09-15,113.3,113.36,112.35,112.74,35668400.0,112.931,42033
2004-09-16,112.85,113.37,112.8,113.17,22571400.0,113.136,33674
2004-09-17,112.95,113.36,112.69,113.11,29592400.0,113.045,44252
2004-09-20,112.67,112.99,112.28,112.45,32996600.0,112.597,49383
2004-09-21,112.75,113.47,112.54,112.98,38249700.0,112.992,45948
2004-09-22,112.5,113.6,111.49,111.52,46558000.0,111.92,55569
2004-09-23,111.6,111.7,110.96,110.99,41100000.0,111.364,49513
2004-09-24,111.17,112.58,111.0,111.44,33793800.0,111.424,45285
2004-09-27,111.1,111.3,110.58,110.78,37520300.0,110.901,40804
2004-09-28,110.91,111.51,110.41,111.25,39051200.0,111.055,48249
2004-09-29,111.21,111.85,111.0,111.82,31870200.0,111.375,43029
2004-09-30,111.55,111.98,111.26,111.75,37271600.0,111.608,50090
2004-10-01,112.27,113.62,112.21,113.6,53968300.0,113.043,54157
2004-10-04,114.1,114.44,113.8,113.86,30724400.0,114.104,40736
2004-10-05,113.85,114.16,113.0,113.95,35879500.0,113.807,44921
2004-10-06,113.77,119.79,113.68,114.6,40552700.0,114.048,52442
2004-10-07,114.38,118.82,113.36,113.48,36154400.0,113.867,48380
2004-10-08,113.15,113.77,112.35,112.52,49517200.0,113.03,62358
2004-10-11,112.78,113.02,112.64,112.93,19436400.0,112.814,29180
2004-10-12,112.2,112.83,111.94,112.54,37427800.0,112.319,52247
2004-10-13,113.0,113.07,111.32,111.56,51717200.0,112.081,71450
2004-10-14,111.68,111.93,110.58,110.66,61325800.0,111.145,70590
2004-10-15,111.02,112.67,110.57,111.21,61082900.0,111.126,72724
2004-10-18,110.89,111.96,110.7,111.7,37270200.0,111.376,51452
2004-10-19,112.02,114.47,100.75,110.71,49120700.0,111.452,64453
2004-10-20,110.38,110.88,109.75,110.57,52852000.0,110.362,66988
2004-10-21,110.79,111.32,110.21,111.2,49318500.0,110.887,64732
2004-10-22,111.19,111.25,100.94,109.97,45481600.0,110.495,64182
2004-10-25,109.75,110.12,109.35,109.93,40885000.0,109.762,61681
2004-10-26,110.13,111.6,109.88,111.55,49294700.0,110.734,61134
2004-10-27,111.38,113.1,111.12,112.92,66533200.0,112.238,77976
2004-10-28,112.78,113.56,112.49,113.22,52161700.0,112.989,69217
2004-10-29,113.12,116.0,110.51,113.24,44432700.0,113.247,58550
2004-11-01,113.56,113.84,113.2,113.51,32757700.0,113.497,56692
2004-11-02,113.67,114.57,113.22,113.54,53559400.0,113.962,79731
2004-11-03,115.0,115.36,114.14,115.0,70894100.0,114.927,116856
2004-11-04,114.78,116.67,114.68,116.55,52970900.0,115.73,81777
2004-11-05,117.05,118.84,116.49,117.24,59050700.0,117.013,84707
2004-11-08,116.98,117.23,116.72,117.13,32243100.0,116.962,55922
2004-11-09,117.08,117.5,116.76,116.93,40837800.0,117.11,61416
2004-11-10,117.06,117.55,116.76,116.99,41801300.0,117.072,67753
2004-11-11,117.18,118.12,117.1,117.88,36513300.0,117.66,57007
2004-11-12,117.97,119.0,117.35,118.79,52222100.0,118.317,74890
2004-11-15,118.5,118.76,118.23,118.75,34466400.0,118.486,63662
2004-11-16,118.37,118.41,117.73,117.87,37676000.0,118.015,58201
2004-11-17,118.37,119.14,118.07,118.59,52128700.0,118.65,71081
2004-11-18,118.53,118.8,118.23,118.69,30165100.0,118.537,54757
2004-11-19,118.7,118.72,111.47,117.43,46215600.0,117.653,74143
2004-11-22,117.17,118.12,117.03,118.01,34917700.0,117.569,58909
2004-11-23,117.93,118.26,117.37,118.19,40018400.0,117.799,64163
2004-11-24,118.27,118.59,118.04,118.45,27951800.0,118.354,44410
2004-11-26,118.51,118.98,118.45,118.54,12907200.0,118.742,23220
2004-11-29,118.79,119.01,117.25,117.82,51896800.0,118.235,76864
2004-11-30,118.0,118.24,117.64,117.85,48290100.0,117.92,80772
2004-12-01,118.16,119.5,118.1,119.28,45187300.0,118.971,76642
2004-12-02,119.1,119.95,110.4,119.34,56356700.0,119.438,92915
2004-12-03,119.31,120.14,119.09,119.25,45576300.0,119.55,92974
2004-12-06,119.21,119.64,118.84,119.24,30081700.0,119.193,60932
2004-12-07,119.49,119.61,118.05,118.09,45730900.0,118.827,87418
2004-12-08,118.21,118.83,118.01,118.76,40417500.0,118.443,71342
2004-12-09,118.14,119.46,117.73,119.22,57862500.0,118.494,97939
2004-12-10,118.91,119.56,118.85,119.31,47149700.0,119.191,79455
2004-12-13,119.76,120.4,119.35,120.37,36014300.0,119.87,73775
2004-12-14,120.2,120.96,120.18,120.8,39433900.0,120.539,72101
2004-12-15,120.7,121.11,120.31,120.87,42344000.0,120.773,74589
2004-12-16,120.72,128.88,120.04,120.85,49374400.0,120.75,75966
2004-12-17,119.46,119.97,119.16,119.46,52058000.0,119.514,89950
2004-12-20,119.73,120.38,117.71,119.49,43178000.0,119.648,67005
2004-12-21,119.6,120.48,118.89,120.45,32219000.0,119.959,72896
2004-12-22,120.38,121.08,120.05,120.7,28228400.0,120.751,65851
2004-12-23,120.87,121.28,120.09,120.79,25105400.0,121.013,67545
2004-12-27,121.2,121.36,120.38,120.5,25876400.0,120.837,65220
2004-12-28,120.62,121.33,120.6,121.19,22017400.0,121.049,51025
2004-12-29,121.08,121.4,120.95,121.27,19394100.0,121.12,52016
2004-12-30,121.4,121.57,121.04,121.16,18755400.0,121.407,45422
2004-12-31,121.3,121.66,120.78,120.88,22825300.0,121.284,52705
2005-01-03,121.56,121.76,119.9,120.33,52347900.0,120.694,123011
2005-01-04,120.46,120.54,118.44,118.83,63045500.0,119.46,121190
2005-01-05,118.74,119.25,118.02,118.02,60524500.0,118.793,112984
2005-01-06,118.44,119.15,118.04,118.57,45608200.0,118.713,101603
2005-01-07,118.97,119.23,118.13,118.39,49225300.0,118.75,96880
2005-01-10,118.34,119.46,116.57,118.96,54451300.0,118.993,126150
2005-01-11,118.65,118.74,117.99,118.18,59173100.0,118.35,138861
2005-01-12,118.39,118.84,117.34,118.6,68750900.0,118.191,151935
2005-01-13,118.64,118.73,117.5,117.68,51823200.0,118.262,117096
2005-01-14,117.97,118.53,117.76,118.25,39673800.0,118.221,87641
2005-01-18,118.05,119.63,117.95,119.46,52323000.0,118.985,111207
2005-01-19,119.42,119.88,118.21,118.24,48878700.0,119.01,107421
2005-01-20,117.89,118.2,117.29,117.5,66126800.0,117.796,125706
2005-01-21,117.79,118.0,116.65,116.83,60226700.0,117.336,126836
2005-01-24,117.09,117.34,116.37,116.54,55513000.0,116.928,133929
2005-01-25,116.91,117.47,116.4,116.9,65725600.0,117.169,129270
2005-01-26,117.32,117.6,117.04,117.25,51148100.0,117.345,107083
2005-01-27,117.19,117.75,116.98,117.46,51372800.0,117.363,107784
2005-01-28,117.49,117.65,116.61,117.43,55059200.0,117.022,123491
2005-01-31,117.97,118.25,117.71,118.15,45488000.0,117.982,96894
2005-02-01,118.25,119.08,117.82,118.94,45927800.0,118.684,86026
2005-02-02,119.06,119.59,118.9,119.32,50534000.0,119.168,94899
2005-02-03,119.07,119.16,118.07,119.01,42878700.0,118.902,94016
2005-02-04,119.0,120.43,118.98,120.22,45809600.0,119.727,84729
2005-02-07,120.22,120.52,119.96,120.12,42914100.0,120.299,86132
2005-02-08,120.17,120.65,120.07,120.24,33640900.0,120.327,81129
2005-02-09,120.42,120.49,119.25,119.35,53387300.0,119.735,104283
2005-02-10,119.66,120.02,119.26,119.77,44431600.0,119.669,113164
2005-02-11,119.71,121.04,119.46,120.76,50519700.0,120.401,112429
2005-02-14,120.69,120.86,120.48,120.69,29646100.0,120.664,75065
2005-02-15,120.8,121.43,120.05,121.15,39773500.0,121.081,87251
2005-02-16,120.93,121.46,120.67,121.19,47125300.0,121.024,98090
2005-02-17,121.23,121.33,120.23,120.25,52954400.0,120.68,97648
2005-02-18,120.17,120.47,119.9,120.36,39290900.0,120.241,94099
2005-02-22,119.9,120.47,118.58,118.63,72062500.0,119.476,163258
2005-02-23,118.97,119.57,118.62,119.45,64991000.0,119.096,131144
2005-02-24,119.24,120.32,118.98,120.25,63763100.0,119.607,112715
2005-02-25,120.27,121.67,112.18,121.39,57340300.0,120.877,106031
2005-02-28,121.15,121.65,120.01,120.65,66262000.0,120.74,120256
2005-03-01,120.78,121.91,120.78,121.25,43531900.0,121.222,88904
2005-03-02,120.76,121.93,120.01,121.21,58361200.0,121.306,108228
2005-03-03,121.66,121.9,120.7,121.25,56805800.0,121.319,99317
2005-03-04,122.05,122.9,120.24,122.69,51111300.0,122.388,88859
2005-03-07,122.66,123.25,121.9,122.79,40487800.0,122.922,76391
2005-03-08,122.67,123.0,122.11,122.32,41431000.0,122.476,82548
2005-03-09,121.96,122.29,120.96,121.01,62615800.0,121.648,95731
2005-03-10,121.21,126.27,120.4,121.32,58963700.0,121.071,109959
2005-03-11,121.31,121.72,120.16,120.43,51260400.0,120.813,106177
2005-03-14,120.61,121.16,120.28,121.11,34912900.0,120.688,65712
2005-03-15,121.42,121.46,120.08,120.17,58070700.0,120.738,97446
2005-03-16,119.7,120.15,118.9,119.14,68771300.0,119.418,128390
2005-03-17,119.31,119.74,117.49,119.35,57262800.0,119.408,111517
2005-03-18,119.11,119.16,118.1,118.55,56342200.0,118.623,105522
2005-03-21,118.71,118.78,117.76,118.13,56207900.0,118.282,130570
2005-03-22,118.37,118.93,116.95,116.96,81631700.0,118.122,136509
2005-03-23,116.94,119.06,116.75,117.03,63413500.0,117.145,134509
2005-03-24,117.46,117.99,115.43,117.15,44166400.0,117.515,87997
2005-03-28,117.42,117.94,117.18,117.34,41161600.0,117.614,85737
2005-03-29,117.14,117.9,116.25,116.59,66372800.0,117.041,117246
2005-03-30,116.78,118.2,116.77,118.17,58674000.0,117.526,95506
2005-03-31,118.19,118.66,110.09,118.0,55622500.0,118.112,102339
2005-04-01,118.63,119.74,116.91,117.43,77867500.0,117.815,130106
2005-04-04,117.36,117.86,116.74,117.65,65354500.0,117.266,98159
2005-04-05,117.8,118.82,117.11,118.16,45109400.0,118.079,75614
2005-04-06,118.45,118.95,118.18,118.6,46739100.0,118.57,71894
2005-04-07,118.41,119.27,118.32,119.24,41839900.0,118.828,70507
2005-04-08,119.15,119.24,118.02,118.05,56884300.0,118.625,82422
2005-04-11,118.29,118.42,117.83,118.09,39861300.0,118.142,67982
2005-04-12,117.89,119.06,117.07,118.7,83390500.0,117.93,121022
2005-04-13,118.56,118.8,117.13,117.35,62623000.0,118.01,92081
2005-04-14,117.42,118.85,115.78,115.81,91462400.0,116.749,110911
2005-04-15,115.74,116.82,114.1,114.18,115231000.0,115.354,150319
2005-04-18,114.12,114.96,113.96,114.53,94513200.0,114.486,126567
2005-04-19,115.1,115.53,114.62,115.37,60226300.0,115.201,83825
2005-04-20,115.4,118.81,113.53,113.83,93700200.0,114.624,111356
2005-04-21,114.79,117.75,113.63,115.99,78221800.0,115.125,111346
2005-04-22,115.74,116.5,114.27,115.55,81768300.0,115.338,111993
2005-04-25,115.86,116.5,115.72,116.3,48553700.0,116.133,76904
2005-04-26,115.96,116.83,115.14,115.23,70038900.0,115.877,89820
2005-04-27,114.86,116.07,110.0,115.68,78059000.0,115.328,103143
2005-04-28,115.27,115.68,114.22,114.24,68199500.0,114.926,103961
2005-04-29,115.07,115.86,113.97,115.78,93661000.0,114.862,124909
2005-05-02,116.07,116.98,115.52,116.35,49886500.0,116.074,70456
2005-05-03,116.05,116.93,115.69,116.55,77420400.0,116.22,97242
2005-05-04,116.65,117.75,116.28,117.53,73213300.0,117.048,85861
2005-05-05,117.66,119.78,116.69,117.46,91122200.0,117.365,106862
2005-05-06,117.93,119.17,116.67,117.1,57991500.0,117.555,70993
2005-05-09,117.21,118.08,117.05,117.86,41443300.0,117.603,52447
2005-05-10,117.38,119.98,116.39,116.58,70056300.0,116.993,74346
2005-05-11,116.93,118.27,115.85,117.28,85214500.0,116.653,95127
2005-05-12,117.32,117.59,115.95,116.0,83170600.0,116.819,95820
2005-05-13,116.3,116.65,114.8,115.75,80349500.0,115.827,98158
2005-05-16,115.7,116.84,115.66,116.79,46738900.0,116.323,67049
2005-05-17,116.43,117.7,116.16,117.58,57295700.0,116.85,78065
2005-05-18,118.07,119.84,117.63,118.85,71320300.0,118.587,93114
2005-05-19,119.0,119.41,118.7,119.31,59989900.0,119.05,79978
2005-05-20,119.32,119.39,118.74,119.15,44216200.0,119.06,63113
2005-05-23,119.21,120.04,119.19,119.77,48507000.0,119.571,69576
2005-05-24,119.44,119.83,119.2,119.53,48200700.0,119.438,70433
2005-05-25,119.35,119.47,118.83,119.41,45400600.0,119.164,59141
2005-05-26,119.79,120.21,117.77,119.99,41838700.0,119.93,57028
2005-05-27,120.08,120.25,119.8,120.24,22605800.0,120.041,36044
2005-05-31,120.06,120.17,117.51,119.48,39664700.0,119.694,58390
2005-06-01,119.52,120.92,119.45,120.5,63422500.0,120.408,88117
2005-06-02,120.23,120.84,120.1,120.76,37289200.0,120.499,53598
2005-06-03,120.55,120.89,119.73,120.1,54284800.0,120.185,70168
2005-06-06,120.01,120.22,119.55,120.1,34979500.0,119.879,51959
2005-06-07,120.39,121.51,120.0,120.18,63669900.0,120.708,93397
2005-06-08,120.45,123.95,119.67,119.91,42115000.0,120.136,69528
2005-06-09,119.74,120.58,119.34,120.46,53203100.0,120.003,63187
2005-06-10,120.57,120.65,119.6,120.18,33934200.0,120.063,52304
2005-06-13,119.94,121.08,112.04,120.56,43707800.0,120.484,52734
2005-06-14,120.45,121.2,120.38,120.82,32163400.0,120.724,48945
2005-06-15,121.16,121.24,120.23,121.04,50376100.0,120.677,70559
2005-06-16,121.09,121.64,120.92,121.42,42304200.0,121.339,62293
2005-06-17,121.54,121.9,121.2,121.39,48084600.0,121.522,68126
2005-06-20,121.08,121.84,120.94,121.4,37794800.0,121.342,60145
2005-06-21,121.49,121.65,121.03,121.52,37562900.0,121.362,60002
2005-06-22,121.68,121.94,121.07,121.54,37422200.0,121.425,60640
2005-06-23,121.31,121.6,119.83,119.87,59288600.0,120.789,92941
2005-06-24,119.88,120.01,118.84,119.06,55417200.0,119.544,84633
2005-06-27,118.97,119.41,118.75,119.14,45709200.0,119.107,76004
2005-06-28,119.41,120.24,119.37,120.21,40538900.0,119.89,67674
2005-06-29,120.37,120.4,119.76,119.84,38066500.0,120.09,72417
2005-06-30,120.22,120.32,118.95,119.16,57698900.0,119.686,93197
2005-07-01,119.45,119.8,119.21,119.6,42861900.0,119.461,72642
2005-07-05,119.25,120.65,119.19,120.48,48862900.0,120.126,79661
2005-07-06,120.39,120.65,119.41,119.47,50658000.0,120.019,84197
2005-07-07,118.29,120.4,118.18,119.91,89275600.0,118.98,120747
2005-07-08,119.97,121.32,119.72,121.26,60108000.0,120.636,94822
2005-07-11,121.33,122.11,121.31,121.98,48229100.0,121.725,77191
2005-07-12,121.89,122.63,121.33,122.28,49623300.0,122.09,72094
2005-07-13,122.27,122.52,121.99,122.49,38484000.0,122.261,75836
2005-07-14,122.98,123.44,122.49,122.86,57534500.0,122.888,97505
2005-07-15,122.79,123.04,122.36,122.8,52036700.0,122.653,76553
2005-07-18,122.5,122.63,122.05,122.39,37804100.0,122.394,59423
2005-07-19,122.71,123.11,122.41,122.71,55467800.0,122.779,80553
2005-07-20,122.59,123.73,122.3,123.4,62446700.0,122.991,116204
2005-07-21,123.55,123.61,122.47,122.76,84164100.0,122.973,112073
2005-07-22,122.88,125.25,122.63,123.5,44701700.0,123.053,62049
2005-07-25,123.41,123.95,122.85,123.18,52969900.0,123.327,91262
2005-07-26,123.23,123.53,122.95,123.28,40317400.0,123.245,73371
2005-07-27,123.48,123.89,123.05,123.75,39884700.0,123.451,71890
2005-07-28,123.99,124.64,123.64,124.53,45456000.0,124.231,89083
2005-07-29,124.41,124.63,123.4,123.77,56197900.0,123.963,95201
2005-08-01,123.8,124.04,121.89,123.63,38908200.0,123.735,72466
2005-08-02,123.87,128.28,123.74,124.38,40364600.0,124.282,73402
2005-08-03,124.25,124.74,124.12,124.68,34344100.0,124.442,58571
2005-08-04,124.23,124.31,123.57,123.73,45027600.0,123.904,65176
2005-08-05,123.45,123.54,122.67,122.9,46076900.0,122.979,73842
2005-08-08,123.17,123.41,122.38,122.68,45678400.0,122.853,68981
2005-08-09,123.05,123.59,122.87,123.41,44869000.0,123.227,70941
2005-08-10,123.83,124.5,122.82,123.37,71098900.0,123.734,103362
2005-08-11,123.27,124.03,122.22,123.84,53733200.0,123.561,87185
2005-08-12,123.57,129.3,122.75,123.08,51968200.0,123.225,80951
2005-08-15,123.22,123.87,122.02,123.81,35345800.0,123.409,59841
2005-08-16,123.44,123.52,115.88,122.21,64588400.0,122.745,109512
2005-08-17,122.19,122.87,122.03,122.23,56898800.0,122.451,98429
2005-08-18,122.04,122.56,121.84,122.17,51448900.0,122.154,105884
2005-08-19,122.63,122.82,122.2,122.49,38741600.0,122.491,78125
2005-08-22,122.58,123.23,121.88,122.51,59822600.0,122.553,105149
2005-08-23,122.51,122.61,121.67,122.25,50094600.0,122.126,78286
2005-08-24,121.94,122.73,121.09,121.12,75211800.0,121.936,107792
2005-08-25,121.34,121.67,121.21,121.6,33598700.0,121.449,66516
2005-08-26,121.48,122.24,120.68,120.72,54255000.0,121.013,95776
2005-08-29,120.41,128.6,120.38,121.63,51055400.0,121.186,80453
2005-08-30,121.25,121.62,120.39,121.07,68730000.0,120.871,120759
2005-08-31,121.19,123.33,120.0,122.54,87635800.0,121.526,136621
2005-09-01,122.49,123.15,121.1,122.46,65914300.0,122.511,118918
2005-09-02,122.85,122.88,122.04,122.25,38389500.0,122.43,69478
2005-09-06,122.67,123.8,122.65,123.72,50580600.0,123.252,81201
2005-09-07,123.63,124.13,122.86,123.9,35855600.0,123.81,73299
2005-09-08,123.66,124.0,123.31,123.54,35762000.0,123.651,61215
2005-09-09,123.83,124.74,123.8,124.57,39183100.0,124.336,69196
2005-09-12,124.44,124.67,124.27,124.36,30809700.0,124.488,63480
2005-09-13,124.13,124.42,123.52,123.65,52964400.0,123.856,91381
2005-09-14,123.75,123.92,123.02,123.25,46767100.0,123.49,82870
2005-09-15,123.49,123.65,122.9,123.15,54707200.0,123.214,93018
2005-09-16,123.28,123.74,122.87,123.54,62583400.0,123.282,91705
2005-09-19,123.45,123.7,122.64,123.1,47897500.0,123.083,87525
2005-09-20,123.21,123.61,121.87,122.05,75880800.0,122.742,114193
2005-09-21,121.79,131.37,120.77,120.93,85199100.0,121.395,139867
2005-09-22,120.95,121.66,120.44,121.35,73034700.0,121.098,115118
2005-09-23,121.24,121.89,120.9,121.45,53683900.0,121.396,98272
2005-09-26,122.02,122.78,121.0,121.54,62598000.0,121.739,98144
2005-09-27,121.52,121.99,121.02,121.57,60776000.0,121.432,118442
2005-09-28,121.91,122.12,121.2,121.73,53540400.0,121.721,89992
2005-09-29,121.57,122.86,121.08,122.62,61647800.0,121.963,104100
2005-09-30,122.62,123.05,120.69,123.02,44210400.0,122.7,73459
2005-10-03,122.96,123.34,122.45,122.63,44742600.0,122.833,82503
2005-10-04,122.82,123.03,121.17,121.17,54764600.0,122.279,85503
2005-10-05,121.31,122.67,112.09,119.62,96899400.0,120.577,132964
2005-10-06,119.78,120.26,118.17,119.25,125963600.0,119.45,143410
2005-10-07,119.7,120.05,119.13,119.66,59126200.0,119.593,80706
2005-10-10,119.68,119.71,117.19,118.63,49066400.0,119.12,90073
2005-10-11,118.99,119.39,118.32,118.47,66623700.0,118.86,87740
2005-10-12,118.39,119.13,117.41,117.51,93116700.0,118.097,116498
2005-10-13,117.46,118.08,116.88,117.5,90692000.0,117.562,114152
2005-10-14,118.12,118.81,117.56,118.68,79613400.0,118.214,99523
2005-10-17,118.77,119.27,118.0,119.12,62321400.0,118.923,70441
2005-10-18,118.94,118.96,117.8,117.84,64740700.0,118.475,84374
2005-10-19,117.56,119.8,117.12,119.74,105003300.0,118.049,118766
2005-10-20,119.49,119.92,117.3,117.68,116518800.0,118.715,123393
2005-10-21,118.27,118.78,117.51,118.13,78954000.0,118.206,109471
2005-10-24,118.44,120.09,118.41,120.0,67360900.0,119.243,83253
2005-10-25,119.72,120.24,118.94,119.64,72489300.0,119.596,87948
2005-10-26,119.5,120.54,119.19,119.4,73179000.0,119.858,95424
2005-10-27,119.21,119.37,109.22,118.08,63213200.0,118.603,89394
2005-10-28,118.43,119.95,118.1,119.8,65005500.0,119.123,87524
2005-10-31,120.29,121.3,120.15,120.15,70222400.0,120.779,93343
2005-11-01,120.58,120.9,120.22,120.43,60029500.0,120.492,94318
2005-11-02,120.17,121.73,120.0,121.68,64765700.0,121.197,95858
2005-11-03,122.15,122.66,121.75,122.24,73349100.0,122.215,98090
2005-11-04,122.4,122.46,120.11,122.11,49839500.0,121.939,76822
2005-11-07,122.4,122.62,121.85,122.23,44676000.0,122.253,73319
2005-11-08,121.95,122.42,121.79,122.22,35816700.0,122.076,59851
2005-11-09,122.08,122.95,121.86,122.35,52657800.0,122.385,82946
2005-11-10,122.36,123.52,121.0,123.39,69097300.0,122.658,95076
2005-11-11,123.35,123.84,123.28,123.78,32715000.0,123.515,48825
2005-11-14,123.76,124.02,123.41,123.7,62401900.0,123.685,64636
2005-11-15,123.57,124.09,122.86,123.27,63529500.0,123.468,99563
2005-11-16,123.39,123.55,122.98,123.52,45299800.0,123.282,71674
2005-11-17,123.76,124.68,123.24,124.56,54873700.0,124.058,82849
2005-11-18,125.04,126.06,124.33,125.12,61624400.0,124.856,87928
2005-11-21,125.16,125.91,124.98,125.79,41598800.0,125.388,67799
2005-11-22,125.56,126.52,125.42,126.35,53766400.0,125.924,77770
2005-11-23,126.25,127.41,126.21,127.0,42900700.0,126.889,84106
2005-11-25,126.98,127.22,126.81,127.1,12874600.0,127.041,26338
2005-11-28,127.25,129.69,125.56,126.23,48378500.0,126.502,95504
2005-11-29,126.65,126.98,126.07,126.09,46506700.0,126.496,88036
2005-11-30,126.16,126.52,125.01,125.45,46989000.0,125.914,96874
2005-12-01,126.02,127.03,125.98,126.67,58830000.0,126.586,107144
2005-12-02,126.77,127.08,126.5,126.87,40659900.0,126.787,77811
2005-12-05,126.64,126.73,123.34,126.61,46965100.0,126.47,100324
2005-12-06,127.05,127.74,126.6,126.83,52378600.0,127.193,109018
2005-12-07,126.77,126.87,125.68,126.12,60123500.0,126.279,107879
2005-12-08,126.22,126.82,125.48,126.05,55718200.0,126.133,107858
2005-12-09,126.17,126.78,125.82,126.29,46014100.0,126.288,80606
2005-12-12,126.71,126.86,125.96,126.46,44791800.0,126.459,82471
2005-12-13,126.4,137.32,126.29,127.27,71048000.0,127.063,94409
2005-12-14,127.19,128.09,121.71,127.8,59653400.0,127.622,96396
2005-12-15,127.84,128.0,127.18,127.39,49767400.0,127.534,87021
2005-12-16,127.27,128.57,126.37,126.4,35201800.0,126.97,43358
2005-12-19,126.73,126.87,125.69,125.75,45152100.0,126.29,78850
2005-12-20,125.86,126.22,125.48,125.81,43038300.0,125.836,71530
2005-12-21,126.17,126.76,125.8,126.07,45187400.0,126.321,82047
2005-12-22,126.31,126.69,126.08,126.64,28838100.0,126.387,57929
2005-12-23,126.8,126.86,126.3,126.73,25651900.0,126.661,42845
2005-12-27,126.92,127.05,125.38,125.52,41242700.0,126.072,79777
2005-12-28,125.74,125.99,125.5,125.71,26093000.0,125.758,59541
2005-12-29,125.72,125.96,125.06,125.2,30389600.0,125.608,57592
2005-12-30,124.8,125.06,124.36,124.46,40267000.0,124.716,69106
2006-01-03,125.1,127.0,124.39,126.68,64207300.0,125.614,104002
2006-01-04,126.86,127.49,126.7,127.31,45404200.0,127.106,87917
2006-01-05,127.17,127.59,126.88,127.4,41995200.0,127.209,76239
2006-01-06,128.04,128.58,127.43,128.45,52758800.0,128.052,88187
2006-01-09,128.42,129.06,125.78,128.76,40433800.0,128.691,86225
2006-01-10,128.39,128.98,128.26,128.92,39285300.0,128.61,81533
2006-01-11,129.02,129.44,128.73,129.37,44402200.0,129.068,88338
2006-01-12,129.08,129.28,128.44,128.76,37804600.0,128.855,80671
2006-01-13,128.57,128.9,128.2,128.65,38399000.0,128.571,81398
2006-01-17,128.2,128.42,126.11,128.35,44149700.0,128.135,94170
2006-01-18,127.58,128.24,127.16,127.84,62845000.0,127.631,138949
2006-01-19,128.09,128.77,127.81,128.31,68882600.0,128.263,150710
2006-01-20,128.28,128.31,120.89,126.02,102044100.0,126.99,227654
2006-01-23,126.21,126.82,126.13,126.4,52266100.0,126.408,135578
2006-01-24,126.63,127.15,126.42,126.61,49870000.0,126.753,117368
2006-01-25,127.04,127.18,125.84,126.67,75763400.0,126.481,140859
2006-01-26,127.28,127.67,126.76,127.36,57545400.0,127.246,124019
2006-01-27,127.65,128.66,127.45,128.53,56408700.0,128.239,96009
2006-01-30,128.44,128.81,128.35,128.45,31708600.0,128.549,72298
2006-01-31,128.34,128.54,127.49,127.53,59468400.0,128.072,107855
2006-02-01,127.82,128.43,127.72,128.4,57410200.0,128.038,104244
2006-02-02,128.1,128.15,126.8,127.15,70036100.0,127.326,108925
2006-02-03,126.58,128.57,126.14,126.3,67378400.0,126.582,101808
2006-02-06,126.44,126.8,126.17,126.64,42355900.0,126.506,70339
2006-02-07,126.39,126.66,125.4,125.51,63864300.0,125.888,107753
2006-02-08,125.89,127.75,125.6,126.63,51658300.0,126.099,97584
2006-02-09,126.91,137.33,126.37,126.41,54131100.0,127.04,95918
2006-02-10,126.44,127.13,125.55,126.65,58622000.0,126.31,88632
2006-02-13,126.57,126.79,125.95,126.46,42186000.0,126.401,74292
2006-02-14,126.46,128.03,126.19,127.72,81590500.0,127.277,111314
2006-02-15,127.66,128.32,127.1,128.16,75142600.0,127.84,104309
2006-02-16,128.34,129.21,128.18,129.14,53101100.0,128.616,72892
2006-02-17,129.09,129.98,128.58,128.82,36669500.0,128.887,57329
2006-02-21,129.12,129.4,128.29,128.52,39384400.0,128.673,62064
2006-02-22,128.77,129.65,128.65,129.25,35265900.0,129.235,57529
2006-02-23,129.27,129.64,128.71,129.04,38662200.0,129.196,63849
2006-02-24,129.11,129.48,128.76,129.37,30155800.0,129.136,54223
2006-02-27,129.4,130.04,129.28,129.49,33338700.0,129.726,58224
2006-02-28,129.2,129.68,128.13,128.27,68413100.0,128.57,97578
2006-03-01,128.6,129.49,128.5,129.32,43166000.0,129.018,76252
2006-03-02,128.9,129.42,128.61,129.32,49319700.0,128.974,79608
2006-03-03,128.67,130.07,128.65,128.81,61514900.0,129.3,92112
2006-03-06,129.14,129.18,127.85,128.16,49885400.0,128.495,78079
2006-03-07,127.92,129.9,127.4,127.96,54866100.0,127.78,77218
2006-03-08,127.7,128.44,127.18,128.25,61125000.0,127.877,84486
2006-03-09,128.34,128.68,127.43,127.43,49530400.0,128.112,76577
2006-03-10,127.72,128.84,127.37,128.57,53079700.0,128.259,83587
2006-03-13,128.84,129.16,128.53,128.86,41201800.0,128.853,67875
2006-03-14,128.71,130.23,128.61,130.15,60831500.0,129.516,80203
2006-03-15,130.15,130.86,129.85,130.75,44609900.0,130.361,74858
2006-03-16,130.98,131.47,130.84,131.01,55285100.0,131.11,84564
2006-03-17,130.68,130.9,130.38,130.59,42489400.0,130.575,61802
2006-03-20,130.64,130.9,130.21,130.38,38673700.0,130.498,58248
2006-03-21,130.34,130.99,129.45,129.62,78458000.0,130.136,96248
2006-03-22,129.51,130.51,129.45,130.39,44854400.0,130.013,71756
2006-03-23,130.24,9130.03,129.66,130.12,40084900.0,130.127,56940
2006-03-24,129.99,130.57,128.96,130.23,39697500.0,130.155,54133
2006-03-27,130.03,130.28,129.74,130.07,29556300.0,130.036,47777
2006-03-28,129.93,130.53,128.55,129.25,75032300.0,129.721,96378
2006-03-29,129.4,130.5,128.29,130.01,55060100.0,129.996,84169
2006-03-30,130.11,130.98,129.55,129.8,65110400.0,130.188,93890
2006-03-31,130.02,130.24,129.37,129.84,54361100.0,129.745,77417
2006-04-03,130.07,130.87,129.49,129.71,56306800.0,130.324,92359
2006-04-04,129.72,130.73,129.36,130.57,51767100.0,130.131,97499
2006-04-05,130.62,131.28,130.39,131.05,47872400.0,130.839,80192
2006-04-06,130.85,131.21,130.0,130.9,48122800.0,130.735,82564
2006-04-07,131.06,131.4,129.35,129.56,68191200.0,130.17,107271
2006-04-10,129.71,130.08,129.27,129.76,37876900.0,129.676,64502
2006-04-11,129.85,130.06,128.25,128.68,65885500.0,128.919,85454
2006-04-12,128.77,129.13,128.61,128.86,40578700.0,128.836,68544
2006-04-13,128.59,129.25,128.1,128.74,47371000.0,128.803,68470
2006-04-17,128.79,129.9,128.02,128.66,59013800.0,128.622,82531
2006-04-18,128.96,130.94,128.54,130.68,81282900.0,130.029,113683
2006-04-19,130.72,131.07,130.24,130.98,73077600.0,130.709,77166
2006-04-20,131.0,134.34,130.6,131.11,79274500.0,131.27,83559
2006-04-21,131.74,131.79,130.62,131.1,65155300.0,131.208,88698
2006-04-24,130.93,131.07,130.38,130.91,48566400.0,130.722,70839
2006-04-25,131.04,131.12,129.92,130.38,79649100.0,130.352,105860
2006-04-26,130.5,131.14,130.2,130.41,54104600.0,130.764,83052
2006-04-27,129.9,131.63,129.59,131.02,114578600.0,130.849,127532
2006-04-28,130.79,131.75,130.71,131.43,49079100.0,131.191,68369
2006-05-01,131.46,131.88,130.3,130.45,59470400.0,131.165,75070
2006-05-02,131.01,131.46,130.74,131.42,42105000.0,131.127,57690
2006-05-03,131.22,131.32,130.45,130.87,56428800.0,130.825,64706
2006-05-04,131.06,131.62,130.97,131.33,39938200.0,131.344,52963
2006-05-05,132.04,132.8,131.85,132.55,53337200.0,132.301,60489
2006-05-08,132.52,132.77,132.37,132.41,24766700.0,132.571,32655
2006-05-09,132.43,132.77,132.31,132.63,23431500.0,132.53,33682
2006-05-10,132.41,133.33,131.89,132.51,50791100.0,132.395,56045
2006-05-11,132.5,132.55,130.52,130.96,70605000.0,131.278,83291
2006-05-12,130.46,130.72,128.27,129.28,86733100.0,130.001,85249
2006-05-15,128.79,129.74,127.27,129.55,78722000.0,129.226,92630
2006-05-16,129.76,130.79,128.76,129.33,53700500.0,129.56,65501
2006-05-17,128.67,129.45,126.01,126.86,126903100.0,127.917,131998
2006-05-18,127.38,127.75,12.0,126.23,79439200.0,127.203,85298
2006-05-19,126.87,129.94,125.8,127.04,112372700.0,126.719,112429
2006-05-22,126.28,127.17,125.15,126.15,99187000.0,126.319,108507
2006-05-23,127.18,127.88,125.2,125.2,74991600.0,126.893,88812
2006-05-24,125.68,126.75,124.76,126.17,149158300.0,125.798,146252
2006-05-25,126.92,127.71,126.43,127.68,66399600.0,127.046,74735
2006-05-26,128.0,128.38,127.51,128.33,46469300.0,128.038,54867
2006-05-30,127.97,128.05,126.05,126.13,60216900.0,127.052,77515
2006-05-31,126.58,137.38,126.2,127.48,78504000.0,126.94,82177
2006-06-01,127.38,128.94,127.27,128.75,61235300.0,128.13,69820
2006-06-02,129.25,129.96,128.32,129.03,75459900.0,128.936,81172
2006-06-05,128.79,128.86,126.77,127.18,77135700.0,127.886,88525
2006-06-06,127.21,127.95,125.76,126.79,118879700.0,126.5,121087
2006-06-07,126.91,127.65,120.7,125.9,97327100.0,126.866,97922
2006-06-08,125.58,126.5,123.0,125.83,189220600.0,125.164,155910
2006-06-09,126.36,126.67,125.29,125.35,83878500.0,126.02,85142
2006-06-12,125.89,125.93,123.82,123.97,87378300.0,124.953,88476
2006-06-13,123.78,124.84,122.57,122.57,154673300.0,123.674,155683
2006-06-14,122.84,123.63,122.34,123.47,125077800.0,123.034,129649
2006-06-15,123.92,126.36,123.86,126.08,113061700.0,125.042,114689
2006-06-16,125.19,125.56,124.46,124.76,81274000.0,124.993,86902
2006-06-19,125.4,125.48,123.55,123.64,81596300.0,124.335,88334
2006-06-20,124.01,124.81,123.72,124.05,60313700.0,124.161,72278
2006-06-21,124.0,125.7,123.96,125.06,68474400.0,125.118,88711
2006-06-22,124.95,125.06,124.04,124.46,68602400.0,124.539,72646
2006-06-23,124.33,125.3,124.03,124.43,49666000.0,124.634,60584
2006-06-26,124.54,125.06,124.25,124.98,35164400.0,124.642,51186
2006-06-27,125.01,125.29,123.77,123.91,63446000.0,124.447,78655
2006-06-28,124.18,124.86,123.65,124.76,55569900.0,124.208,64583
2006-06-29,125.19,127.35,125.17,127.2,89117900.0,126.219,101019
2006-06-30,127.47,127.66,126.96,127.25,48715900.0,127.259,57764
2006-07-03,127.43,128.01,127.31,127.97,20372200.0,127.666,24483
2006-07-05,127.29,127.45,126.52,127.09,59147100.0,126.935,62221
2006-07-06,127.2,127.85,127.08,127.41,44246200.0,127.474,60993
2006-07-07,127.2,127.56,126.29,126.65,59450100.0,126.97,67451
2006-07-10,126.94,127.43,126.41,126.85,51891400.0,126.94,66887
2006-07-11,126.61,129.48,125.94,127.39,68248300.0,126.561,69313
2006-07-12,127.21,127.4,125.72,126.08,78965000.0,126.413,74404
2006-07-13,125.5,125.87,123.99,124.01,89389800.0,124.891,99728
2006-07-14,124.15,124.26,122.83,123.55,92539200.0,123.589,102237
2006-07-17,123.5,124.1,123.15,123.35,76461200.0,123.663,79723
2006-07-18,123.1,124.05,122.39,123.84,115138700.0,123.299,111613
2006-07-19,123.97,126.26,123.34,125.84,125394100.0,125.303,124305
2006-07-20,125.98,126.3,124.66,125.15,107333300.0,125.674,93244
2006-07-21,125.3,125.34,123.19,123.86,94678900.0,124.332,95132
2006-07-24,124.54,126.32,124.23,126.2,88980500.0,125.573,83698
2006-07-25,126.35,136.64,125.13,126.55,93053200.0,126.434,83467
2006-07-26,126.52,127.45,126.14,126.81,80213500.0,126.838,75057
2006-07-27,127.21,127.69,126.2,126.64,82906600.0,126.984,83408
2006-07-28,126.83,128.14,126.68,127.97,73088400.0,127.578,73616
2006-07-31,127.7,127.96,126.55,127.75,45747500.0,127.693,49076
2006-08-01,127.67,127.89,126.6,127.23,60148400.0,126.982,64499
2006-08-02,127.6,128.46,127.01,128.02,62952900.0,127.889,64866
2006-08-03,127.66,128.55,127.15,128.33,60985300.0,127.91,66031
2006-08-04,128.37,129.44,127.48,128.21,89403100.0,128.519,86626
2006-08-07,127.68,128.08,127.4,127.91,42403500.0,127.756,49677
2006-08-08,128.17,128.46,126.95,127.63,86185300.0,127.739,83836
2006-08-09,127.7,128.6,126.61,126.89,75324800.0,127.729,80413
2006-08-10,126.45,127.68,126.16,127.31,65426000.0,126.897,73874
2006-08-11,127.35,127.43,126.26,127.0,45677700.0,126.83,55189
2006-08-14,127.75,128.16,126.92,127.18,55919800.0,127.551,67257
2006-08-15,127.28,128.92,127.23,128.58,65458700.0,128.381,82880
2006-08-16,128.69,129.89,127.22,129.65,65626200.0,129.422,74077
2006-08-17,129.74,130.37,128.86,129.9,68941700.0,129.899,72602
2006-08-18,129.81,130.69,129.59,130.65,55253400.0,130.057,59549
2006-08-21,130.25,130.3,129.8,130.17,39610500.0,130.066,46550
2006-08-22,130.03,130.52,129.68,130.14,57012700.0,130.124,61753
2006-08-23,130.05,139.32,129.19,129.65,61589200.0,129.719,72645
2006-08-24,129.85,130.1,129.4,129.66,55002200.0,129.771,55184
2006-08-25,129.77,130.25,129.55,129.85,40636300.0,129.876,48664
2006-08-28,129.65,130.82,129.62,130.49,51273700.0,130.394,62580
2006-08-29,130.66,130.83,129.81,130.63,55923100.0,130.294,69951
2006-08-30,130.74,131.04,130.55,130.74,46610400.0,130.802,55339
2006-08-31,130.59,131.02,130.58,130.74,33100400.0,130.78,45372
2006-09-01,130.86,131.58,130.75,131.44,45979500.0,131.267,53524
2006-09-05,131.36,131.85,131.2,131.58,43102600.0,131.563,54316
2006-09-06,131.45,131.67,130.33,130.46,49718100.0,130.79,60580
2006-09-07,130.13,130.97,120.22,130.01,78905000.0,130.025,81774
2006-09-08,130.07,130.99,129.83,130.2,40357900.0,130.176,52993
2006-09-11,129.76,130.69,129.48,130.3,64831200.0,130.09,76802
2006-09-12,130.21,131.84,130.17,131.72,61500800.0,131.223,74673
2006-09-13,131.61,132.45,131.42,132.16,53810200.0,131.991,67300
2006-09-14,132.24,132.27,130.9,132.26,53645200.0,131.99,68684
2006-09-15,131.57,132.39,131.01,131.9,67015300.0,131.97,71476
2006-09-18,132.09,132.45,131.01,132.06,59728900.0,132.013,74600
2006-09-19,131.75,132.23,131.07,131.88,84373700.0,131.581,94776
2006-09-20,132.27,133.4,130.46,132.44,71533700.0,132.447,83889
2006-09-21,132.76,132.83,131.42,131.83,85258800.0,132.054,85243
2006-09-22,131.54,131.71,131.0,131.52,62138700.0,131.275,71212
2006-09-25,131.8,132.85,131.05,132.45,81952000.0,131.95,93790
2006-09-26,132.45,134.0,132.4,133.47,68064200.0,133.064,79556
2006-09-27,133.72,133.97,133.27,133.68,73079000.0,133.619,83132
2006-09-28,133.89,133.99,133.28,133.7,53750700.0,133.643,60560
2006-09-29,133.93,134.06,133.48,133.65,44874400.0,133.714,49762
2006-10-02,133.66,133.83,132.49,133.1,47398300.0,133.363,51858
2006-10-03,132.91,133.79,132.65,133.35,70723700.0,133.26,82501
2006-10-04,133.35,135.0,133.08,134.95,73694700.0,134.188,82635
2006-10-05,134.93,135.41,134.04,135.18,55975900.0,135.053,61884
2006-10-06,135.1,135.57,134.4,134.88,63807300.0,134.739,70367
2006-10-09,134.81,135.3,134.64,135.01,39519000.0,134.974,47041
2006-10-10,135.15,135.45,134.84,135.11,53310900.0,135.129,67035
2006-10-11,134.95,135.84,134.3,135.12,93053000.0,134.966,91050
2006-10-12,135.25,136.39,134.34,136.33,55149600.0,135.876,66823
2006-10-13,136.23,136.71,135.32,136.58,52367400.0,136.352,60124
2006-10-16,136.68,137.05,136.42,136.75,35876100.0,136.745,41872
2006-10-17,136.54,136.7,135.67,136.5,87610800.0,136.181,78373
2006-10-18,136.59,137.37,127.29,136.43,84221500.0,136.688,81932
2006-10-19,136.45,136.88,136.23,136.8,62896900.0,136.558,58681
2006-10-20,136.99,137.5,136.0,136.83,44348500.0,136.649,51266
2006-10-23,136.77,137.8,136.39,137.3,57802900.0,137.373,72311
2006-10-24,137.35,137.94,137.22,137.77,49433800.0,137.514,63031
2006-10-25,137.99,138.43,137.51,138.37,71076200.0,138.049,77252
2006-10-26,138.75,139.92,130.7,138.75,62771500.0,138.558,73106
2006-10-27,138.61,138.97,128.27,137.81,75989300.0,138.139,75066
2006-10-30,137.65,138.2,130.78,137.86,48299800.0,137.784,59503
2006-10-31,138.04,138.26,137.25,137.89,66248500.0,137.746,71860
2006-11-01,138.02,138.35,136.72,136.9,78185200.0,137.471,79697
2006-11-02,137.07,137.2,136.36,136.75,56059300.0,136.689,63215
2006-11-03,137.0,137.99,136.2,136.44,65410400.0,136.806,65641
2006-11-06,137.02,138.28,136.67,138.0,58898800.0,137.717,63454
2006-11-07,138.2,138.98,138.0,138.42,61532100.0,138.573,67473
2006-11-08,138.12,139.05,137.75,138.94,80655000.0,138.4,81667
2006-11-09,139.05,139.14,137.9,138.15,85254600.0,138.525,80350
2006-11-10,138.35,138.43,137.72,138.3,43585800.0,138.076,49783
2006-11-13,138.23,139.04,137.64,138.62,52223400.0,138.701,62236
2006-11-14,138.66,139.74,138.12,139.61,86797500.0,138.93,87862
2006-11-15,139.6,140.45,139.53,139.9,65892500.0,139.997,69466
2006-11-16,140.01,141.58,139.49,140.22,66513100.0,140.356,68536
2006-11-17,140.25,140.5,139.73,140.44,50586600.0,140.12,57290
2006-11-20,140.13,140.74,140.01,140.4,60208900.0,140.39,68439
2006-11-21,140.64,140.7,140.29,140.67,47975400.0,140.5,56857
2006-11-22,140.9,149.86,140.0,140.83,39232100.0,140.767,49037
2006-11-24,140.34,140.84,140.1,140.39,25020500.0,140.51,30433
2006-11-27,140.35,140.52,137.19,138.44,81023000.0,139.055,91173
2006-11-28,138.44,139.16,137.67,139.11,94126500.0,138.668,96378
2006-11-29,139.46,140.53,139.35,140.36,80489500.0,140.0,91383
2006-11-30,140.65,141.05,139.76,140.47,80754400.0,140.363,99579
2006-12-01,140.62,140.73,138.97,140.35,111058100.0,139.751,127787
2006-12-04,140.11,141.55,140.11,141.31,81749400.0,140.982,83267
2006-12-05,141.32,141.98,141.24,141.9,66660200.0,141.701,88768
2006-12-06,141.9,144.71,141.5,141.66,49207400.0,141.777,68107
2006-12-07,141.82,142.3,141.09,141.15,60689900.0,141.606,81090
2006-12-08,141.19,141.9,140.78,141.42,71597300.0,141.345,85176
2006-12-11,141.64,142.09,141.34,141.8,37958000.0,141.742,51039
2006-12-12,141.7,141.87,140.64,141.6,69046600.0,141.463,80536
2006-12-13,142.02,142.34,141.56,141.86,51712800.0,141.874,66427
2006-12-14,141.71,143.24,141.71,143.13,62762400.0,142.741,78916
2006-12-15,142.34,142.97,142.2,142.34,63317400.0,142.581,74328
2006-12-18,142.7,142.88,141.75,141.95,43031900.0,142.303,61033
2006-12-19,141.62,142.56,141.16,142.22,61631000.0,141.809,77826
2006-12-20,142.51,142.66,142.01,142.24,38589200.0,142.35,57113
2006-12-21,142.36,142.5,141.32,141.68,46450300.0,141.841,70339
2006-12-22,141.76,141.82,140.65,140.68,57630300.0,141.107,65609
2006-12-26,140.83,141.66,140.78,141.6,26249900.0,141.231,41435
2006-12-27,142.11,142.6,141.83,142.45,36555700.0,142.288,49297
2006-12-28,142.38,142.7,140.27,142.17,34077900.0,142.299,50053
2006-12-29,142.14,142.54,141.41,141.6,43972100.0,142.029,63623
2007-01-03,142.4,143.17,140.57,141.39,82759300.0,141.932,112522
2007-01-04,141.09,142.05,140.61,141.7,64244900.0,141.374,91635
2007-01-05,141.36,144.78,140.38,140.47,71345200.0,140.869,92491
2007-01-08,140.75,141.41,140.2,141.31,65014400.0,140.786,80152
2007-01-09,141.55,141.6,140.4,141.02,61770500.0,140.998,87618
2007-01-10,140.62,141.7,140.3,141.61,63700500.0,140.962,88379
2007-01-11,141.53,142.62,141.17,142.23,54537700.0,142.191,81153
2007-01-12,142.22,143.35,141.94,143.27,54849000.0,142.643,67510
2007-01-16,143.28,143.44,142.73,142.83,41956900.0,142.986,61812
2007-01-17,143.1,143.46,142.71,142.9,47558600.0,143.048,68976
2007-01-18,143.11,143.41,142.31,142.41,64976100.0,142.755,83930
2007-01-19,142.44,143.1,142.35,142.95,54119900.0,142.768,75016
2007-01-22,143.1,145.95,141.93,142.39,57906900.0,142.292,79146
2007-01-23,142.17,143.08,142.06,142.93,51084600.0,142.619,72242
2007-01-24,143.02,144.26,142.91,143.99,54020300.0,143.466,62504
2007-01-25,143.97,143.97,134.4,142.31,64750200.0,142.858,90698
2007-01-26,142.41,142.75,141.58,142.22,71240300.0,142.06,90934
2007-01-29,142.05,142.8,141.74,142.02,60113900.0,142.196,81011
2007-01-30,142.24,142.87,142.06,142.77,55437000.0,142.489,73577
2007-01-31,142.52,144.13,142.4,143.79,87149600.0,143.275,92179
2007-02-01,144.07,144.66,143.8,144.53,65794000.0,144.24,82873
2007-02-02,144.65,144.98,144.38,144.78,47668800.0,144.725,63321
2007-02-05,144.65,144.94,144.34,144.82,44312500.0,144.684,58484
2007-02-06,145.03,145.1,144.33,144.97,52656200.0,144.684,68849
2007-02-07,145.0,145.36,143.9,145.11,53161400.0,145.038,69560
2007-02-08,145.05,145.12,144.27,144.97,66098000.0,144.686,77399
2007-02-09,145.04,146.11,143.39,143.9,75945000.0,144.322,97698
2007-02-12,143.9,144.11,143.19,143.5,59057300.0,143.527,60201
2007-02-13,143.66,144.9,143.5,144.65,61125800.0,144.2,71215
2007-02-14,144.71,145.9,144.48,145.6,62783700.0,145.481,78729
2007-02-15,145.68,145.95,145.43,145.55,37358500.0,145.712,58405
2007-02-16,145.6,145.81,145.23,145.73,34301100.0,145.516,51429
2007-02-20,145.57,146.2,144.06,145.99,52869200.0,145.74,78814
2007-02-21,145.97,146.07,145.35,145.95,62358500.0,145.779,89756
2007-02-22,146.12,146.42,145.17,145.8,72701700.0,145.769,98611
2007-02-23,145.77,145.87,144.75,145.35,70516300.0,145.342,95089
2007-02-26,145.78,145.95,144.75,145.2,67025200.0,145.303,94275
2007-02-27,144.52,144.57,139.0,139.63,233827900.0,142.025,220139
2007-02-28,140.98,141.98,139.8,140.8,169660400.0,140.969,163131
2007-03-01,141.06,141.25,138.05,140.61,194468700.0,140.1,165708
2007-03-02,140.65,140.66,138.6,138.94,152529800.0,139.72,143811
2007-03-05,137.55,140.0,137.08,137.91,138904000.0,138.491,130766
2007-03-06,139.1,140.12,137.72,139.84,128837400.0,139.27,122326
2007-03-07,139.55,140.46,139.28,139.47,107368100.0,139.869,128290
2007-03-08,140.55,141.16,139.78,140.73,104119800.0,140.723,133444
2007-03-09,140.63,141.64,140.08,140.61,105144300.0,140.779,116295
2007-03-12,140.87,141.34,140.12,140.91,73936900.0,140.73,81830
2007-03-13,140.8,140.8,138.04,138.11,165467900.0,139.4,178088
2007-03-14,138.18,139.59,136.5,139.51,221262200.0,138.179,228514
2007-03-15,139.4,139.99,137.72,139.25,128188300.0,139.505,148203
2007-03-16,138.72,141.0,137.95,138.21,111250700.0,138.848,155138
2007-03-19,139.23,140.33,138.55,140.23,81225700.0,139.767,110797
2007-03-20,140.0,141.07,139.93,140.9,80607000.0,140.576,110430
2007-03-21,140.93,143.65,140.76,143.07,148629100.0,142.313,154051
2007-03-22,143.11,143.79,142.79,143.17,110991000.0,143.242,147504
2007-03-23,143.25,143.81,143.14,143.45,72167000.0,143.447,103066
2007-03-26,143.41,143.65,142.09,143.23,105113500.0,142.853,143913
2007-03-27,143.07,143.9,141.86,142.42,94878900.0,142.753,127703
2007-03-28,142.49,142.49,141.26,141.83,144868600.0,141.902,185873
2007-03-29,142.19,142.98,141.19,142.19,135839100.0,141.911,173195
2007-03-30,141.98,142.84,140.56,142.0,118120700.0,141.9,166979
2007-04-02,142.03,1441.65,140.89,142.28,78831200.0,143.407,120255
2007-04-03,142.78,143.98,142.16,143.74,77313000.0,143.495,111507
2007-04-04,143.75,143.95,141.48,143.78,63809000.0,143.694,89060
2007-04-05,143.76,144.44,143.61,144.31,46608700.0,144.095,68563
2007-04-09,144.85,144.89,144.15,144.42,48989600.0,144.494,78218
2007-04-10,144.52,144.85,144.25,144.6,53968100.0,144.625,76435
2007-04-11,144.73,144.89,143.54,143.95,103727600.0,144.079,136541
2007-04-12,143.75,144.92,142.66,144.72,111628800.0,144.139,123586
2007-04-13,144.62,145.32,144.27,145.24,81155900.0,144.885,111175
2007-04-16,145.6,146.86,145.5,146.65,77852500.0,146.458,112184
2007-04-17,146.35,147.4,146.06,146.82,107844300.0,147.048,135328
2007-04-18,146.9,147.7,146.52,147.1,87407000.0,147.097,124557
2007-04-19,146.36,147.4,145.82,147.29,101349700.0,146.96,135763
2007-04-20,147.77,148.62,147.47,148.59,110553100.0,148.117,130215
2007-04-23,148.44,148.73,140.56,148.19,72682700.0,148.335,101585
2007-04-24,148.09,148.4,147.32,148.27,109821900.0,147.902,139263
2007-04-25,148.59,149.66,148.16,149.56,104382700.0,148.905,130831
2007-04-26,149.61,149.83,149.1,149.48,86434700.0,149.437,113481
2007-04-27,149.42,150.04,148.84,149.65,99480000.0,149.262,129648
2007-04-30,149.47,149.9,140.93,148.31,98817700.0,149.111,136557
2007-05-01,148.52,149.94,147.67,148.74,128039500.0,148.227,168541
2007-05-02,149.02,149.95,148.75,149.57,85458400.0,149.524,126328
2007-05-03,149.37,150.4,149.05,150.28,85244000.0,150.104,129607
2007-05-04,150.78,151.56,150.22,150.94,94820700.0,150.653,138814
2007-05-07,150.88,151.2,150.8,150.93,62898200.0,150.989,88671
2007-05-08,150.53,150.92,150.13,150.65,79769100.0,150.527,122552
2007-05-09,150.7,152.82,150.37,151.12,101065000.0,151.012,128375
2007-05-10,151.01,151.02,149.27,149.56,149012500.0,150.072,166960
2007-05-11,149.81,150.98,149.61,150.91,113511500.0,150.28,133433
2007-05-14,150.87,151.3,149.79,150.37,106309100.0,150.637,133206
2007-05-15,150.12,151.66,150.05,150.45,172635100.0,150.938,195935
2007-05-16,150.59,151.67,150.38,151.43,112103800.0,150.993,145291
2007-05-17,151.47,151.96,151.11,151.37,99311800.0,151.521,143485
2007-05-18,151.67,152.65,151.21,152.58,94635700.0,152.167,141629
2007-05-21,152.64,157.69,152.44,152.63,69018900.0,152.81,102305
2007-05-22,152.83,153.16,152.37,152.42,79513500.0,152.75,129499
2007-05-23,152.96,153.5,152.01,152.41,121083100.0,152.969,170708
2007-05-24,152.27,153.21,150.74,151.17,180181700.0,151.78,223502
2007-05-25,151.55,1511.7,151.18,151.8,81506300.0,152.396,111786
2007-05-29,152.13,152.5,151.45,152.14,82856600.0,151.991,124127
2007-05-30,151.72,153.54,151.34,153.51,128719400.0,152.33,155980
2007-05-31,153.51,153.89,150.5,153.44,103169100.0,153.521,122323
2007-06-01,153.82,154.4,153.51,153.88,98851600.0,153.936,114063
2007-06-04,153.76,154.39,153.3,154.08,76923700.0,153.954,94802
2007-06-05,154.07,154.07,143.46,153.5,121679800.0,153.418,153343
2007-06-06,153.0,161.9,151.75,152.05,157242100.0,152.254,186034
2007-06-07,152.27,152.5,149.0,149.22,226290000.0,150.644,279045
2007-06-08,148.6,151.21,148.5,151.1,174417700.0,150.017,224120
2007-06-11,151.01,151.95,149.6,151.33,97310200.0,151.351,136604
2007-06-12,150.97,151.54,149.35,149.35,218696300.0,150.473,257472
2007-06-13,149.84,152.07,149.25,151.88,157536600.0,150.913,197843
2007-06-14,151.91,153.12,151.85,152.79,135038100.0,152.644,161291
2007-06-15,152.26,153.66,152.06,152.97,136774800.0,153.175,145317
2007-06-18,153.34,153.51,152.6,152.67,80135200.0,152.999,106276
2007-06-19,152.76,153.38,152.36,153.07,103891300.0,152.898,143137
2007-06-20,153.62,153.8,150.96,151.2,170315700.0,152.487,212863
2007-06-21,151.24,152.11,150.25,151.85,196370800.0,151.277,228656
2007-06-22,151.34,151.77,149.85,150.7,200074800.0,150.67,243885
2007-06-25,150.6,151.25,149.02,150.0,227625000.0,150.151,261301
2007-06-26,150.03,150.46,148.28,148.35,191170200.0,149.623,256668
2007-06-27,148.59,150.57,147.81,150.47,212066300.0,149.229,247210
2007-06-28,150.55,151.42,149.67,150.39,154360000.0,150.724,209700
2007-06-29,150.03,151.65,113.35,150.32,192841100.0,150.373,270305
2007-07-03,152.3,152.5,151.99,152.24,52835100.0,152.268,74627
2007-07-05,152.64,152.76,151.63,152.34,80365000.0,152.166,125333
2007-07-06,152.46,153.17,151.93,152.92,74597600.0,152.585,120225
2007-07-09,153.19,154.2,152.62,153.06,70305600.0,153.059,115348
2007-07-10,152.83,152.9,150.75,150.9,173556300.0,151.81,232690
2007-07-11,151.3,152.35,150.4,152.24,169991800.0,151.297,218802
2007-07-12,151.98,154.75,151.98,154.44,131940100.0,153.501,191624
2007-07-13,154.43,155.46,154.39,154.91,104204800.0,154.971,172616
2007-07-16,154.91,155.53,154.58,154.85,96166900.0,155.038,172729
2007-07-17,154.66,156.0,153.35,153.93,122938200.0,155.083,182478
2007-07-18,154.11,154.9,153.3,154.6,229906500.0,154.031,292972
2007-07-19,154.77,155.53,154.64,154.8,143925100.0,155.149,219373
2007-07-20,155.11,155.14,152.25,153.47,237086500.0,153.812,319132
2007-07-23,153.51,154.72,50.11,153.87,117831500.0,154.001,181952
2007-07-24,153.89,154.28,150.76,151.29,244066300.0,152.38,351496
2007-07-25,151.86,152.39,150.25,151.99,256862700.0,151.371,367534
2007-07-26,151.21,151.76,47.5,148.08,450896200.0,148.304,617800
2007-07-27,148.17,148.87,144.95,145.3,396817300.0,147.297,570819
2007-07-30,145.45,147.81,144.9,147.3,269560600.0,146.507,392125
2007-07-31,148.0,149.46,144.68,145.0,301164800.0,147.448,445919
2007-08-01,144.58,147.01,143.95,146.73,446981200.0,145.301,578186
2007-08-02,146.56,147.96,145.26,147.58,282890800.0,146.895,354928
2007-08-03,147.52,147.9,143.2,143.6,347137300.0,145.753,448824
2007-08-06,144.83,149.1,142.53,146.3,312409200.0,144.471,462459
2007-08-07,146.32,149.0,143.71,147.85,272339500.0,147.066,414342
2007-08-08,148.2,150.59,147.34,149.93,268533200.0,149.217,406063
2007-08-09,148.64,154.53,144.59,144.59,354575200.0,147.325,478992
2007-08-10,144.33,150.2,37.55,145.05,394903900.0,144.637,580931
2007-08-13,145.84,146.89,144.71,144.93,175326900.0,146.143,278322
2007-08-14,145.56,146.06,142.72,142.9,254717800.0,144.011,395996
2007-08-15,142.59,144.46,140.62,140.88,317187000.0,142.694,468594
2007-08-16,139.96,142.99,137.0,142.43,532119500.0,139.514,774821
2007-08-17,140.58,163.61,140.54,144.8,360993800.0,144.166,496334
2007-08-20,144.95,145.47,143.11,144.51,180759900.0,144.354,267131
2007-08-21,144.33,145.97,144.14,144.9,147116100.0,144.979,229362
2007-08-22,146.03,147.88,144.97,147.77,166547600.0,146.141,250338
2007-08-23,148.03,148.13,145.61,146.32,191668600.0,146.485,324867
2007-08-24,146.14,148.42,145.4,148.39,122591700.0,147.262,200609
2007-08-27,147.86,148.33,146.73,146.79,102050100.0,147.388,160698
2007-08-28,146.41,146.96,143.46,143.59,213310800.0,145.018,284742
2007-08-29,144.43,146.78,143.72,146.57,194218300.0,145.27,304288
2007-08-30,145.81,147.19,145.31,146.28,183936800.0,146.244,296351
2007-08-31,147.69,148.5,143.72,147.57,171268600.0,147.703,243674
2007-09-04,147.56,149.98,147.25,148.86,115656200.0,148.813,186525
2007-09-05,148.33,149.45,147.0,147.63,157049400.0,147.609,251650
2007-09-06,147.41,148.61,147.12,148.05,124161900.0,147.978,190139
2007-09-07,147.61,147.9,145.26,146.25,215521400.0,146.176,310347
2007-09-10,146.03,147.77,144.33,145.68,195243400.0,145.579,250024
2007-09-11,146.39,147.7,1.86,147.36,151092500.0,146.884,237333
2007-09-12,147.25,148.44,146.91,147.73,141321300.0,147.741,216429
2007-09-13,147.54,149.45,147.47,148.27,133097800.0,148.859,212171
2007-09-14,148.2,149.09,147.68,148.93,114036000.0,148.58,178826
2007-09-17,147.9,148.89,147.63,148.03,105289700.0,148.188,158687
2007-09-18,148.34,152.61,148.07,152.52,245115600.0,150.454,348482
2007-09-19,152.88,154.39,148.1,153.05,181814600.0,153.559,317298
2007-09-20,152.93,153.43,152.11,152.34,147965600.0,152.801,234325
2007-09-21,152.29,153.12,151.72,152.05,107796400.0,152.519,159744
2007-09-24,152.24,152.82,151.23,151.29,134087500.0,152.066,214833
2007-09-25,151.27,151.7,150.47,151.65,126480800.0,151.152,211095
2007-09-26,152.06,152.77,151.39,152.38,124959300.0,152.214,182276
2007-09-27,152.97,153.31,152.19,152.96,96111900.0,152.746,151468
2007-09-28,152.59,153.19,151.98,152.65,121251800.0,152.549,196931
2007-10-01,152.75,154.75,152.29,154.27,139137900.0,153.873,202720
2007-10-02,154.35,154.68,153.81,154.18,109086300.0,154.234,171471
2007-10-03,153.97,154.41,153.01,153.96,109505300.0,153.877,171167
2007-10-04,154.09,154.26,153.59,153.96,71491900.0,153.974,119288
2007-10-05,154.38,156.1,153.79,156.0,129538100.0,155.327,198178
2007-10-08,155.39,155.54,154.77,155.23,68063600.0,155.097,107678
2007-10-09,155.32,156.51,155.03,156.25,91682400.0,155.675,140663
2007-10-10,156.17,156.48,155.41,156.25,98661400.0,155.922,158438
2007-10-11,156.84,157.52,154.54,155.28,219841300.0,156.054,302693
2007-10-12,155.01,156.6,154.99,156.43,113921100.0,155.851,177465
2007-10-15,156.45,156.46,153.94,154.86,154936000.0,154.931,238778
2007-10-16,154.11,156.48,153.47,154.35,158813700.0,153.969,234135
2007-10-17,154.61,155.16,152.47,154.15,198606200.0,153.727,315936
2007-10-18,154.15,154.5,153.08,153.88,131263300.0,153.618,212457
2007-10-19,152.96,156.48,149.27,149.4,281125100.0,151.505,417264
2007-10-22,149.25,151.06,148.5,150.97,245831500.0,149.798,363065
2007-10-23,151.1,151.95,149.98,151.3,170885000.0,151.122,251811
2007-10-24,150.88,151.95,148.0,151.77,312466100.0,150.305,447253
2007-10-25,151.39,152.29,149.88,151.98,227106200.0,151.208,320331
2007-10-26,151.63,153.97,151.53,153.8,165207300.0,152.782,238673
2007-10-29,154.05,154.44,153.55,153.92,101398700.0,153.992,166609
2007-10-30,153.77,153.77,152.86,152.9,126154800.0,153.335,176853
2007-10-31,153.28,155.27,152.84,154.73,207819500.0,154.051,306542
2007-11-01,154.5,154.65,150.59,151.02,308080700.0,152.221,434262
2007-11-02,151.01,152.0,149.21,151.38,319332400.0,150.434,459784
2007-11-05,150.13,151.16,148.0,150.23,212615700.0,150.041,297540
2007-11-06,150.47,152.11,149.5,151.74,163289300.0,150.96,267807
2007-11-07,151.33,151.75,146.35,147.13,285474000.0,149.349,436215
2007-11-08,147.88,149.3,145.07,147.5,357753300.0,146.949,448165
2007-11-09,147.54,147.54,144.85,144.87,260322300.0,146.12,386706
2007-11-12,145.42,146.61,143.44,143.88,235004900.0,145.482,320128
2007-11-13,144.53,148.31,144.53,147.95,185612600.0,146.47,256378
2007-11-14,148.27,149.41,146.78,147.51,211866800.0,148.438,281975
2007-11-15,146.82,147.6,144.38,145.51,247174800.0,146.106,355823
2007-11-16,145.5,146.49,144.57,145.95,286158800.0,145.51,396094
2007-11-19,145.93,148.7,143.19,143.95,254602100.0,144.088,371573
2007-11-20,144.34,145.53,142.11,144.07,399830700.0,143.876,520621
2007-11-21,143.44,143.91,141.67,141.88,238994900.0,142.697,383505
2007-11-23,142.71,144.34,142.1,143.95,80012700.0,143.615,120480
2007-11-26,145.2,145.2,140.66,140.86,198409300.0,143.185,285369
2007-11-27,142.37,143.23,140.95,142.6,262130700.0,142.178,382153
2007-11-28,142.62,147.47,142.5,147.04,239570000.0,146.063,370388
2007-11-29,146.62,148.2,146.1,148.07,186284300.0,146.96,292732
2007-11-30,148.01,149.87,147.33,148.55,207672200.0,148.397,318660
2007-12-03,148.18,148.71,147.29,147.37,141157500.0,147.788,213062
2007-12-04,147.21,156.49,146.31,146.64,129303600.0,146.819,192139
2007-12-05,147.26,149.65,146.76,149.57,162977600.0,148.406,244035
2007-12-06,149.1,151.21,148.38,150.79,142028400.0,149.927,236589
2007-12-07,150.63,151.68,150.33,150.77,125882700.0,151.101,192429
2007-12-10,150.5,161.61,150.5,152.12,103591600.0,151.807,183524
2007-12-11,152.46,152.89,147.78,148.41,227099600.0,150.126,356356
2007-12-12,149.27,152.0,147.19,149.18,294412500.0,149.702,408805
2007-12-13,148.6,149.48,147.3,149.47,212803600.0,148.26,323485
2007-12-14,148.99,149.1,146.9,147.17,146915600.0,148.072,222626
2007-12-17,146.08,147.22,144.86,145.27,159103700.0,145.928,239651
2007-12-18,145.7,148.07,143.96,146.25,235200500.0,145.475,339921
2007-12-19,145.62,146.89,144.94,145.98,186624100.0,146.011,287551
2007-12-20,146.17,146.91,145.18,146.84,174154900.0,146.063,247461
2007-12-21,147.11,148.43,146.41,148.42,130609900.0,147.675,187553
2007-12-24,148.35,149.48,148.22,149.2,44917400.0,149.097,68495
2007-12-26,149.32,149.68,148.5,149.35,63089700.0,149.136,100362
2007-12-27,149.41,149.63,147.32,147.9,111463300.0,148.245,149200
2007-12-28,148.18,148.98,146.9,147.09,98131300.0,147.652,150142
2007-12-31,147.72,147.75,146.0,146.2,92359600.0,146.733,157987
2008-01-02,146.89,147.15,143.88,145.2,171138600.0,145.124,247310
2008-01-03,144.73,145.49,144.12,144.65,114129700.0,144.889,173064
2008-01-04,145.31,145.34,140.91,141.24,206816500.0,142.145,331338
2008-01-07,141.74,142.29,140.1,141.29,211843800.0,141.222,317036
2008-01-08,141.89,142.9,138.44,138.97,303078200.0,141.156,411550
2008-01-09,139.36,140.84,137.7,140.48,284650500.0,139.25,396578
2008-01-10,140.03,142.8,139.37,141.19,301292600.0,141.024,416726
2008-01-11,140.6,141.9,139.0,140.2,249971000.0,140.479,350040
2008-01-14,140.42,141.86,140.15,141.25,141705100.0,141.032,202047
2008-01-15,140.71,140.99,136.71,136.86,217109700.0,138.789,313691
2008-01-16,137.1,139.12,136.28,137.5,332808600.0,137.755,433116
2008-01-17,137.65,138.0,132.93,134.1,363984500.0,135.265,459559
2008-01-18,134.02,135.51,131.1,131.66,335374500.0,132.833,457702
2008-01-22,125.74,132.25,125.0,130.47,403251800.0,129.998,535354
2008-01-23,130.04,134.65,126.02,134.19,450935300.0,129.645,596564
2008-01-24,133.37,136.3,133.27,135.51,244479000.0,134.508,343352
2008-01-25,136.15,136.76,132.6,133.15,240414300.0,134.502,355504
2008-01-28,132.49,135.52,132.0,135.3,201661300.0,133.891,301430
2008-01-29,135.29,136.45,134.88,135.73,151064100.0,135.834,227301
2008-01-30,135.4,138.54,133.2,133.74,311414200.0,136.478,393021
2008-01-31,134.15,138.54,133.02,137.32,308624700.0,136.089,423004
2008-02-01,137.8,139.8,137.37,139.55,196664300.0,138.608,293239
2008-02-04,139.41,139.86,137.57,137.62,118612100.0,138.422,190450
2008-02-05,137.75,137.75,133.67,134.36,260573900.0,135.132,379542
2008-02-06,134.49,135.25,132.0,132.17,227399900.0,133.885,318114
2008-02-07,133.03,134.79,131.25,133.86,279093000.0,133.119,408880
2008-02-08,134.18,134.22,132.1,133.0,193296900.0,133.191,283142
2008-02-11,132.86,134.23,132.04,133.65,179713900.0,133.266,272831
2008-02-12,133.52,136.31,133.45,134.67,244133200.0,135.243,366963
2008-02-13,135.26,137.1,134.51,136.61,170890100.0,136.136,267508
2008-02-14,136.75,137.04,134.79,134.87,190025700.0,135.781,286166
2008-02-15,135.51,136.1,133.36,135.22,142675200.0,134.523,228810
2008-02-19,136.01,136.99,134.61,135.22,141298900.0,135.805,235553
2008-02-20,134.81,137.6,133.5,136.35,212301600.0,135.111,353302
2008-02-21,136.04,137.01,134.07,134.5,187692300.0,135.535,299138
2008-02-22,134.64,135.85,132.86,135.47,195508200.0,134.004,311774
2008-02-25,136.12,137.65,134.78,137.25,177384100.0,136.222,334222
2008-02-26,137.33,138.95,136.5,138.35,192223800.0,137.845,314458
2008-02-27,138.11,139.14,137.3,137.85,162667700.0,138.243,288948
2008-02-28,137.68,137.96,136.03,136.08,159967600.0,137.174,283389
2008-02-29,136.36,138.22,132.78,133.47,220682300.0,134.366,346525
2008-03-03,132.73,133.96,132.24,133.34,184284000.0,133.06,300925
2008-03-04,133.33,133.4,130.99,133.13,273048500.0,132.112,433514
2008-03-05,132.86,134.77,132.34,133.71,252918800.0,133.585,413187
2008-03-06,133.55,133.83,130.55,131.06,239790900.0,131.949,383839
2008-03-07,130.38,132.09,128.58,129.46,315281200.0,130.081,508647
2008-03-10,129.87,130.26,127.56,127.79,225003000.0,128.644,381524
2008-03-11,128.36,133.15,128.22,132.84,314247200.0,130.471,517341
2008-03-12,132.41,133.77,130.84,130.9,210810800.0,132.457,344127
2008-03-13,129.96,132.64,128.6,131.75,334981300.0,130.757,582216
2008-03-14,130.89,133.76,127.78,129.63,456424400.0,129.876,722392
2008-03-17,127.06,130.5,125.63,128.7,366893200.0,127.632,615433
2008-03-18,129.26,133.7,128.37,133.51,310327900.0,131.527,533278
2008-03-19,132.65,134.65,129.65,129.78,314567800.0,132.633,499256
2008-03-20,129.65,132.91,128.58,132.2,234506300.0,131.18,378046
2008-03-24,132.79,135.81,132.55,135.1,192598700.0,134.809,322388
2008-03-25,134.57,135.62,133.77,134.49,170896800.0,134.804,316344
2008-03-26,134.1,134.7,132.92,133.2,181501500.0,133.933,299904
2008-03-27,133.27,137.77,132.36,132.77,205280900.0,133.458,364254
2008-03-28,133.3,133.7,131.06,131.71,165219300.0,132.343,287293
2008-03-31,130.76,132.73,130.76,131.88,155529100.0,131.991,244901
2008-04-01,132.52,136.89,131.28,136.53,226038900.0,135.4,377893
2008-04-02,136.15,137.67,135.98,136.51,203158500.0,136.908,363805
2008-04-03,136.72,137.44,135.65,137.0,167071100.0,136.574,280644
2008-04-04,137.07,138.28,136.12,136.93,191731800.0,137.054,325971
2008-04-07,137.97,138.57,136.4,136.6,146710700.0,137.614,271183
2008-04-08,136.37,137.26,135.95,136.98,143131900.0,136.453,246769
2008-04-09,136.32,136.97,134.89,135.7,180366200.0,135.656,298153
2008-04-10,135.16,136.67,134.9,136.36,180665800.0,135.959,296210
2008-04-11,136.43,136.49,133.01,133.25,199165800.0,134.103,303143
2008-04-14,133.08,133.54,132.45,133.06,154205400.0,132.995,272955
2008-04-15,132.75,134.27,132.33,134.01,160792300.0,133.019,297672
2008-04-16,133.92,137.0,133.4,136.64,175115300.0,135.386,287025
2008-04-17,136.39,137.41,135.66,137.23,160958600.0,136.255,289797
2008-04-18,137.28,139.56,137.28,138.58,195042800.0,138.885,295291
2008-04-21,138.59,138.98,136.87,138.27,114241500.0,138.394,210645
2008-04-22,138.29,138.75,136.64,138.01,147727200.0,137.585,269266
2008-04-23,138.41,138.78,137.04,137.28,175026400.0,137.891,296679
2008-04-24,137.14,139.74,136.72,138.28,219043500.0,138.496,354571
2008-04-25,139.0,139.89,137.91,139.6,179282400.0,138.972,296111
2008-04-28,139.69,140.31,139.35,139.66,101680200.0,139.865,189274
2008-04-29,139.57,139.73,138.61,138.9,120790100.0,139.18,208221
2008-04-30,139.11,140.59,138.22,138.5,192783300.0,139.418,317863
2008-05-01,138.69,141.17,138.26,141.09,176601400.0,139.883,296598
2008-05-02,141.07,142.6,140.56,141.66,175078500.0,141.459,311784
2008-05-05,141.0,141.61,140.41,140.88,113627700.0,140.842,194453
2008-05-06,140.85,142.25,139.69,142.11,167037300.0,141.057,270613
2008-05-07,141.6,142.13,139.13,139.65,178676600.0,140.548,327316
2008-05-08,139.87,140.35,138.97,139.19,162347800.0,139.622,307895
2008-05-09,138.7,139.87,138.32,138.91,141770400.0,138.877,284784
2008-05-12,139.41,140.6,138.73,140.6,142430600.0,139.797,265976
2008-05-13,140.1,141.11,139.72,140.38,148153700.0,140.307,270652
2008-05-14,140.72,142.2,139.99,140.81,167688800.0,141.496,260228
2008-05-15,141.12,142.95,140.83,142.32,154931900.0,141.637,280815
2008-05-16,142.53,143.03,141.61,142.76,187757700.0,142.283,293377
2008-05-19,142.6,144.3,142.3,143.0,157905900.0,143.303,295918
2008-05-20,142.67,142.75,141.0,141.78,165352900.0,141.661,288889
2008-05-21,142.14,142.26,139.0,139.38,239487400.0,140.597,405063
2008-05-22,140.04,140.17,139.0,139.45,162892900.0,139.664,280326
2008-05-23,138.93,139.2,137.4,137.66,159440500.0,138.163,303794
2008-05-27,137.69,139.0,137.32,138.74,153046600.0,138.317,257149
2008-05-28,138.89,140.0,138.0,139.18,163302700.0,138.755,280123
2008-05-29,139.72,140.93,138.97,139.93,164558900.0,140.04,314357
2008-05-30,139.96,140.74,139.94,140.42,107078500.0,140.387,186416
2008-06-02,139.71,140.35,138.0,138.79,162412900.0,138.734,293166
2008-06-03,138.8,139.62,137.0,138.01,248861900.0,138.466,412669
2008-06-04,137.86,139.25,137.45,138.15,236694200.0,138.258,386146
2008-06-05,138.53,140.91,138.08,140.87,216702500.0,139.685,342827
2008-06-06,141.09,141.4,136.22,136.55,341061800.0,138.077,522273
2008-06-09,136.81,137.5,135.0,136.57,215891900.0,136.503,346281
2008-06-10,135.72,137.1,135.18,136.0,240039800.0,136.2,427793
2008-06-11,136.33,136.66,133.85,134.15,257639800.0,134.784,434341
2008-06-12,134.67,135.87,133.52,134.6,241146000.0,134.8,414706
2008-06-13,134.21,136.52,134.21,136.07,233776300.0,135.543,412975
2008-06-16,136.29,136.93,135.38,136.16,174927100.0,136.263,318054
2008-06-17,136.61,137.38,135.33,135.41,180837500.0,136.234,321420
2008-06-18,135.44,135.74,133.71,134.08,251236100.0,134.4,401335
2008-06-19,133.96,135.24,132.0,134.14,280404600.0,134.328,474344
2008-06-20,133.44,133.71,131.22,131.78,266900900.0,132.192,451577
2008-06-23,131.99,132.47,131.14,131.35,146049900.0,131.71,267856
2008-06-24,131.58,132.44,130.19,131.24,248032000.0,131.366,444785
2008-06-25,131.84,133.4,131.16,131.51,264005300.0,132.364,465997
2008-06-26,131.4,131.49,128.08,128.26,284877500.0,129.48,534831
2008-06-27,128.37,128.86,127.04,127.82,288857000.0,127.947,499141
2008-06-30,127.93,128.91,127.3,128.24,242824600.0,128.227,414735
2008-07-01,127.8,128.61,125.93,128.47,352968100.0,127.329,627796
2008-07-02,128.67,129.28,125.95,126.2,283642000.0,127.853,519391
2008-07-03,126.52,127.22,124.99,126.38,220788200.0,126.322,394851
2008-07-07,126.41,127.34,123.92,125.07,345114800.0,125.55,639132
2008-07-08,123.86,127.45,123.6,127.3,357871500.0,125.595,597342
2008-07-09,126.8,127.75,124.37,124.45,321619800.0,126.559,539503
2008-07-10,124.83,125.8,123.58,125.49,415312200.0,124.665,787617
2008-07-11,124.99,126.0,122.49,123.81,453500500.0,123.77,911116
2008-07-14,125.11,125.92,122.4,122.81,313914100.0,123.611,611407
2008-07-15,121.89,123.49,120.02,121.38,468026500.0,121.822,877853
2008-07-16,121.4,124.57,120.25,123.97,339052800.0,122.683,662598
2008-07-17,124.02,126.26,123.73,124.58,339951600.0,125.273,658491
2008-07-18,124.75,126.42,124.5,126.06,226635200.0,125.71,421658
2008-07-21,125.68,126.87,124.39,124.96,205303200.0,126.125,380968
2008-07-22,125.1,127.8,124.8,127.48,284006000.0,126.101,504669
2008-07-23,127.97,129.15,127.55,128.29,293911400.0,128.244,556498
2008-07-24,128.09,128.41,125.16,125.51,240831900.0,126.656,488480
2008-07-25,125.59,126.49,125.11,125.44,204686200.0,125.765,415839
2008-07-28,125.34,126.06,123.2,123.71,188738900.0,124.684,373506
2008-07-29,123.84,126.38,123.28,126.26,249035500.0,125.166,472828
2008-07-30,126.27,128.68,126.1,128.53,336073400.0,127.421,600893
2008-07-31,128.25,129.08,126.6,126.87,265611700.0,127.778,533205
2008-08-01,126.9,127.75,125.46,126.21,234685700.0,126.181,467266
2008-08-04,126.25,126.25,124.76,125.06,183388300.0,125.406,360590
2008-08-05,125.5,128.62,124.97,128.53,234541900.0,127.255,470255
2008-08-06,128.4,129.3,127.48,128.61,200325000.0,128.458,410419
2008-08-07,128.75,129.05,126.54,126.97,232442100.0,127.727,437900
2008-08-08,127.31,129.93,126.38,129.29,247728700.0,128.547,490955
2008-08-11,129.19,131.51,129.19,130.53,240040300.0,130.446,462359
2008-08-12,130.19,130.91,128.73,129.37,207085200.0,129.774,420478
2008-08-13,129.24,129.65,127.67,128.77,250572200.0,128.537,517729
2008-08-14,128.97,130.28,127.75,129.86,223423300.0,129.242,475288
2008-08-15,130.17,130.5,129.3,130.25,172948300.0,129.96,357390
2008-08-18,129.97,130.79,127.66,128.38,164338900.0,128.852,369547
2008-08-19,128.13,128.39,126.53,127.12,181210100.0,127.035,402587
2008-08-20,127.53,127.95,126.34,127.62,215029900.0,127.144,434308
2008-08-21,126.81,128.44,126.6,127.75,174635100.0,127.525,370877
2008-08-22,128.02,129.67,127.8,129.53,154297300.0,129.146,321922
2008-08-25,129.09,129.65,126.75,127.01,162791300.0,127.649,337635
2008-08-26,126.79,127.87,126.58,127.49,155883900.0,127.189,338326
2008-08-27,127.09,128.83,126.98,128.44,164555700.0,128.168,360781
2008-08-28,128.0,130.41,128.0,129.98,160584200.0,129.747,334363
2008-08-29,129.75,130.19,127.46,128.59,178008200.0,129.275,349429
2008-09-02,128.8,130.71,127.52,128.0,241223600.0,129.043,465993
2008-09-03,128.28,128.5,126.93,128.03,244691700.0,127.618,484432
2008-09-04,127.5,127.88,123.08,123.51,316641700.0,125.36,631014
2008-09-05,123.24,126.4,122.0,125.88,277351800.0,123.542,603395
2008-09-08,128.28,128.62,124.42,127.08,345876000.0,126.607,674719
2008-09-09,127.58,127.92,122.8,123.29,359977400.0,125.211,655346
2008-09-10,124.11,124.9,122.47,123.58,284945400.0,123.718,584801
2008-09-11,122.99,125.8,121.6,125.39,350853400.0,123.454,705488
2008-09-12,125.48,126.27,123.83,125.86,282681700.0,125.089,559857
2008-09-15,123.05,125.65,119.31,119.51,421320500.0,122.216,878779
2008-09-16,119.45,123.35,116.71,122.75,525880900.0,119.662,1108961
2008-09-17,121.0,122.7,116.0,116.76,566871400.0,118.317,1216941
2008-09-18,117.69,122.63,113.8,122.6,694001600.0,117.663,1469070
2008-09-19,122.99,128.09,116.52,124.53,407540700.0,124.604,809088
2008-09-22,123.72,125.0,120.36,121.29,224563900.0,122.484,475867
2008-09-23,121.49,122.02,118.28,119.82,298327500.0,120.137,685770
2008-09-24,120.0,120.5,117.79,118.78,266652600.0,118.767,560436
2008-09-25,118.95,121.91,118.44,119.65,286490800.0,120.661,633409
2008-09-26,118.88,121.5,118.21,121.41,259574400.0,119.765,579909
2008-09-29,118.42,121.18,110.52,111.85,424637600.0,115.211,930782
2008-09-30,114.0,116.8,110.53,116.2,274227700.0,114.796,663053
2008-10-01,115.05,116.77,113.95,116.58,303580800.0,115.466,681068
2008-10-02,115.8,116.45,111.06,112.03,337566100.0,112.848,743147
2008-10-03,112.55,115.45,109.68,110.3,423910500.0,112.743,976732
2008-10-06,107.72,109.62,100.64,104.56,544941600.0,104.271,1371240
2008-10-07,105.07,107.33,99.57,99.71,506067600.0,103.602,1263977
2008-10-08,96.86,104.98,96.4,97.22,664367400.0,99.754,1616977
2008-10-09,100.27,100.62,90.25,90.86,496110300.0,96.25,1124915
2008-10-10,89.3,93.94,83.58,89.52,800072200.0,87.982,1670010
2008-10-13,94.13,102.99,89.95,102.82,426642400.0,96.183,917171
2008-10-14,102.78,106.18,97.11,98.48,507703600.0,100.78,1119895
2008-10-15,99.0,99.86,88.34,88.9,455253400.0,94.527,1074535
2008-10-16,91.16,94.77,86.54,94.11,653463400.0,90.537,1696839
2008-10-17,92.73,98.59,91.0,93.4,437479400.0,95.105,1045852
2008-10-20,95.7,99.24,94.0,98.56,300048400.0,96.364,753433
2008-10-21,98.15,98.64,93.51,96.61,333970300.0,96.899,908951
2008-10-22,95.2,96.85,87.53,91.0,443187200.0,91.176,1084632
2008-10-23,92.3,92.45,85.81,91.43,582065300.0,89.205,1429253
2008-10-24,86.16,89.92,83.25,87.4,518610200.0,87.354,1418690
2008-10-27,83.17,89.51,82.81,83.69,371095200.0,87.129,1073299
2008-10-28,87.71,94.24,84.0,93.31,521563800.0,88.559,1477274
2008-10-29,92.02,97.17,91.73,93.6,504548700.0,94.424,1437632
2008-10-30,95.57,96.55,92.9,95.73,386124500.0,94.804,1190352
2008-10-31,94.67,98.57,94.25,97.2,373026900.0,96.525,1097881
2008-11-03,97.3,98.15,95.95,96.79,182439500.0,96.83,585478
2008-11-04,97.7,100.86,96.71,100.44,318119200.0,99.762,900575
2008-11-05,98.64,100.71,94.63,94.79,365884000.0,97.896,1049165
2008-11-06,95.31,96.19,90.06,90.85,447091900.0,92.104,1256645
2008-11-07,92.56,94.74,90.5,94.25,354916800.0,92.221,1041972
2008-11-10,95.81,96.55,90.92,92.17,272062700.0,92.869,793093
2008-11-11,92.04,92.14,88.65,90.2,391507000.0,90.06,1160275
2008-11-12,90.0,90.9,84.49,85.11,400473500.0,87.083,1130263
2008-11-13,86.24,91.73,82.09,90.7,695864600.0,86.452,1981241
2008-11-14,90.22,92.06,86.32,86.85,506082900.0,89.34,1456962
2008-11-17,87.7,88.56,85.1,85.24,388247300.0,86.688,1159762
2008-11-18,83.81,87.25,82.91,86.16,496027600.0,85.06,1475010
2008-11-19,85.52,86.87,80.92,81.51,518030500.0,83.646,1535556
2008-11-20,80.51,82.51,75.04,75.95,756435000.0,79.088,2292893
2008-11-21,78.52,80.9,74.34,79.54,672413900.0,76.93,2018661
2008-11-24,79.88,86.99,79.35,85.37,477433700.0,84.12,1322296
2008-11-25,84.33,87.79,83.82,85.47,425680700.0,85.835,1267713
2008-11-26,85.66,89.2,83.47,88.64,346889300.0,86.985,1000788
2008-11-28,89.11,90.21,88.09,90.09,107109300.0,89.18,295494
2008-12-01,88.71,90.03,81.82,82.38,343608200.0,84.798,1017636
2008-12-02,82.69,85.61,82.23,84.93,432722600.0,83.96,1277218
2008-12-03,83.72,87.83,83.1,87.0,470896700.0,85.562,1327028
2008-12-04,87.51,88.05,83.74,85.2,402479700.0,86.313,1139263
2008-12-05,85.32,88.42,82.24,87.72,438310400.0,85.081,1262248
2008-12-08,89.96,92.38,89.33,90.66,389714700.0,91.032,1177354
2008-12-09,91.09,92.13,88.98,89.61,337767300.0,90.345,1018419
2008-12-10,90.6,91.36,89.0,89.9,335076700.0,90.144,928951
2008-12-11,89.4,91.0,85.59,85.66,340383600.0,89.224,863370
2008-12-12,84.42,89.42,83.85,89.41,380748300.0,87.21,1077637
2008-12-15,88.45,89.73,86.29,87.57,240736800.0,87.49,681532
2008-12-16,88.02,92.03,87.37,91.62,339648800.0,89.975,918177
2008-12-17,89.37,92.43,89.37,90.88,250273800.0,91.175,708858
2008-12-18,91.39,91.81,88.21,90.0,313650900.0,90.245,821926
2008-12-19,88.89,90.62,87.8,88.2,273979500.0,89.048,746635
2008-12-22,88.15,89.15,85.49,87.44,224104800.0,86.933,605675
2008-12-23,87.38,87.95,85.75,86.19,194034600.0,86.813,568574
2008-12-24,86.15,86.87,85.84,86.63,55074000.0,86.514,163298
2008-12-26,87.04,87.37,86.5,87.16,72541000.0,86.92,195887
2008-12-29,87.26,87.58,85.6,87.37,120630500.0,86.403,345206
2008-12-30,88.04,89.44,87.09,89.36,152976300.0,88.067,437072
2008-12-31,88.98,90.97,88.87,89.65,177562900.0,90.056,497945
2009-01-02,89.99,93.44,89.85,92.74,211541200.0,91.989,587322
2009-01-05,92.77,94.55,90.24,92.67,229840500.0,92.765,650587
2009-01-06,93.08,94.45,92.68,93.26,301901400.0,93.45,873141
2009-01-07,92.48,93.49,90.2,90.86,257665700.0,91.235,699607
2009-01-08,90.85,91.31,89.52,91.15,240494500.0,90.34,664801
2009-01-09,90.54,91.85,88.67,89.03,300065500.0,89.682,796042
2009-01-12,88.85,88.92,86.41,87.41,254777700.0,87.405,623673
2009-01-13,86.55,87.88,86.08,87.68,333447200.0,87.099,917242
2009-01-14,87.1,87.15,83.16,83.79,382099200.0,84.468,1039388
2009-01-15,83.55,85.25,81.72,84.89,482900300.0,83.491,1205177
2009-01-16,85.2,86.16,83.05,85.45,379936700.0,84.726,1040531
2009-01-20,84.95,86.3,80.05,81.03,375331700.0,82.189,1010971
2009-01-21,81.25,84.67,80.47,84.06,343724100.0,82.163,929169
2009-01-22,84.28,84.38,81.17,82.71,394703600.0,82.519,1150962
2009-01-23,81.61,83.99,80.4,82.79,365849700.0,82.493,1045360
2009-01-26,82.86,85.36,82.1,83.94,304651100.0,84.131,902953
2009-01-27,84.78,85.56,83.3,85.34,254946900.0,84.46,732233
2009-01-28,86.1,87.95,85.95,87.26,304192900.0,86.95,817599
2009-01-29,86.6,87.03,84.46,84.79,266727600.0,85.429,720484
2009-01-30,85.2,85.4,82.21,83.1,342777300.0,83.472,995756
2009-02-02,81.54,83.18,81.14,82.7,266105900.0,82.249,739478
2009-02-03,82.9,84.36,82.07,83.83,263530400.0,83.239,765280
2009-02-04,83.61,85.37,82.8,82.88,299017700.0,84.128,882785
2009-02-05,83.11,85.29,82.12,84.57,375298400.0,84.184,997065
2009-02-06,84.25,87.74,84.1,87.61,345364700.0,86.487,906494
2009-02-09,85.8,87.74,85.8,85.95,225811500.0,87.017,612811
2009-02-10,85.87,87.03,82.45,83.44,453434000.0,84.284,1270761
2009-02-11,83.34,84.05,82.4,83.61,301377800.0,83.397,864108
2009-02-12,82.75,84.1,81.05,83.75,434808500.0,82.269,1222626
2009-02-13,84.09,84.38,82.35,82.58,278140900.0,83.432,809291
2009-02-17,82.33,82.96,79.02,79.34,439399800.0,79.76,1123714
2009-02-18,79.47,80.1,78.12,78.49,347966600.0,79.128,955511
2009-02-19,79.16,80.15,77.96,78.05,295588600.0,79.061,833679
2009-02-20,77.4,78.34,75.77,77.7,450732700.0,77.108,1221041
2009-02-23,78.66,78.94,74.47,75.19,363367800.0,75.991,1034860
2009-02-24,75.68,77.95,74.7,77.42,399524000.0,76.374,1095944
2009-02-25,77.05,78.42,75.63,77.32,431016200.0,76.771,1227738
2009-02-26,77.54,79.67,75.49,75.6,343669400.0,76.963,928189
2009-02-27,75.72,75.97,73.53,73.85,436806400.0,74.595,1129354
2009-03-02,72.5,73.4,70.37,71.2,404241400.0,71.455,1092589
2009-03-03,71.87,72.05,68.76,69.26,425882800.0,70.565,1198565
2009-03-04,70.68,72.87,69.67,71.46,431678000.0,71.54,1197326
2009-03-05,70.73,71.73,68.17,69.12,435588200.0,69.381,1241435
2009-03-06,69.41,70.45,67.1,69.43,448027100.0,68.48,1179499
2009-03-09,68.14,70.0,67.73,68.09,344043200.0,68.675,975322
2009-03-10,68.95,72.67,68.75,72.25,380414400.0,71.352,1080852
2009-03-11,72.04,73.75,71.8,72.26,346985900.0,72.831,1002228
2009-03-12,72.3,75.8,71.7,75.45,361146700.0,74.103,1024911
2009-03-13,76.03,76.59,74.73,76.34,310809300.0,75.715,897250
2009-03-16,76.83,77.97,75.66,76.25,330772300.0,76.947,870735
2009-03-17,76.13,78.53,75.45,78.3,331219600.0,76.968,835060
2009-03-18,78.26,80.9,77.07,79.75,431550800.0,78.906,1152509
2009-03-19,79.5,81.04,78.0,78.57,376736500.0,79.5,977403
2009-03-20,77.85,78.9,76.53,76.75,326510000.0,77.603,935337
2009-03-23,78.95,82.42,76.82,82.0,383775600.0,80.259,1119798
2009-03-24,81.58,82.36,80.5,80.83,304882000.0,81.468,973876
2009-03-25,81.0,82.7,79.06,81.5,420462100.0,81.096,1239083
2009-03-26,82.15,83.41,81.37,83.06,382752900.0,82.495,1100486
2009-03-27,82.64,83.28,81.31,82.0,299782100.0,81.927,909437
2009-03-30,79.6,81.38,77.96,79.17,312242100.0,78.791,925428
2009-03-31,79.61,81.08,78.76,79.05,337435500.0,79.97,960402
2009-04-01,78.78,81.42,78.33,81.28,353217400.0,80.3,985296
2009-04-02,82.91,84.61,82.43,83.91,423763300.0,83.672,1166734
2009-04-03,83.48,84.83,82.67,84.38,270025500.0,83.545,848676
2009-04-06,84.99,85.1,82.29,83.62,250958800.0,83.048,720380
2009-04-07,83.11,83.3,81.51,82.0,243398500.0,82.023,608711
2009-04-08,80.95,83.0,80.8,82.8,215264600.0,82.214,607802
2009-04-09,83.22,85.94,82.49,85.64,256384000.0,84.993,669935
2009-04-13,85.13,86.54,84.58,85.77,215890300.0,85.527,558427
2009-04-14,85.3,86.2,83.76,83.9,254678600.0,84.765,639449
2009-04-15,84.41,85.48,83.61,85.29,236488100.0,84.421,619836
2009-04-16,84.56,87.2,84.53,86.38,296840500.0,86.021,693897
2009-04-17,86.1,87.65,85.9,87.18,244896800.0,86.955,598449
2009-04-20,86.42,87.05,83.34,83.77,259722700.0,84.16,596387
2009-04-21,84.06,85.31,82.75,84.95,270795200.0,84.105,682384
2009-04-22,84.6,86.34,84.02,84.25,322592300.0,85.357,803138
2009-04-23,84.94,85.8,83.63,85.39,284235400.0,84.57,663072
2009-04-24,85.42,87.31,85.09,86.95,267887200.0,86.53,692014
2009-04-27,85.52,87.01,85.29,85.76,271598200.0,86.11,688567
2009-04-28,84.77,86.59,84.18,85.52,238420200.0,85.798,572599
2009-04-29,86.29,88.36,85.64,87.2,277893100.0,87.366,664773
2009-04-30,88.65,89.14,86.86,87.18,288123700.0,87.969,703822
2009-05-01,87.7,88.27,86.72,88.08,224871900.0,87.528,527551
2009-05-04,88.64,90.94,88.25,90.7,266577000.0,89.853,638063
2009-05-05,90.39,90.97,89.84,90.76,219566100.0,90.348,537776
2009-05-06,90.12,92.27,89.6,92.03,277364600.0,91.429,655092
2009-05-07,92.33,93.47,90.28,91.61,298170400.0,91.404,724422
2009-05-08,91.83,93.22,90.9,93.03,277953300.0,92.43,723227
2009-05-11,91.89,92.4,90.81,90.92,227345400.0,91.576,539798
2009-05-12,91.76,92.0,89.85,91.2,264379700.0,90.773,643842
2009-05-13,91.15,91.36,86.63,88.9,258860500.0,89.144,689513
2009-05-14,89.09,90.12,88.34,89.56,239018800.0,89.377,584044
2009-05-15,89.5,90.0,88.15,88.87,237256800.0,88.969,554784
2009-05-18,88.65,91.34,88.49,91.18,214839300.0,90.382,478366
2009-05-19,91.57,92.05,90.73,91.1,195987100.0,91.463,461176
2009-05-20,91.67,92.8,90.25,90.46,264229500.0,91.673,622218
2009-05-21,90.07,90.2,88.26,89.41,242469400.0,89.058,588071
2009-05-22,89.69,90.02,88.68,88.97,156206200.0,89.451,395943
2009-05-26,88.69,91.56,88.2,91.34,224387100.0,90.595,543048
2009-05-27,91.44,91.79,89.35,89.42,231223700.0,90.781,518515
2009-05-28,89.93,91.34,89.1,90.87,270881300.0,90.368,622871
2009-05-29,91.24,93.7,90.68,92.45,242836800.0,91.47,482522
2009-06-01,93.72,95.17,92.44,94.36,252001000.0,94.513,572462
2009-06-02,94.26,95.37,87.53,94.51,212847700.0,94.856,520246
2009-06-03,94.32,95.05,92.76,93.46,217718000.0,93.358,534410
2009-06-04,94.16,94.67,93.3,94.65,200217500.0,94.156,506760
2009-06-05,94.99,96.2,93.8,94.41,265040500.0,94.736,635403
2009-06-08,93.58,95.1,93.04,94.45,208741500.0,93.874,515271
2009-06-09,94.28,95.14,94.02,94.25,195212200.0,94.591,485019
2009-06-10,95.42,95.94,93.19,94.6,264801000.0,94.195,608142
2009-06-11,94.74,96.11,94.15,94.7,248773600.0,95.317,594919
2009-06-12,94.83,95.14,94.0,94.91,167523200.0,94.612,403409
2009-06-15,93.78,94.51,92.0,92.84,199484300.0,92.97,529635
2009-06-16,92.75,93.34,91.53,91.63,211506300.0,92.382,548221
2009-06-17,91.75,92.33,90.83,91.85,212378800.0,91.593,584120
2009-06-18,91.71,92.67,91.23,92.49,189461300.0,92.199,528938
2009-06-19,91.98,92.7,91.52,91.89,191241700.0,92.173,457315
2009-06-22,91.65,91.65,89.21,89.43,218630500.0,89.965,520592
2009-06-23,89.38,89.88,88.85,89.44,176118300.0,89.415,448445
2009-06-24,89.62,91.08,89.36,90.2,199593500.0,90.34,512243
2009-06-25,91.06,92.17,89.53,91.95,254696400.0,91.29,599324
2009-06-26,92.0,92.29,91.27,91.85,157979500.0,91.719,418994
2009-06-29,91.84,92.82,91.6,92.59,152495600.0,92.461,374764
2009-06-30,92.75,93.06,91.27,91.92,208040000.0,91.924,498139
2009-07-01,92.53,93.23,91.96,92.39,163402100.0,92.692,433987
2009-07-02,91.88,92.0,89.35,89.63,182400800.0,90.337,468651
2009-07-06,88.88,90.08,88.66,89.98,161011400.0,89.282,432381
2009-07-07,89.82,90.24,88.0,88.25,182076300.0,88.839,478225
2009-07-08,88.52,88.8,87.0,88.08,226461100.0,87.838,600816
2009-07-09,88.52,88.9,87.91,88.3,154559600.0,88.409,441472
2009-07-10,88.19,88.49,87.35,87.86,157760900.0,87.913,436905
2009-07-13,87.75,90.21,87.24,90.0,199376000.0,89.239,515107
2009-07-14,90.23,91.7,89.73,91.45,171475500.0,90.386,475272
2009-07-15,91.39,93.51,90.63,92.9,208857900.0,92.791,418565
2009-07-16,92.65,94.51,92.65,93.79,208373500.0,93.622,446352
2009-07-17,93.88,94.32,93.28,94.17,129762700.0,93.933,335308
2009-07-20,94.41,95.37,94.19,95.11,157088200.0,94.802,385470
2009-07-21,95.21,96.05,94.42,95.62,198144700.0,95.157,418337
2009-07-22,95.18,96.13,94.82,95.39,186575900.0,95.562,389170
2009-07-23,95.66,98.08,95.48,96.92,236176300.0,97.275,474417
2009-07-24,97.5,98.42,96.69,98.4,144513400.0,97.458,354037
2009-07-27,97.68,98.46,97.53,98.22,84491100.0,97.996,196082
2009-07-28,98.45,98.45,97.06,97.63,175040600.0,97.747,408490
2009-07-29,97.58,98.05,96.98,97.93,177273100.0,97.432,404201
2009-07-30,98.1,99.83,98.1,98.7,214358500.0,99.209,471490
2009-07-31,98.78,99.53,98.27,98.68,189641000.0,98.955,448107
2009-08-03,99.22,100.6,98.82,100.49,165747100.0,100.054,375894
2009-08-04,99.98,100.98,99.68,100.92,157955800.0,100.341,378930
2009-08-05,100.59,101.07,99.58,100.13,173515000.0,100.203,378223
2009-08-06,100.63,101.35,99.42,99.92,178353500.0,100.037,354463
2009-08-07,99.55,102.03,99.45,101.09,204218300.0,101.24,404062
2009-08-10,101.01,101.23,100.27,101.03,121563600.0,100.794,277169
2009-08-11,101.44,101.48,99.46,99.74,145660200.0,99.906,351570
2009-08-12,99.37,101.56,99.27,100.86,198719800.0,100.865,442826
2009-08-13,101.3,101.95,100.26,101.71,168556400.0,101.141,383031
2009-08-14,101.9,101.94,99.7,100.93,180785500.0,100.341,385104
2009-08-17,99.14,100.79,98.02,98.35,221869900.0,98.476,457889
2009-08-18,98.7,99.47,98.35,99.33,163269000.0,98.998,400219
2009-08-19,98.41,100.3,98.16,100.09,179417200.0,99.506,400441
2009-08-20,100.67,101.22,99.87,100.84,163227200.0,100.711,338518
2009-08-21,100.79,103.13,100.19,102.91,203328200.0,102.605,419914
2009-08-24,103.45,103.95,102.59,102.69,171369600.0,103.243,418597
2009-08-25,102.97,104.26,102.36,102.72,192807300.0,103.45,417831
2009-08-26,103.27,103.64,102.49,103.05,178793500.0,103.068,372763
2009-08-27,103.3,103.72,101.94,103.45,183022700.0,102.852,362233
2009-08-28,103.51,104.35,102.67,103.11,140091000.0,103.408,312825
2009-08-31,102.43,103.5,101.79,102.5,166149100.0,102.226,324516
2009-09-01,102.47,103.24,99.99,100.06,296580300.0,101.23,570456
2009-09-02,99.91,100.44,99.57,99.91,163217900.0,100.065,363963
2009-09-03,100.3,100.87,99.59,100.76,126244100.0,100.254,309553
2009-09-04,100.94,102.22,100.41,102.02,133709600.0,101.435,313737
2009-09-08,103.05,103.16,102.08,102.85,125884500.0,102.796,280261
2009-09-09,102.45,104.08,102.44,103.6,146712800.0,103.533,345402
2009-09-10,104.01,104.86,103.22,104.55,149997500.0,104.178,324646
2009-09-11,104.6,105.3,104.28,104.75,139765100.0,104.849,303065
2009-09-14,103.9,105.46,103.15,105.16,130579400.0,104.763,291344
2009-09-15,104.87,106.11,104.76,105.6,179315900.0,105.485,364333
2009-09-16,105.9,107.4,105.73,107.35,192376500.0,106.715,373216
2009-09-17,107.56,108.81,106.57,107.02,197492100.0,107.263,468400
2009-09-18,106.36,107.19,106.26,106.55,140217400.0,106.792,323786
2009-09-21,105.92,107.0,105.63,106.58,125504300.0,106.236,294483
2009-09-22,107.22,107.37,106.6,107.24,129625500.0,107.051,287262
2009-09-23,107.45,108.03,105.99,106.21,209107600.0,107.103,440502
2009-09-24,105.87,106.84,104.55,104.77,212293300.0,105.255,502574
2009-09-25,105.09,105.36,104.09,104.57,189347200.0,104.667,390076
2009-09-28,104.26,106.55,104.1,106.44,115146800.0,106.026,259646
2009-09-29,106.23,107.02,105.78,106.03,129353000.0,106.309,310726
2009-09-30,106.2,106.77,104.62,105.9,230189900.0,105.552,507845
2009-10-01,105.59,105.73,102.95,103.0,241976900.0,104.014,503335
2009-10-02,102.95,103.15,101.68,102.78,209931900.0,102.551,483411
2009-10-05,103.3,104.32,102.55,104.09,141309100.0,103.554,345793
2009-10-06,104.3,106.11,104.02,105.45,197086400.0,105.402,454682
2009-10-07,105.49,106.42,104.99,106.36,152985900.0,105.513,347175
2009-10-08,106.96,107.17,106.15,106.92,170535000.0,106.716,380142
2009-10-09,106.9,107.4,106.33,107.39,127143600.0,106.878,272401
2009-10-12,107.7,108.13,107.28,107.59,114766400.0,107.746,248183
2009-10-13,107.44,108.52,106.76,108.18,150667800.0,107.326,337500
2009-10-14,108.37,109.42,107.5,109.35,176017100.0,108.863,340450
2009-10-15,109.2,109.78,108.49,109.59,153187400.0,109.191,328305
2009-10-16,109.72,109.79,108.23,108.55,174948100.0,108.742,406631
2009-10-19,109.28,110.15,108.0,110.06,149739900.0,109.668,317520
2009-10-20,109.54,110.36,108.68,109.3,173570200.0,109.284,377996
2009-10-21,109.05,110.31,107.73,108.24,216278800.0,109.325,444719
2009-10-22,108.04,109.82,107.5,109.8,217397500.0,108.587,447293
2009-10-23,109.81,109.98,107.63,108.16,214811000.0,108.509,508636
2009-10-26,108.43,109.31,106.61,106.95,228606200.0,107.675,561144
2009-10-27,107.21,107.43,106.16,106.75,226360300.0,106.746,537933
2009-10-28,106.25,106.48,104.2,104.3,234653700.0,105.277,596669
2009-10-29,104.7,106.86,104.47,106.61,182359000.0,105.975,454529
2009-10-30,106.24,106.65,103.44,103.7,305996300.0,104.714,768079
2009-11-02,104.35,105.41,103.08,104.76,244888600.0,104.265,650868
2009-11-03,103.97,104.82,102.49,104.78,210444300.0,104.194,562884
2009-11-04,105.22,106.33,104.53,104.91,234563200.0,105.625,605136
2009-11-05,105.05,106.93,104.91,106.78,167866500.0,106.313,448275
2009-11-06,106.98,107.42,105.85,107.32,164638100.0,106.816,451508
2009-11-09,107.83,109.68,107.0,109.64,141108500.0,108.868,363453
2009-11-10,109.42,110.14,108.97,110.05,150740600.0,109.451,397489
2009-11-11,110.29,110.82,109.62,110.25,162441600.0,110.118,431914
2009-11-12,109.57,110.57,108.75,109.07,148745600.0,109.562,407933
2009-11-13,109.56,110.09,108.75,109.81,136529100.0,109.481,378485
2009-11-16,110.4,111.69,110.25,111.04,180981000.0,111.173,387661
2009-11-17,110.93,111.55,110.5,111.51,133428600.0,110.996,327134
2009-11-18,111.28,111.56,103.78,111.2,138405900.0,111.032,315362
2009-11-19,110.76,111.31,109.13,109.82,189071400.0,109.686,466360
2009-11-20,109.89,110.0,108.88,109.53,123388300.0,109.37,335099
2009-11-23,110.47,111.74,109.4,110.7,135925500.0,111.084,359257
2009-11-24,110.78,111.2,110.01,110.77,127827300.0,110.692,366710
2009-11-25,111.18,111.61,110.82,111.35,98288100.0,111.241,238492
2009-11-27,108.23,111.14,108.08,109.5,111862300.0,109.439,306813
2009-11-30,109.46,110.2,109.0,109.84,150506900.0,109.601,403659
2009-12-01,110.72,111.66,109.94,111.35,146738400.0,111.228,393725
2009-12-02,111.22,112.01,110.92,111.56,125138900.0,111.384,319850
2009-12-03,111.88,112.18,110.11,110.2,157826500.0,111.283,418611
2009-12-04,110.44,112.38,109.83,111.26,256218100.0,111.159,676149
2009-12-07,110.64,111.53,110.49,111.25,122488600.0,111.073,327751
2009-12-08,111.16,111.18,109.27,109.76,150610400.0,109.772,405485
2009-12-09,109.63,110.39,109.02,110.35,142887700.0,109.63,390904
2009-12-10,110.1,111.12,110.07,110.79,119868200.0,110.768,317158
2009-12-11,111.12,111.79,110.61,111.38,112986900.0,111.061,312851
2009-12-14,111.66,112.17,111.07,111.8,91092200.0,111.744,266161
2009-12-15,111.61,111.92,111.0,111.32,111993500.0,111.48,274642
2009-12-16,111.89,112.16,111.27,111.55,126283000.0,111.742,311569
2009-12-17,111.17,111.17,110.08,110.43,157095100.0,110.449,356335
2009-12-18,109.9,110.63,109.28,110.34,152497100.0,109.892,386479
2009-12-21,110.34,111.7,110.16,111.32,103882500.0,111.306,273004
2009-12-22,111.48,111.97,111.19,111.77,85852100.0,111.705,236898
2009-12-23,112.07,112.26,111.5,111.95,89439600.0,111.908,209743
2009-12-24,112.15,112.65,111.99,112.6,31830200.0,112.391,88268
2009-12-28,112.64,112.99,112.32,112.75,62561300.0,112.643,144524
2009-12-29,112.89,113.16,112.33,112.41,67761800.0,112.78,192609
2009-12-30,112.29,112.71,111.75,112.7,65135200.0,112.427,182925
2009-12-31,112.6,112.92,110.92,111.0,77682000.0,112.117,194943
