date,open,high,low,close,volume,average,barCount
2010-04-30,121.17,121.21,118.78,118.89,256413300.0,119.868,639116
2010-05-03,119.2,120.68,118.81,120.25,170608400.0,120.064,472848
2010-05-04,120.25,120.6,116.92,117.55,330790700.0,117.833,810584
2010-05-05,117.37,118.0,115.97,117.13,302463400.0,116.877,758623
2010-05-06,116.86,117.35,105.0,112.46,592561200.0,113.988,1544485
2010-05-07,113.0,114.1,109.41,111.79,600172700.0,111.802,1574706
2010-05-10,115.75,116.69,111.31,116.02,367613600.0,115.742,1043904
2010-05-11,115.28,117.36,114.53,115.3,281580400.0,116.11,871087
2010-05-12,116.12,117.62,115.49,117.36,209908100.0,116.961,644377
2010-05-13,117.38,117.79,115.89,116.0,221556900.0,116.866,668778
2010-05-14,115.75,116.03,112.87,113.95,322226700.0,113.802,943291
2010-05-17,113.63,114.52,111.77,114.13,297250200.0,113.227,848485
2010-05-18,114.46,115.22,111.31,111.34,332309300.0,113.446,969357
2010-05-19,111.43,112.77,110.36,112.05,373364900.0,111.629,1144251
2010-05-20,111.71,112.08,106.69,107.19,490304000.0,108.861,1465412
2010-05-21,108.06,109.38,105.64,109.28,470514900.0,107.969,1322696
2010-05-24,108.51,109.39,106.83,106.91,244735000.0,108.602,695075
2010-05-25,105.07,108.95,104.27,108.7,364535100.0,106.089,1048211
2010-05-26,108.34,109.47,106.1,106.83,329125300.0,108.375,985875
2010-05-27,108.62,110.9,106.97,110.7,269925700.0,109.774,803160
2010-05-28,110.59,111.18,108.85,109.37,275587600.0,109.841,852085
2010-06-01,108.04,109.95,107.16,107.66,257265300.0,108.846,799257
2010-06-02,107.86,110.5,107.44,110.25,213874900.0,108.966,662929
2010-06-03,110.87,111.06,109.58,110.69,217804000.0,110.463,636056
2010-06-04,110.96,111.19,106.46,107.22,342723600.0,107.977,990717
2010-06-07,106.57,107.61,105.22,105.7,250357100.0,106.562,746457
2010-06-08,106.25,106.83,104.65,106.38,332275100.0,105.675,1009406
2010-06-09,106.39,108.28,105.6,106.0,249927600.0,107.009,739367
2010-06-10,106.59,109.28,106.59,108.99,269382400.0,108.428,758957
2010-06-11,108.7,109.75,107.98,109.51,196039900.0,108.925,612150
2010-06-14,110.06,111.12,109.4,109.55,193550600.0,110.263,590447
2010-06-15,109.84,112.1,109.48,111.67,205273500.0,111.123,572041
2010-06-16,111.4,112.42,110.8,111.63,188122300.0,111.82,577330
2010-06-17,111.7,112.72,111.05,112.06,224084800.0,111.686,644637
2010-06-18,111.72,112.13,111.32,111.7,163868400.0,111.714,449319
2010-06-21,112.99,113.28,110.79,111.6,201102800.0,112.104,608330
2010-06-22,111.73,111.9,109.41,109.64,222341100.0,110.664,632489
2010-06-23,110.12,112.42,108.48,109.06,241696500.0,109.174,708898
2010-06-24,108.65,109.23,107.14,107.76,254879200.0,107.899,735125
2010-06-25,107.72,108.42,106.77,107.72,218924000.0,107.656,648935
2010-06-28,108.1,108.39,107.14,107.68,159881300.0,107.754,497274
2010-06-29,106.23,107.51,103.55,104.08,337032900.0,104.637,955787
2010-06-30,104.65,104.92,102.82,103.13,252546400.0,104.02,685667
2010-07-01,102.91,103.49,101.13,102.93,345687000.0,102.382,984613
2010-07-02,102.82,103.75,101.62,101.9,205856300.0,102.529,566788
2010-07-06,102.7,106.2,101.57,102.95,233266900.0,103.18,694757
2010-07-07,102.46,106.46,102.19,106.32,235254000.0,104.824,671296
2010-07-08,106.2,107.37,105.91,107.05,202899600.0,106.653,622098
2010-07-09,107.29,107.99,106.85,107.7,140741900.0,107.502,425773
2010-07-12,107.33,108.6,107.14,108.49,126694800.0,107.807,388402
2010-07-13,108.08,110.4,108.01,110.32,193819700.0,109.541,556612
2010-07-14,110.2,110.2,108.86,109.64,175640900.0,109.451,514376
2010-07-15,109.38,110.44,108.17,109.91,219248600.0,109.11,587380
2010-07-16,109.37,109.99,106.45,106.62,246188400.0,107.45,682178
2010-07-19,106.93,107.63,106.22,106.65,176448500.0,107.011,475720
2010-07-20,106.6,109.05,105.62,108.63,227201200.0,107.252,604253
2010-07-21,108.68,109.28,106.63,107.02,242840500.0,107.745,699120
2010-07-22,107.21,109.94,107.18,109.61,231832900.0,109.345,619497
2010-07-23,109.71,110.79,108.93,110.79,204031900.0,109.807,570699
2010-07-26,110.41,111.67,110.24,111.36,158893700.0,111.182,401101
2010-07-27,111.58,112.37,107.36,111.55,186966100.0,111.646,523471
2010-07-28,111.66,111.88,110.4,110.83,151599600.0,111.074,430854
2010-07-29,110.92,111.82,109.41,110.17,207641900.0,110.53,553674
2010-07-30,109.94,110.86,108.89,110.43,203232600.0,110.058,534902
2010-08-02,110.99,112.94,110.27,112.72,150019200.0,112.391,392965
2010-08-03,112.52,112.77,111.85,112.38,137141500.0,112.293,388251
2010-08-04,112.15,113.11,111.76,112.99,144427900.0,112.693,395338
2010-08-05,112.88,113.3,112.08,112.87,129192400.0,112.559,340826
2010-08-06,113.0,113.2,110.92,112.5,229188700.0,111.828,618141
2010-08-09,112.71,113.18,112.32,113.0,110286400.0,112.848,283293
2010-08-10,112.35,113.03,111.37,112.23,216467000.0,112.211,587083
2010-08-11,112.11,112.41,107.88,108.4,239998200.0,109.688,637345
2010-08-12,109.05,109.3,107.58,108.7,218176900.0,108.519,569295
2010-08-13,109.0,109.28,107.8,108.17,143857300.0,108.514,399327
2010-08-16,108.11,108.61,107.18,108.11,136617500.0,108.11,423357
2010-08-17,108.64,111.17,108.26,109.49,160792900.0,109.662,430543
2010-08-18,109.15,110.38,108.91,109.17,175432800.0,109.649,455118
2010-08-19,109.13,110.0,107.43,107.86,226686000.0,108.216,541414
2010-08-20,107.79,108.42,106.75,107.7,179326700.0,107.332,432941
2010-08-23,107.75,108.57,106.67,106.75,137882200.0,107.682,373044
2010-08-24,106.8,107.13,104.97,105.77,249055700.0,105.821,632580
2010-08-25,106.0,106.34,104.29,106.2,230649200.0,105.334,552481
2010-08-26,106.25,106.74,104.75,104.98,206543600.0,105.749,517251
2010-08-27,105.14,107.18,104.31,107.05,245270100.0,105.976,601184
2010-08-30,107.2,107.22,105.02,105.25,155533200.0,106.111,379962
2010-08-31,105.0,105.98,104.46,105.78,245494900.0,105.325,612802
2010-09-01,105.85,108.78,105.31,108.68,233372200.0,107.996,577483
2010-09-02,108.42,109.59,108.35,109.36,144645900.0,109.026,389397
2010-09-03,109.34,111.03,109.32,110.98,195053800.0,110.56,464001
2010-09-07,110.66,110.93,109.55,109.67,128733100.0,109.976,359438
2010-09-08,109.6,110.85,109.15,110.66,138496600.0,110.412,388677
2010-09-09,110.41,111.73,110.37,110.79,139036200.0,111.138,346229
2010-09-10,111.09,111.66,110.87,111.6,113362800.0,111.34,297430
2010-09-13,111.87,113.0,111.87,112.76,139219100.0,112.597,354615
2010-09-14,112.53,113.29,112.08,112.38,181961000.0,112.778,465134
2010-09-15,112.5,113.24,111.98,113.07,154990100.0,112.712,404887
2010-09-16,112.86,113.57,112.35,113.56,154993000.0,112.783,430367
2010-09-17,113.12,113.72,112.18,112.28,165418000.0,112.581,438526
2010-09-20,112.5,114.46,112.5,114.1,180503900.0,113.698,433761
2010-09-21,114.0,114.84,113.51,113.87,234137700.0,114.114,598527
2010-09-22,113.67,114.44,113.1,113.62,174704400.0,113.601,513676
2010-09-23,113.4,113.67,112.18,112.33,188167600.0,112.898,522680
2010-09-24,112.9,114.92,112.5,114.88,165669900.0,114.498,465620
2010-09-27,114.95,115.04,114.16,114.23,117864900.0,114.557,335549
2010-09-28,114.17,115.04,113.18,114.66,187474900.0,114.239,575751
2010-09-29,114.5,114.91,114.02,114.47,162301100.0,114.442,481870
2010-09-30,114.5,115.79,113.59,114.21,258473600.0,114.566,718545
2010-10-01,114.52,115.12,113.93,114.84,165740400.0,114.554,508310
2010-10-04,114.49,114.85,113.18,113.91,154046600.0,113.904,464301
2010-10-05,114.08,116.32,113.73,116.11,188697300.0,115.61,551195
2010-10-06,116.2,116.6,115.56,115.98,137937500.0,115.979,432997
2010-10-07,116.11,116.83,115.19,116.18,149778000.0,115.867,476954
2010-10-08,115.98,116.86,115.02,116.53,159476700.0,116.291,468490
2010-10-11,116.61,116.97,115.65,116.71,94499100.0,116.682,290410
2010-10-12,116.41,117.35,115.65,117.05,158728800.0,116.554,479366
2010-10-13,117.28,118.55,117.28,117.92,166012200.0,118.03,472768
2010-10-14,118.01,118.49,116.72,117.76,203049100.0,117.429,577634
2010-10-15,117.8,118.44,116.65,117.85,227045400.0,117.519,633976
2010-10-18,117.55,118.67,116.97,117.84,117728800.0,118.129,349869
2010-10-19,117.88,118.56,116.02,116.55,250642300.0,116.941,640153
2010-10-20,117.11,118.44,116.87,118.21,178760400.0,117.822,498732
2010-10-21,118.22,119.09,117.21,118.05,207280500.0,118.209,584177
2010-10-22,118.1,118.59,117.85,118.55,99639400.0,118.268,300403
2010-10-25,118.89,119.76,118.6,118.68,136674800.0,119.085,405242
2010-10-26,117.18,118.9,117.18,118.86,137398600.0,118.486,397035
2010-10-27,118.67,118.67,117.26,118.43,170663400.0,117.864,483029
2010-10-28,118.55,119.2,117.83,118.4,153715200.0,118.419,441697
2010-10-29,117.81,118.72,117.72,118.34,134088100.0,118.434,399953
2010-11-01,118.8,119.75,117.85,118.74,155494700.0,118.866,453497
2010-11-02,118.83,120.11,118.83,120.05,132904000.0,119.459,370242
2010-11-03,119.76,120.26,118.45,120.19,212825300.0,119.429,625086
2010-11-04,120.32,122.35,120.32,122.28,199096600.0,121.752,505061
2010-11-05,122.24,122.92,121.74,122.85,166289400.0,122.517,464989
2010-11-08,122.48,122.78,121.94,122.05,135049500.0,122.365,346622
2010-11-09,122.25,122.95,121.12,121.68,176945700.0,122.07,494671
2010-11-10,121.67,122.16,120.66,121.31,203782800.0,121.458,547932
2010-11-11,121.2,121.82,120.68,121.38,146728800.0,121.277,408176
2010-11-12,120.75,121.35,119.65,119.85,231689200.0,120.337,609391
2010-11-15,120.1,121.05,116.71,119.64,151442300.0,120.538,416227
2010-11-16,119.64,119.69,117.59,118.4,272569600.0,118.364,746652
2010-11-17,118.22,118.71,117.86,118.6,151760100.0,118.343,437617
2010-11-18,118.75,120.44,118.75,120.3,164631000.0,120.014,421587
2010-11-19,120.2,120.48,119.25,120.25,135497200.0,119.895,369289
2010-11-22,120.55,121.1,118.77,119.99,168453700.0,119.641,456041
2010-11-23,119.42,119.64,117.99,118.72,189270700.0,118.484,531024
2010-11-24,118.2,120.23,118.11,120.03,122686800.0,119.826,367599
2010-11-26,119.95,119.95,118.68,118.84,63862900.0,119.355,187336
2010-11-29,119.55,119.78,117.74,119.21,191027200.0,118.5,517856
2010-11-30,118.78,119.24,117.81,118.25,209680200.0,118.57,562737
2010-12-01,119.19,121.24,118.49,121.1,180327200.0,120.773,505092
2010-12-02,121.25,122.85,120.7,122.77,167923000.0,122.138,460514
2010-12-03,122.61,123.21,121.79,123.01,141737500.0,122.454,423742
2010-12-06,122.45,123.04,122.19,122.87,97904200.0,122.736,299336
2010-12-07,123.15,124.01,122.44,122.84,185533600.0,123.382,539239
2010-12-08,122.43,123.77,122.4,123.77,125140900.0,123.009,364906
2010-12-09,123.86,124.09,123.15,123.9,109012500.0,123.608,320683
2010-12-10,124.1,124.65,123.73,124.56,106522000.0,124.253,301461
2010-12-13,124.6,125.2,124.47,124.52,118800400.0,124.87,317980
2010-12-14,124.68,125.23,124.29,124.51,129374800.0,124.829,356001
2010-12-15,124.28,124.93,123.89,124.12,136579300.0,124.407,378061
2010-12-16,124.39,124.94,123.75,124.85,145355700.0,124.504,362367
2010-12-17,124.74,124.82,123.8,124.17,115891700.0,124.164,302471
2010-12-20,124.19,124.9,123.98,124.46,103426800.0,124.5,270343
2010-12-21,124.6,125.47,124.59,125.35,84751800.0,125.204,220383
2010-12-22,125.4,125.84,125.27,125.76,71357400.0,125.642,188047
2010-12-23,125.71,125.78,125.29,125.65,64075900.0,125.576,174473
2010-12-27,125.35,125.8,125.0,125.77,51733400.0,125.455,134064
2010-12-28,125.9,126.01,125.5,125.8,50857900.0,125.725,147166
2010-12-29,126.01,126.2,125.83,125.97,50800200.0,126.051,131523
2010-12-30,126.01,126.13,125.53,125.89,63969800.0,125.77,146876
2010-12-31,125.88,126.13,125.33,126.03,79625100.0,125.7,178965
2011-01-03,126.35,127.6,125.7,126.9,127269800.0,127.153,284872
2011-01-04,126.93,127.37,126.19,126.82,130981200.0,126.77,330658
2011-01-05,126.64,127.72,125.95,127.48,111179100.0,127.234,290346
2011-01-06,127.57,128.07,127.01,127.29,108326100.0,127.397,298054
2011-01-07,127.15,127.9,126.15,127.24,149417100.0,127.023,395240
2011-01-10,126.5,127.16,126.2,126.86,112637400.0,126.742,330487
2011-01-11,127.15,127.74,126.95,127.5,103504200.0,127.41,308068
2011-01-12,127.92,128.8,127.62,128.68,93437800.0,128.431,276039
2011-01-13,128.54,128.84,128.05,128.65,114173300.0,128.401,312211
2011-01-14,128.42,129.44,127.83,129.33,111232900.0,128.853,308859
2011-01-18,129.39,130.01,128.7,129.78,101126600.0,129.388,271999
2011-01-19,129.65,129.92,127.91,128.4,139948000.0,128.555,382410
2011-01-20,128.05,128.4,127.13,127.84,163870100.0,127.814,443255
2011-01-21,127.95,129.17,127.85,128.29,140127500.0,128.592,338304
2011-01-24,128.65,129.35,128.2,129.23,104958700.0,128.875,295760
2011-01-25,129.1,129.28,128.11,129.14,152869400.0,128.69,425800
2011-01-26,129.25,130.05,128.19,129.77,123754700.0,129.719,377592
2011-01-27,129.64,130.21,129.42,129.84,115614800.0,129.863,334404
2011-01-28,129.7,130.35,127.41,127.42,252378500.0,128.454,694275
2011-01-31,127.32,128.85,127.31,128.83,136249700.0,128.345,392716
2011-02-01,128.89,130.97,128.67,130.72,148625000.0,130.392,402688
2011-02-02,130.76,130.91,130.19,130.46,108221200.0,130.562,303222
2011-02-03,130.37,130.98,129.57,130.76,131471500.0,130.37,359918
2011-02-04,130.72,131.45,130.23,131.22,121866500.0,130.831,332471
2011-02-07,131.64,132.4,131.19,131.95,101878900.0,131.993,271305
2011-02-08,132.13,132.65,131.73,132.53,95047600.0,132.259,258854
2011-02-09,132.29,132.63,131.61,132.09,134176100.0,132.127,351747
2011-02-10,132.07,132.47,131.3,131.93,153448600.0,132.0,414726
2011-02-11,131.87,133.32,131.46,133.24,126202100.0,132.71,337057
2011-02-14,133.12,133.54,132.88,133.05,89409200.0,133.229,236402
2011-02-15,133.15,133.46,132.66,133.18,104079200.0,132.962,288410
2011-02-16,132.9,134.01,132.9,133.67,120552800.0,133.694,344263
2011-02-17,133.68,134.43,133.29,134.18,103519100.0,134.005,293259
2011-02-18,134.19,134.72,133.85,134.6,115070100.0,134.398,302672
2011-02-22,133.49,134.57,131.47,132.15,211794600.0,132.558,566641
2011-02-23,132.27,132.56,130.21,131.19,211171600.0,131.165,594517
2011-02-24,130.25,131.44,129.7,131.06,216852200.0,130.71,622055
2011-02-25,131.25,132.41,130.94,132.28,130184000.0,132.057,384466
2011-02-28,132.02,133.39,131.75,133.37,128061100.0,132.93,343317
2011-03-01,133.9,134.01,130.14,130.47,205723400.0,131.97,572203
2011-03-02,130.54,131.82,130.0,131.17,181910100.0,131.19,466918
2011-03-03,131.5,133.7,123.03,133.52,150391300.0,133.028,431200
2011-03-04,133.57,133.9,131.6,132.39,232125000.0,132.421,612855
2011-03-07,132.94,133.16,130.22,131.5,194833500.0,131.752,509217
2011-03-08,132.01,133.0,131.07,132.49,148784900.0,132.309,414278
2011-03-09,132.25,132.93,131.6,132.02,146123600.0,132.257,458219
2011-03-10,131.0,131.75,129.72,130.19,259446500.0,130.359,685529
2011-03-11,129.85,138.87,128.92,131.0,185353800.0,130.394,477229
2011-03-14,130.5,131.25,129.06,129.56,202286800.0,129.803,497796
2011-03-15,127.75,130.1,125.8,128.48,305054600.0,127.908,810088
2011-03-16,128.7,128.9,125.14,126.04,408946800.0,127.01,1040642
2011-03-17,127.35,128.39,126.16,127.68,208089100.0,127.786,577906
2011-03-18,128.35,129.13,127.28,127.63,192989800.0,128.182,518643
2011-03-21,128.26,130.01,127.83,129.71,137906900.0,129.68,378265
2011-03-22,129.69,130.35,129.16,129.17,112775100.0,129.474,333010
2011-03-23,128.95,130.0,128.32,129.66,138993200.0,129.169,394382
2011-03-24,129.45,131.78,129.45,131.23,143250100.0,130.52,412640
2011-03-25,131.3,131.87,130.89,131.51,130248500.0,131.438,357738
2011-03-28,131.55,131.92,130.58,130.58,97547300.0,131.432,268898
2011-03-29,130.9,132.29,130.44,131.95,113230000.0,131.328,321210
2011-03-30,132.45,133.16,132.36,132.74,109451900.0,132.77,322148
2011-03-31,132.72,132.96,132.44,132.7,117749000.0,132.719,327793
2011-04-01,132.77,133.77,132.51,133.21,137176900.0,133.33,386573
2011-04-04,133.35,133.67,132.88,133.37,91074800.0,133.245,269723
2011-04-05,133.18,133.83,132.73,133.19,114511900.0,133.403,330558
2011-04-06,133.29,134.08,133.03,133.33,109719000.0,133.573,320301
2011-04-07,133.36,133.94,132.66,133.31,164489000.0,133.257,462341
2011-04-08,133.35,134.0,132.31,132.7,132025400.0,133.089,375166
2011-04-11,133.5,133.5,132.05,132.15,114138900.0,132.787,327562
2011-04-12,131.98,132.49,130.99,131.62,155945800.0,131.44,447222
2011-04-13,131.65,132.29,130.96,131.19,142318300.0,131.593,396725
2011-04-14,131.01,131.76,130.27,131.65,147270400.0,131.162,397639
2011-04-15,131.15,132.37,131.05,132.17,151569700.0,131.948,369642
2011-04-18,132.3,132.3,129.51,130.3,186742900.0,130.247,570359
2011-04-19,130.34,131.84,130.24,131.79,115173300.0,130.939,338160
2011-04-20,131.39,134.0,131.39,133.89,135978400.0,133.085,382246
2011-04-21,133.9,134.21,133.11,133.83,113606400.0,133.631,299176
2011-04-25,133.85,133.96,133.2,133.74,58610200.0,133.545,182770
2011-04-26,133.76,135.06,133.59,134.77,114663300.0,134.596,313860
2011-04-27,134.62,135.87,134.5,135.64,126052800.0,135.103,352132
2011-04-28,135.75,136.29,135.13,136.03,116062800.0,135.837,306404
2011-04-29,135.87,136.84,135.77,136.78,111842900.0,136.35,236970
2011-05-02,137.0,137.6,135.95,136.12,119766900.0,136.573,350762
2011-05-03,135.96,136.25,135.05,135.63,131065800.0,135.68,390942
2011-05-04,135.57,135.92,134.23,134.94,171853200.0,134.842,511037
2011-05-05,135.08,135.19,133.02,133.88,200431300.0,134.004,556899
2011-05-06,133.97,135.63,133.22,134.06,209547200.0,134.685,596353
2011-05-09,134.54,135.11,133.94,134.86,108716200.0,134.585,302096
2011-05-10,134.95,136.11,134.8,136.03,105776600.0,135.624,319245
2011-05-11,135.99,136.28,133.82,134.12,167370200.0,134.629,528197
2011-05-12,134.01,135.36,133.39,135.25,155624300.0,134.421,444332
2011-05-13,135.32,135.73,133.56,133.84,148010500.0,134.314,421105
2011-05-16,133.72,134.61,132.5,132.72,135138000.0,133.695,387439
2011-05-17,133.09,133.67,132.12,133.25,173638100.0,132.82,487526
2011-05-18,133.3,134.54,132.95,134.43,123599700.0,133.908,318616
2011-05-19,134.3,135.03,133.94,134.66,111855700.0,134.513,341533
2011-05-20,134.7,134.8,133.22,133.33,157463000.0,133.906,416364
2011-05-23,132.6,133.07,131.59,131.88,157423400.0,132.033,446248
2011-05-24,132.27,132.73,131.63,131.7,130663200.0,132.185,399341
2011-05-25,131.42,132.94,130.75,132.09,137075400.0,132.228,407667
2011-05-26,132.51,133.27,131.78,133.22,150574500.0,132.549,417013
2011-05-27,133.35,133.87,133.0,133.53,108994100.0,133.518,334297
2011-05-31,134.31,135.26,133.84,135.21,146854000.0,134.439,386941
2011-06-01,135.0,135.04,131.5,131.75,203019500.0,132.999,574612
2011-06-02,131.83,132.26,130.96,131.64,182707900.0,131.724,490415
2011-06-03,131.52,131.71,129.97,130.29,201343100.0,130.71,512224
2011-06-06,130.05,130.36,128.87,129.04,162410000.0,129.587,455968
2011-06-07,129.41,130.07,128.79,129.2,151715900.0,129.545,415130
2011-06-08,128.61,129.19,128.08,128.5,187990500.0,128.659,521719
2011-06-09,128.87,129.93,128.4,129.29,143638900.0,129.348,387872
2011-06-10,129.07,129.36,127.26,127.56,212203400.0,127.952,559183
2011-06-13,127.6,128.24,127.05,127.88,197690500.0,127.787,443663
2011-06-14,128.35,129.77,127.69,129.36,143272500.0,129.309,394401
2011-06-15,129.17,129.3,126.68,127.15,265229400.0,127.494,691678
2011-06-16,127.0,127.97,126.32,127.83,259845200.0,127.257,658432
2011-06-17,126.71,128.19,126.35,127.14,222453700.0,127.313,527716
2011-06-20,126.56,128.04,126.18,127.96,141696000.0,127.48,376851
2011-06-21,128.43,129.92,127.75,129.31,173460100.0,129.167,454551
2011-06-22,129.25,129.81,127.93,128.05,168493400.0,129.258,480792
2011-06-23,128.0,128.84,126.19,128.59,294514100.0,127.186,793126
2011-06-24,128.55,129.01,126.62,126.71,208564800.0,127.195,543665
2011-06-27,126.86,128.43,126.64,128.36,150960400.0,127.76,412817
2011-06-28,128.18,129.94,127.61,129.92,149620200.0,129.172,424502
2011-06-29,129.98,131.0,129.63,130.9,225066800.0,130.464,624787
2011-06-30,130.99,134.46,130.71,131.87,185008700.0,131.796,452291
2011-07-01,131.65,134.1,131.65,134.0,186802500.0,133.211,469186
2011-07-05,133.85,134.2,133.39,134.01,157158600.0,133.753,384794
2011-07-06,133.73,134.34,133.11,134.33,131597000.0,133.704,375086
2011-07-07,134.38,135.7,133.95,135.54,143383400.0,135.283,369283
2011-07-08,135.62,135.87,133.39,134.65,182308100.0,134.096,439076
2011-07-11,133.9,134.42,131.66,132.2,180082200.0,132.295,478076
2011-07-12,130.95,132.78,130.17,131.4,199445400.0,131.964,511325
2011-07-13,131.94,133.22,130.69,131.29,186578100.0,132.364,482866
2011-07-14,131.85,132.78,130.41,130.81,211354100.0,131.568,562721
2011-07-15,131.01,132.05,130.77,132.01,195859200.0,131.384,477108
2011-07-18,131.85,131.85,129.63,130.69,177027600.0,130.364,429966
2011-07-19,131.21,132.95,131.0,132.89,155947600.0,132.144,417664
2011-07-20,133.0,133.43,132.08,132.98,123860200.0,132.795,337807
2011-07-21,132.52,134.9,132.05,134.9,209289800.0,134.273,571902
2011-07-22,134.88,135.16,133.76,134.07,111308100.0,134.402,313183
2011-07-25,133.74,134.61,133.16,133.69,131509500.0,133.932,363484
2011-07-26,134.01,134.21,132.98,133.1,123352000.0,133.495,334000
2011-07-27,133.09,133.19,130.29,130.37,230141900.0,131.382,594511
2011-07-28,130.77,131.77,129.7,130.05,187602400.0,130.87,468262
2011-07-29,130.05,130.55,127.97,129.58,276756900.0,129.488,669234
2011-08-01,130.5,131.35,127.53,128.69,270695700.0,128.698,695141
2011-08-02,128.13,128.8,124.96,125.12,296188600.0,126.88,731682
2011-08-03,125.71,126.42,123.53,126.37,349758900.0,125.179,908029
2011-08-04,126.3,126.3,119.82,120.06,472917000.0,122.401,1222072
2011-08-05,120.26,122.5,116.86,119.52,622109600.0,119.904,1558275
2011-08-08,118.1,120.12,110.6,111.15,639266000.0,115.074,1672318
2011-08-09,111.6,118.43,110.21,118.16,640990100.0,114.025,1673393
2011-08-10,117.26,117.82,111.95,112.95,553762700.0,114.133,1598020
2011-08-11,114.45,118.92,110.84,117.18,441966800.0,115.833,1175620
2011-08-12,116.53,119.22,115.64,118.26,280050700.0,118.243,775288
2011-08-15,119.0,120.74,118.42,120.15,229673000.0,119.97,641633
2011-08-16,119.76,120.73,118.31,119.32,261197000.0,119.552,788274
2011-08-17,119.5,121.2,118.72,119.33,198245800.0,119.907,526995
2011-08-18,118.35,119.71,113.39,114.24,432567200.0,114.775,1106965
2011-08-19,113.2,115.88,112.47,112.93,374659200.0,113.83,936639
2011-08-22,113.5,115.23,112.41,112.73,257200900.0,113.467,692266
2011-08-23,114.5,116.69,112.58,116.16,309166900.0,114.787,861552
2011-08-24,115.45,118.24,114.99,117.36,228211400.0,117.089,721542
2011-08-25,117.78,119.4,115.35,116.65,279192300.0,117.083,845412
2011-08-26,116.4,118.51,113.85,118.22,289029000.0,116.663,845213
2011-08-29,118.7,121.5,118.45,121.34,159136400.0,120.558,458218
2011-08-30,121.32,122.43,119.26,120.9,229352600.0,121.196,702991
2011-08-31,121.84,123.51,121.3,122.3,268212500.0,122.522,787645
2011-09-01,121.93,123.4,120.46,120.55,240035000.0,121.956,809289
2011-09-02,120.28,120.87,117.33,117.42,221652500.0,118.336,614327
2011-09-06,116.0,117.83,114.05,117.26,256985400.0,115.724,744836
2011-09-07,117.79,120.75,117.79,120.71,191988800.0,119.485,549233
2011-09-08,120.01,120.94,118.53,118.8,228827400.0,119.737,689581
2011-09-09,119.2,119.5,115.28,116.2,337762900.0,116.53,1006356
2011-09-12,115.92,117.9,113.52,117.12,284148600.0,115.238,861959
2011-09-13,116.0,118.18,115.18,117.3,251492900.0,117.345,767948
2011-09-14,117.45,120.8,116.72,119.45,271793300.0,118.858,778796
2011-09-15,119.54,122.02,119.4,121.52,275588800.0,120.686,691901
2011-09-16,120.6,121.97,120.12,121.25,250153000.0,121.219,663459
2011-09-19,120.0,121.51,118.72,119.56,222156900.0,119.716,628749
2011-09-20,120.14,121.99,119.95,120.31,206031600.0,121.025,627429
2011-09-21,120.41,120.96,116.05,116.25,290287100.0,118.88,833866
2011-09-22,115.27,116.6,111.3,113.66,440860900.0,112.862,1264598
2011-09-23,113.66,114.33,110.85,113.44,282980800.0,113.149,832034
2011-09-26,113.6,116.48,112.98,116.16,240549300.0,114.568,719022
2011-09-27,116.7,119.56,116.24,117.42,277362300.0,118.438,791438
2011-09-28,117.56,118.72,114.97,115.14,265009200.0,116.738,807538
2011-09-29,116.2,117.63,113.93,116.3,279344400.0,115.795,872969
2011-09-30,115.45,116.02,112.76,112.89,267194600.0,114.255,778111
2011-10-03,112.25,113.95,109.02,109.32,332791800.0,111.617,988061
2011-10-04,108.48,112.58,107.43,112.18,425700400.0,109.316,1350849
2011-10-05,111.53,114.72,111.38,113.94,270114600.0,113.216,799890
2011-10-06,114.42,116.66,113.51,116.36,242984400.0,115.35,737240
2011-10-07,116.4,117.95,115.06,115.95,283274600.0,116.28,797780
2011-10-10,116.91,119.78,116.91,119.48,198262600.0,118.742,533514
2011-10-11,119.19,120.04,118.62,119.1,195394000.0,119.492,585786
2011-10-12,119.45,122.14,119.45,120.4,256259000.0,121.208,761555
2011-10-13,120.45,120.87,119.12,120.22,205622300.0,119.891,602270
2011-10-14,120.37,122.76,120.37,122.73,188936400.0,121.903,535854
2011-10-17,123.01,123.6,119.29,119.69,181328300.0,120.898,486527
2011-10-18,119.6,123.5,119.15,122.24,288382000.0,121.585,776330
2011-10-19,122.02,123.28,120.71,121.48,206253500.0,121.982,588595
2011-10-20,121.18,122.13,119.82,121.6,246357200.0,121.123,675111
2011-10-21,121.85,124.24,121.65,124.2,230322000.0,123.451,558791
2011-10-24,124.23,125.8,123.79,125.2,189857100.0,125.167,457966
2011-10-25,125.38,125.99,122.78,122.99,249747600.0,123.961,690176
2011-10-26,123.56,124.96,122.21,124.57,257568800.0,123.678,704478
2011-10-27,125.96,129.42,124.32,128.86,318580700.0,127.928,775011
2011-10-28,128.5,128.85,127.43,128.23,184355900.0,128.348,518582
2011-10-31,128.1,128.62,124.68,124.87,201677500.0,126.57,536812
2011-11-01,124.35,125.5,121.42,122.49,379073500.0,122.468,978044
2011-11-02,123.63,124.4,121.97,123.27,225947700.0,123.68,633602
2011-11-03,122.5,126.5,122.23,126.1,257948600.0,125.276,684409
2011-11-04,126.16,126.4,124.01,126.15,205909300.0,125.019,550015
2011-11-07,124.42,127.05,123.8,126.28,182951000.0,125.378,507976
2011-11-08,126.2,128.06,125.71,127.84,205335300.0,126.944,599979
2011-11-09,127.11,127.84,122.57,122.95,298552200.0,124.189,745715
2011-11-10,123.5,125.05,123.02,124.1,211429100.0,124.13,573817
2011-11-11,125.12,126.99,124.71,126.56,155634300.0,126.502,439985
2011-11-14,127.22,127.23,124.92,125.87,138213600.0,125.64,378569
2011-11-15,125.48,126.75,123.97,125.76,162035500.0,125.762,450788
2011-11-16,125.76,126.34,123.3,123.41,210413600.0,125.096,539422
2011-11-17,123.85,124.4,121.23,121.92,285914000.0,122.55,711804
2011-11-18,122.12,123.54,121.47,122.12,194421900.0,122.158,501740
2011-11-21,120.78,120.85,118.65,119.95,206969400.0,119.493,549470
2011-11-22,120.07,120.47,118.18,118.79,205579400.0,119.333,533911
2011-11-23,118.19,119.19,116.44,116.76,201246700.0,117.254,527766
2011-11-25,115.99,117.7,115.35,115.96,93960300.0,116.928,261368
2011-11-28,118.53,120.18,118.53,119.41,186774400.0,119.588,471764
2011-11-29,119.5,121.18,119.47,119.77,178598000.0,120.283,481695
2011-11-30,119.62,125.22,119.41,124.84,272131100.0,124.109,623857
2011-12-01,124.68,125.64,124.33,125.22,163117400.0,124.982,425020
2011-12-02,125.95,126.83,124.78,124.92,191443800.0,125.624,473579
2011-12-05,125.72,127.18,124.91,125.86,200645100.0,126.416,528166
2011-12-06,126.32,127.11,125.76,126.47,146890700.0,126.366,423975
2011-12-07,127.35,127.35,124.97,127.11,199991000.0,126.069,516928
2011-12-08,126.76,127.77,123.65,124.11,227802800.0,125.01,610838
2011-12-09,124.55,126.61,124.17,126.6,177654900.0,125.656,486348
2011-12-12,126.02,126.05,123.16,124.37,180477900.0,123.944,468382
2011-12-13,124.21,125.57,122.45,123.35,220484400.0,124.148,605348
2011-12-14,123.42,123.73,121.47,121.78,207162800.0,122.058,576038
2011-12-15,122.02,123.25,121.77,122.6,162784700.0,122.472,429056
2011-12-16,122.76,122.95,121.3,121.58,198834900.0,122.007,475063
2011-12-19,121.28,122.45,120.03,120.98,163387800.0,121.109,412315
2011-12-20,121.26,124.19,120.37,124.05,184406900.0,123.318,407345
2011-12-21,124.49,125.2,122.75,124.11,168426100.0,123.583,429253
2011-12-22,124.4,125.78,124.33,125.7,108558000.0,125.035,294104
2011-12-23,125.7,126.63,125.26,126.59,73718500.0,125.939,195157
2011-12-27,126.48,126.82,126.04,126.28,72248600.0,126.551,178773
2011-12-28,126.47,126.85,124.73,125.07,111180900.0,125.321,263622
2011-12-29,124.98,126.25,124.8,126.08,96530300.0,125.781,223154
2011-12-30,126.15,126.45,125.25,125.43,78646400.0,125.949,182823
2012-01-03,128.3,128.6,125.5,127.65,160323800.0,127.831,377998
2012-01-04,127.5,127.84,126.71,127.67,108554900.0,127.368,292076
2012-01-05,127.32,128.23,126.43,127.66,163629600.0,127.442,398262
2012-01-06,127.69,128.7,127.29,127.9,136615100.0,127.845,358110
2012-01-09,127.82,128.34,127.41,128.22,91409600.0,127.883,257934
2012-01-10,128.59,129.65,128.59,128.79,110136900.0,129.256,289915
2012-01-11,129.17,129.37,128.36,129.15,103131500.0,128.974,272148
2012-01-12,129.06,130.18,128.54,129.76,112607000.0,129.24,325861
2012-01-13,129.7,129.74,127.72,129.24,166957000.0,128.443,421173
2012-01-17,130.1,130.65,129.06,129.47,116052300.0,129.762,294680
2012-01-18,129.47,130.84,129.08,130.69,132100900.0,130.227,323275
2012-01-19,130.6,131.57,130.43,131.38,112976700.0,131.304,310473
2012-01-20,131.18,131.95,130.92,131.71,120113600.0,131.283,256609
2012-01-23,131.16,132.25,130.98,131.47,113609500.0,131.614,294684
2012-01-24,131.2,132.09,130.6,132.0,93593700.0,131.19,245862
2012-01-25,131.89,132.87,130.75,132.38,172894000.0,131.831,403116
2012-01-26,132.4,133.4,131.36,131.77,170290700.0,132.287,409452
2012-01-27,132.04,132.33,131.14,131.84,127417100.0,131.595,313628
2012-01-30,131.08,131.76,130.06,131.72,134225300.0,130.808,317267
2012-01-31,131.82,132.18,130.68,131.22,146210600.0,131.298,353224
2012-02-01,131.75,133.14,131.21,132.78,145412000.0,132.665,364606
2012-02-02,132.5,137.0,132.17,132.8,104634000.0,132.648,272089
2012-02-03,132.69,134.62,132.68,134.49,146785900.0,134.305,323393
2012-02-06,134.1,134.57,133.51,134.5,91354700.0,134.236,222442
2012-02-07,134.25,135.02,133.64,134.85,122494700.0,134.517,288116
2012-02-08,135.19,135.22,134.31,134.7,123109200.0,134.87,292018
2012-02-09,135.12,135.71,134.56,135.09,134760300.0,135.198,331153
2012-02-10,134.77,135.33,133.84,134.7,152267500.0,134.178,338725
2012-02-13,135.27,135.58,134.43,135.21,109294800.0,135.178,270602
2012-02-14,135.03,135.63,134.25,135.25,152751800.0,134.824,370993
2012-02-15,135.7,136.23,134.13,134.29,182156700.0,135.11,460713
2012-02-16,134.13,136.17,133.95,136.03,168606000.0,135.457,398223
2012-02-17,135.95,136.83,135.84,136.75,115694000.0,136.31,279402
2012-02-21,136.79,137.3,136.05,136.41,120186000.0,136.563,291824
2012-02-22,136.5,136.55,135.79,135.85,117280500.0,136.177,302211
2012-02-23,136.2,137.05,135.5,137.03,124319600.0,136.282,308764
2012-02-24,137.0,137.29,136.63,136.94,99927400.0,136.918,264633
2012-02-27,136.25,137.53,135.8,137.18,130492800.0,136.833,312447
2012-02-28,137.47,137.8,136.93,137.71,122362600.0,137.378,321767
2012-02-29,137.51,138.19,136.17,136.85,170157500.0,137.315,422112
2012-03-01,136.98,138.2,136.81,138.07,131646900.0,137.577,352137
2012-03-02,137.69,137.82,137.0,137.37,104249500.0,137.404,273710
2012-03-05,136.8,137.34,136.28,136.94,132377700.0,136.723,325259
2012-03-06,136.52,136.81,134.36,134.96,181887000.0,134.904,418148
2012-03-07,135.09,135.91,134.76,135.67,131024300.0,135.482,300171
2012-03-08,136.15,137.32,136.02,136.94,107502700.0,136.826,260955
2012-03-09,137.0,137.93,136.9,137.7,113756100.0,137.595,278118
2012-03-12,137.22,137.83,137.09,137.79,91588900.0,137.443,238134
2012-03-13,138.03,140.35,138.03,140.04,167294700.0,139.121,382427
2012-03-14,139.97,140.44,139.48,139.74,128722500.0,139.98,335178
2012-03-15,140.02,140.78,139.76,140.59,136340300.0,140.376,351643
2012-03-16,140.3,140.54,139.96,140.4,127748800.0,140.292,272575
2012-03-19,140.5,141.28,139.85,140.88,105770400.0,140.768,300294
2012-03-20,140.57,140.63,139.64,140.45,112146200.0,140.205,328770
2012-03-21,140.64,140.97,139.92,140.34,108677600.0,140.331,317057
2012-03-22,140.2,140.2,138.74,139.44,125932100.0,139.19,352573
2012-03-23,139.48,139.97,138.55,139.82,108504700.0,139.361,278737
2012-03-26,140.03,142.05,139.6,141.97,107159600.0,141.14,256596
2012-03-27,142.29,142.39,140.94,141.16,101723200.0,141.532,285987
2012-03-28,141.47,141.6,139.64,140.54,137786700.0,140.385,331665
2012-03-29,140.52,140.7,139.09,140.2,148245600.0,139.666,339119
2012-03-30,140.66,141.05,140.05,140.95,120351400.0,140.705,320814
2012-04-02,141.12,142.21,140.36,141.67,127084900.0,141.547,345481
2012-04-03,141.72,141.88,140.43,141.17,141670700.0,141.189,401633
2012-04-04,140.67,141.15,139.34,139.78,137880000.0,139.844,348845
2012-04-05,140.14,140.2,138.87,139.6,125006800.0,139.78,294138
2012-04-09,138.23,139.79,137.84,138.08,105404400.0,138.261,262438
2012-04-10,138.24,138.5,135.76,136.5,221768700.0,136.68,528857
2012-04-11,136.48,137.54,136.47,137.03,136406700.0,137.13,344989
2012-04-12,137.41,139.12,136.86,139.05,142294800.0,138.272,376287
2012-04-13,138.68,139.01,136.87,136.96,153578800.0,137.685,360700
2012-04-16,137.0,138.04,136.58,136.94,144396200.0,137.173,366993
2012-04-17,137.23,139.36,136.97,138.98,136032200.0,138.736,333205
2012-04-18,138.97,139.1,138.29,138.47,116081300.0,138.71,296367
2012-04-19,139.17,139.38,137.07,138.0,183901300.0,138.144,474653
2012-04-20,138.17,138.83,137.46,137.46,123952700.0,138.33,351925
2012-04-23,137.14,137.93,135.94,136.88,141999100.0,136.478,357955
2012-04-24,137.25,138.23,136.64,138.11,129077200.0,137.261,321379
2012-04-25,138.3,139.3,138.05,139.21,136022900.0,138.9,365721
2012-04-26,139.42,140.41,138.62,139.55,126515700.0,139.628,311883
2012-04-27,139.65,140.79,139.65,140.43,114714700.0,140.337,275049
2012-04-30,140.38,140.38,139.49,140.07,110990700.0,139.811,258383
2012-05-01,140.0,141.66,139.63,140.67,117638700.0,140.88,307888
2012-05-02,140.5,140.7,139.46,140.3,112401200.0,140.069,287491
2012-05-03,140.73,140.81,138.99,139.19,132792000.0,139.635,355441
2012-05-04,139.25,139.43,136.27,136.48,174956500.0,137.602,392797
2012-05-07,135.5,137.56,135.38,137.28,116570700.0,137.025,282368
2012-05-08,136.62,137.13,134.92,136.3,194138600.0,135.849,477822
2012-05-09,136.1,136.61,134.49,135.48,205291800.0,135.605,524078
2012-05-10,136.14,136.92,134.97,135.29,140239700.0,136.294,363117
2012-05-11,135.7,136.87,135.11,135.58,145784500.0,136.002,368321
2012-05-14,134.61,135.17,133.8,134.27,144677300.0,134.379,374004
2012-05-15,134.85,135.11,133.13,133.68,181821300.0,134.0,456766
2012-05-16,133.25,134.55,132.66,133.13,189105600.0,133.583,481636
2012-05-17,133.06,133.49,130.58,131.0,224276800.0,131.91,568952
2012-05-18,130.58,131.6,129.51,129.62,252472000.0,130.557,599219
2012-05-21,130.6,132.16,129.95,132.14,160605600.0,131.184,397118
2012-05-22,132.35,133.23,131.34,131.71,171670000.0,132.435,480879
2012-05-23,131.67,132.46,129.99,131.51,192194300.0,131.072,534877
2012-05-24,131.53,133.03,131.36,132.76,154288300.0,132.153,408621
2012-05-25,133.12,133.5,131.54,132.04,122951300.0,132.386,304328
2012-05-29,133.28,135.71,132.1,133.56,143454900.0,133.344,357043
2012-05-30,133.0,133.68,131.0,131.46,142659500.0,132.019,359580
2012-05-31,131.76,132.45,130.34,131.32,182965900.0,131.317,461717
2012-06-01,131.0,131.5,127.91,128.01,221790500.0,128.859,528102
2012-06-04,127.65,128.74,127.11,128.15,183220600.0,127.941,433305
2012-06-05,128.29,129.6,127.35,129.4,144316100.0,128.7,347560
2012-06-06,130.0,132.41,129.03,132.3,170747100.0,131.14,414559
2012-06-07,132.3,133.53,131.78,132.23,171556900.0,132.725,469256
2012-06-08,131.58,133.53,131.19,133.5,128574400.0,132.375,336439
2012-06-11,134.5,134.96,130.96,131.32,152529000.0,132.684,404171
2012-06-12,131.61,133.28,131.16,133.01,162992100.0,132.145,424225
2012-06-13,133.01,133.36,131.62,132.19,145939800.0,132.574,409575
2012-06-14,132.5,134.14,131.8,133.81,191946700.0,133.111,471070
2012-06-15,133.89,134.75,132.8,134.67,154092000.0,133.703,351892
2012-06-18,134.6,134.77,133.28,134.76,125916200.0,134.16,333984
2012-06-19,134.94,136.25,134.26,135.54,125501500.0,135.662,341954
2012-06-20,135.31,136.1,134.27,135.5,186624500.0,135.324,512219
2012-06-21,135.0,135.88,132.22,132.65,191663800.0,133.73,473838
2012-06-22,132.31,133.71,132.31,133.12,120450400.0,133.137,290014
2012-06-25,132.5,132.5,130.85,131.35,133876800.0,131.39,324104
2012-06-26,131.67,132.38,130.93,131.98,131275900.0,131.757,331613
2012-06-27,132.07,133.43,131.97,133.05,98475600.0,132.97,264068
2012-06-28,132.66,133.17,131.28,132.38,156829000.0,132.084,397006
2012-06-29,134.2,136.5,134.2,136.38,179559700.0,135.584,409900
2012-07-02,136.01,136.71,135.52,136.31,121647100.0,136.09,325312
2012-07-03,136.31,138.41,136.15,137.37,73506400.0,137.098,189989
2012-07-05,137.37,138.25,136.29,136.87,115558900.0,136.952,297890
2012-07-06,136.69,136.82,134.85,135.93,131593100.0,135.45,326607
2012-07-09,135.26,135.57,134.7,135.37,96743800.0,135.11,266187
2012-07-10,135.05,136.23,133.68,134.14,140766200.0,134.77,345119
2012-07-11,134.16,134.84,133.38,134.42,131261700.0,134.113,356261
2012-07-12,133.18,134.23,132.6,133.52,128453200.0,133.419,333672
2012-07-13,133.8,135.89,133.64,135.67,119430300.0,135.259,304982
2012-07-16,135.53,135.83,134.9,135.25,86429000.0,135.422,242283
2012-07-17,135.93,136.64,134.55,136.42,129116000.0,135.812,343290
2012-07-18,136.04,137.75,135.87,137.57,106115200.0,137.128,282813
2012-07-19,137.85,138.18,137.21,137.68,115446600.0,137.703,304144
2012-07-20,137.51,137.61,136.27,136.35,115799000.0,136.697,297336
2012-07-23,135.48,136.25,133.84,134.69,123937200.0,134.654,319771
2012-07-24,134.74,135.27,132.76,132.98,149853200.0,133.889,383421
2012-07-25,133.4,134.62,133.25,134.01,116434200.0,133.963,297258
2012-07-26,133.9,136.46,133.44,136.08,134438200.0,135.931,364925
2012-07-27,136.12,139.07,135.96,138.72,184814400.0,138.11,445238
2012-07-30,138.41,139.34,138.24,138.6,97874900.0,138.675,267909
2012-07-31,138.78,139.11,137.71,137.85,113211600.0,138.403,282156
2012-08-01,138.17,138.74,137.4,137.87,128845800.0,138.082,349299
2012-08-02,137.6,138.93,135.58,136.75,174967500.0,136.655,439465
2012-08-03,137.35,139.64,136.64,139.57,134059000.0,139.123,334772
2012-08-06,139.42,140.17,139.38,139.49,79392700.0,139.923,210471
2012-08-07,140.02,140.92,139.65,140.21,96435200.0,140.524,239438
2012-08-08,140.0,140.65,139.67,140.35,82521600.0,140.287,214570
2012-08-09,140.45,140.89,140.0,140.53,81641700.0,140.55,206083
2012-08-10,140.19,140.97,139.81,140.87,92125700.0,140.373,224470
2012-08-13,140.56,141.0,140.04,140.78,74702100.0,140.483,185234
2012-08-14,141.3,141.57,140.37,140.66,88992200.0,140.974,224575
2012-08-15,140.5,141.19,140.35,141.04,66396500.0,140.905,170564
2012-08-16,141.03,142.16,140.8,142.0,95160300.0,141.604,231583
2012-08-17,141.99,142.3,141.72,142.13,79300400.0,142.054,201304
2012-08-20,142.39,142.39,141.59,142.14,67048600.0,141.971,176978
2012-08-21,142.3,143.09,141.45,141.74,91679200.0,142.298,253426
2012-08-22,141.41,142.05,141.07,141.96,107911400.0,141.571,273793
2012-08-23,142.24,142.39,140.44,140.77,100093700.0,140.963,240436
2012-08-24,140.38,141.83,140.17,141.66,90289400.0,141.159,218022
2012-08-27,141.75,142.22,141.34,141.54,62318300.0,141.673,162658
2012-08-28,141.72,141.84,140.97,141.53,70342400.0,141.459,195144
2012-08-29,141.31,141.89,141.12,141.34,60495000.0,141.537,167230
2012-08-30,141.02,141.11,140.19,140.29,81112700.0,140.587,209036
2012-08-31,140.66,141.85,140.36,140.99,142579300.0,141.168,368673
2012-09-04,141.3,141.51,140.13,141.03,99433300.0,140.822,250967
2012-09-05,140.65,141.47,140.5,141.09,92449600.0,141.0,244156
2012-09-06,141.3,143.93,140.9,143.81,135116300.0,143.185,325762
2012-09-07,144.01,144.52,143.43,144.41,97178400.0,144.176,248542
2012-09-10,143.99,144.44,143.06,143.24,76829100.0,143.97,202870
2012-09-11,143.4,144.37,143.4,143.61,76329400.0,143.988,194127
2012-09-12,143.93,144.65,143.9,144.53,80189100.0,144.282,209067
2012-09-13,144.51,147.04,143.99,146.55,182735900.0,145.683,438868
2012-09-14,146.8,148.11,146.62,146.97,151728400.0,147.311,349259
2012-09-17,147.07,147.19,146.37,146.73,89085300.0,146.796,214608
2012-09-18,146.57,146.81,146.22,146.7,79204800.0,146.492,203400
2012-09-19,147.02,147.17,146.39,146.54,84851000.0,146.839,201023
2012-09-20,146.19,146.94,145.63,146.85,114178600.0,146.355,266694
2012-09-21,146.74,146.76,145.63,145.99,92982000.0,146.21,205742
2012-09-24,145.66,145.98,145.04,145.78,85752700.0,145.507,200160
2012-09-25,146.14,146.24,144.06,144.33,122939900.0,145.155,282270
2012-09-26,144.31,144.43,142.95,143.48,126582300.0,143.524,288953
2012-09-27,143.75,144.97,143.5,144.8,98733000.0,144.279,236543
2012-09-28,144.68,144.83,143.46,144.08,136871500.0,143.951,317074
2012-10-01,144.3,146.0,143.93,144.3,124950800.0,144.846,301305
2012-10-02,144.7,145.16,143.83,144.56,103923300.0,144.368,266672
2012-10-03,144.19,145.47,144.13,145.31,112483000.0,144.919,257634
2012-10-04,145.77,146.34,145.08,146.22,113931400.0,145.984,268503
2012-10-05,146.25,147.16,145.7,145.83,114494400.0,146.464,256618
2012-10-08,145.7,145.89,145.31,145.67,73019400.0,145.578,175594
2012-10-09,145.35,145.92,143.81,143.88,132835900.0,144.725,300355
2012-10-10,144.23,144.32,142.74,142.83,116680000.0,143.579,277094
2012-10-11,143.3,144.49,143.28,143.64,113877200.0,143.86,247457
2012-10-12,143.84,144.02,142.58,142.8,113994000.0,143.128,251334
2012-10-15,143.35,144.37,142.77,144.35,102154000.0,143.605,219048
2012-10-16,144.25,145.79,144.08,145.66,101636900.0,145.276,251983
2012-10-17,145.27,146.38,145.27,146.22,107194000.0,146.05,227884
2012-10-18,146.1,146.52,145.33,145.8,129106200.0,145.888,291072
2012-10-19,145.51,145.86,142.65,143.1,163555200.0,143.948,360048
2012-10-22,143.01,143.9,142.28,143.89,116157600.0,143.043,262528
2012-10-23,142.71,143.48,140.83,141.53,166559900.0,141.517,370098
2012-10-24,141.27,142.12,140.8,141.14,108749100.0,141.409,260253
2012-10-25,141.76,142.28,140.33,141.27,125722400.0,141.325,299863
2012-10-26,140.4,141.84,140.21,141.2,124771400.0,141.163,295128
2012-10-31,141.95,142.35,140.55,140.78,98086300.0,141.296,213265
2012-11-01,141.15,143.15,140.74,143.05,93960200.0,142.594,243003
2012-11-02,142.82,143.76,141.11,141.3,121253600.0,142.382,308737
2012-11-05,141.16,142.17,140.93,141.63,86160500.0,141.516,207981
2012-11-06,142.04,143.52,141.99,142.67,98766700.0,142.881,238319
2012-11-07,143.36,143.63,139.06,140.04,239189200.0,140.286,533564
2012-11-08,139.89,140.41,137.92,138.28,164803100.0,139.038,414120
2012-11-09,138.26,139.44,137.01,138.1,183638400.0,138.479,419961
2012-11-12,138.38,138.81,137.96,138.12,84795700.0,138.398,219875
2012-11-13,137.4,139.25,137.24,138.08,116355300.0,138.366,303305
2012-11-14,138.36,138.82,135.62,136.01,177731900.0,136.958,421365
2012-11-15,136.38,136.54,135.18,135.49,169499400.0,135.75,412332
2012-11-16,135.68,136.83,134.7,136.83,203081300.0,135.838,459729
2012-11-19,137.18,139.21,136.41,138.8,129291300.0,138.544,306705
2012-11-20,138.7,139.5,138.08,139.4,109769400.0,138.918,290037
2012-11-21,139.07,139.87,138.9,139.85,74767800.0,139.368,194626
2012-11-23,139.49,141.4,139.49,141.14,62010300.0,140.684,146306
2012-11-26,140.74,141.42,140.19,141.26,91511000.0,140.723,252110
2012-11-27,141.05,141.39,140.19,140.24,116497600.0,140.801,311432
2012-11-28,140.26,141.54,139.0,141.3,158834500.0,140.436,423606
2012-11-29,142.21,142.51,141.37,141.81,140044900.0,142.024,368519
2012-11-30,142.2,142.59,141.66,142.24,125137400.0,142.013,312719
2012-12-03,142.33,143.02,141.04,141.11,109043100.0,142.018,296804
2012-12-04,141.16,141.87,140.86,141.07,127477800.0,141.298,299795
2012-12-05,141.75,142.16,140.37,141.31,129459500.0,141.481,335468
2012-12-06,141.11,142.12,141.09,142.08,85946200.0,141.681,226347
2012-12-07,141.9,142.91,141.57,142.4,95364400.0,142.195,274220
2012-12-10,142.06,142.81,141.77,142.34,86511000.0,142.52,220226
2012-12-11,142.54,144.11,142.48,143.72,123651700.0,143.487,301319
2012-12-12,143.88,144.55,142.03,143.47,125808600.0,143.874,325196
2012-12-13,143.37,143.83,142.28,142.45,119407000.0,142.943,294890
2012-12-14,142.81,142.94,141.88,142.15,108411400.0,142.25,250988
2012-12-17,142.37,144.22,142.06,144.22,123787200.0,143.264,281032
2012-12-18,144.42,145.5,143.73,145.3,146711400.0,144.798,359452
2012-12-19,145.3,145.75,143.91,144.09,118835500.0,144.908,278630
2012-12-20,144.27,145.34,143.98,144.92,133992000.0,144.701,285946
2012-12-21,142.95,144.09,141.89,143.1,216936100.0,142.575,441663
2012-12-24,142.1,142.75,142.06,142.2,48690300.0,142.38,102379
2012-12-26,142.4,142.76,141.35,141.71,95482200.0,141.943,201254
2012-12-27,141.64,142.08,139.92,141.72,154710400.0,140.944,410437
2012-12-28,141.94,141.94,138.55,139.3,135875800.0,140.513,325343
2012-12-31,139.45,142.88,138.8,142.55,224724700.0,141.182,573065
2013-01-02,142.83,146.15,142.83,145.73,171989100.0,145.278,422868
2013-01-03,145.65,146.37,145.34,145.78,132495500.0,145.859,329520
2013-01-04,145.79,146.61,145.49,146.33,108260300.0,146.175,241407
2013-01-07,146.03,146.44,145.43,146.0,85575800.0,145.826,204334
2013-01-08,145.63,146.04,144.98,145.67,100862300.0,145.403,248719
2013-01-09,145.88,146.32,145.56,145.94,82709900.0,145.964,206335
2013-01-10,146.19,147.46,145.95,147.22,103825900.0,146.583,257587
2013-01-11,147.1,147.21,146.61,147.1,90442900.0,146.921,195630
2013-01-14,147.23,147.45,146.43,146.79,84392300.0,146.797,201759
2013-01-15,146.55,147.21,146.02,147.07,82710600.0,146.733,193635
2013-01-16,146.84,147.28,146.38,146.95,86014700.0,146.979,189323
2013-01-17,146.85,148.42,146.85,147.89,115485700.0,147.913,252087
2013-01-18,148.16,148.49,147.43,148.35,116217000.0,147.995,254946
2013-01-22,148.2,149.5,147.94,149.42,92929300.0,148.63,204287
2013-01-23,149.21,149.59,148.65,148.79,87699900.0,149.208,188191
2013-01-24,148.92,150.14,148.92,149.24,131976900.0,149.538,268638
2013-01-25,149.66,150.29,149.37,150.03,108838700.0,149.886,222427
2013-01-28,150.03,150.36,149.51,149.86,93364300.0,150.014,201038
2013-01-29,149.87,150.94,149.5,150.88,95203200.0,150.355,220186
2013-01-30,150.88,150.96,149.75,149.9,114639800.0,150.413,260307
2013-01-31,149.8,150.38,149.54,150.15,101379600.0,149.941,242084
2013-02-01,150.3,151.42,149.7,151.24,124313300.0,150.997,260074
2013-02-04,151.18,151.27,149.43,149.85,125350600.0,149.944,261979
2013-02-05,150.09,151.48,149.54,151.04,107286100.0,150.923,249886
2013-02-06,151.29,151.29,150.31,151.1,108105200.0,150.905,221355
2013-02-07,150.93,151.47,149.86,150.93,137455300.0,150.6,309636
2013-02-08,151.16,151.89,150.82,151.75,89042100.0,151.666,196560
2013-02-11,151.75,152.05,151.39,151.68,66493400.0,151.687,156484
2013-02-12,151.49,152.3,151.36,152.19,60777200.0,151.963,149543
2013-02-13,152.23,152.61,151.72,151.99,75381700.0,152.156,173924
2013-02-14,152.04,152.47,151.35,152.26,72949000.0,152.112,150988
2013-02-15,152.07,152.59,151.55,152.02,109651600.0,152.105,237511
2013-02-19,152.17,153.29,152.15,153.28,82581700.0,152.852,172330
2013-02-20,153.29,153.4,151.07,151.32,144666000.0,152.155,290732
2013-02-21,151.05,151.1,149.94,150.67,170521700.0,150.504,352721
2013-02-22,151.04,151.95,150.76,151.9,100202500.0,151.397,217381
2013-02-25,152.0,152.86,148.61,149.44,204550100.0,150.881,433848
2013-02-26,149.47,150.2,148.73,149.67,165661200.0,149.598,424583
2013-02-27,149.68,152.33,149.47,152.08,123522200.0,151.348,299764
2013-02-28,152.15,152.87,151.2,151.35,116995600.0,152.184,258623
2013-03-01,151.6,152.34,150.41,152.03,154692200.0,151.652,354989
2013-03-04,151.53,153.17,151.36,153.09,89041400.0,152.204,217102
2013-03-05,153.42,154.97,152.84,154.28,113649400.0,154.223,269763
2013-03-06,154.55,154.93,154.16,154.31,84980200.0,154.552,225210
2013-03-07,154.54,154.98,154.34,154.58,73224000.0,154.77,169089
2013-03-08,155.06,155.78,154.66,155.47,111827600.0,155.238,252005
2013-03-11,155.35,156.15,154.99,156.0,70681800.0,155.654,161112
2013-03-12,155.75,156.1,155.21,155.73,89378600.0,155.635,211723
2013-03-13,155.57,156.14,155.23,156.01,77586300.0,155.755,183298
2013-03-14,156.33,156.8,155.91,156.67,96497200.0,156.511,193616
2013-03-15,156.41,156.41,155.31,155.77,120992900.0,155.741,242601
2013-03-18,154.15,155.83,153.8,155.18,118458100.0,155.016,276512
2013-03-19,155.13,155.54,153.59,154.29,155982600.0,154.465,383606
2013-03-20,154.7,155.95,154.6,155.37,109585100.0,155.541,264119
2013-03-21,155.4,155.44,154.1,154.34,115517400.0,154.732,287020
2013-03-22,154.27,155.89,154.12,155.84,104151400.0,155.248,232479
2013-03-25,155.99,156.47,154.35,155.24,129686300.0,155.163,306628
2013-03-26,155.28,156.27,155.2,156.17,83351100.0,155.846,212233
2013-03-27,156.33,156.35,155.0,155.99,89293700.0,155.719,232934
2013-03-28,155.95,156.85,155.56,156.8,95447200.0,156.461,233053
2013-04-01,156.64,156.91,155.67,156.09,87454900.0,156.132,206113
2013-04-02,156.05,157.21,156.05,156.97,95321800.0,156.862,240107
2013-04-03,156.8,157.2,154.82,155.31,142770100.0,155.731,360146
2013-04-04,155.65,156.17,155.09,155.81,115309400.0,155.637,311492
2013-04-05,155.65,155.8,153.77,155.15,144579100.0,154.507,342628
2013-04-08,155.31,156.66,154.75,156.46,78458100.0,155.482,204724
2013-04-09,156.48,157.32,155.98,156.65,92397900.0,156.7,247054
2013-04-10,157.06,158.87,156.79,158.63,119024200.0,158.28,301498
2013-04-11,158.61,159.71,158.54,159.21,99409400.0,159.226,255944
2013-04-12,159.0,159.2,157.92,158.67,108679100.0,158.547,270210
2013-04-15,158.25,158.83,154.32,155.24,203656700.0,156.515,517092
2013-04-16,155.57,157.49,155.15,157.05,134952600.0,156.726,350115
2013-04-17,156.61,157.4,154.28,155.26,191067800.0,155.219,490861
2013-04-18,155.13,155.8,153.55,154.32,148973500.0,154.416,416309
2013-04-19,154.75,155.55,154.12,155.19,132450900.0,155.034,319080
2013-04-22,155.69,156.54,154.75,156.03,99545200.0,155.709,251527
2013-04-23,155.65,158.09,155.35,157.66,148901400.0,157.391,391988
2013-04-24,158.26,158.32,157.54,157.76,83288300.0,157.938,223398
2013-04-25,157.94,159.27,157.89,158.47,114000400.0,158.702,277507
2013-04-26,158.3,158.61,157.73,158.28,88654300.0,158.195,235974
2013-04-29,158.44,159.65,158.21,159.2,81738300.0,159.17,203941
2013-04-30,159.11,159.87,158.61,159.75,101760600.0,159.335,244053
2013-05-01,159.87,160.08,158.1,158.42,124684000.0,158.844,296075
2013-05-02,158.73,159.89,158.43,159.7,86983100.0,159.417,233872
2013-05-03,159.62,161.88,159.46,161.3,127375400.0,161.471,292908
2013-05-06,161.37,162.01,161.2,161.6,63390200.0,161.723,166768
2013-05-07,161.78,162.66,161.34,162.48,84783400.0,162.278,231078
2013-05-08,162.4,164.3,162.19,163.31,89544500.0,163.017,227871
2013-05-09,163.25,163.7,162.47,163.16,96361800.0,163.085,247139
2013-05-10,163.3,163.55,162.51,163.25,91213900.0,163.063,226100
2013-05-13,163.01,163.81,162.71,163.76,74292400.0,163.399,180068
2013-05-14,163.32,165.35,163.14,165.16,112537900.0,164.709,225104
2013-05-15,165.23,166.45,164.77,166.0,108006400.0,165.747,249153
2013-05-16,165.9,166.36,165.09,165.46,100427300.0,165.781,247543
2013-05-17,165.7,167.05,165.33,166.88,122138400.0,166.389,273566
2013-05-20,166.68,167.58,166.48,166.93,77975700.0,167.033,210079
2013-05-21,167.05,167.8,166.5,167.15,87991600.0,167.196,230091
2013-05-22,167.36,169.07,165.17,166.27,219052900.0,167.081,598653
2013-05-23,164.85,165.91,163.74,165.83,195167500.0,165.016,492919
2013-05-24,165.35,165.73,163.98,165.41,122319700.0,164.758,286718
2013-05-28,166.68,167.78,165.29,166.03,136994400.0,166.723,328545
2013-05-29,165.4,166.3,164.34,165.14,152656300.0,165.16,398148
2013-05-30,165.1,166.59,164.6,165.85,99023100.0,166.053,274706
2013-05-31,165.18,166.31,162.86,163.21,164116900.0,164.852,396888
2013-06-03,163.67,164.46,162.66,164.0,159735300.0,163.573,423285
2013-06-04,164.1,165.1,162.73,163.59,142138000.0,163.927,391613
2013-06-05,163.42,163.59,161.13,161.55,186791300.0,162.021,506340
2013-06-06,161.9,162.97,160.25,162.79,176988300.0,161.546,470879
2013-06-07,162.66,164.95,162.45,164.53,170586900.0,164.175,407652
2013-06-10,164.85,165.4,164.21,164.75,90553200.0,164.86,264894
2013-06-11,164.8,164.8,162.74,163.38,147821400.0,163.535,404652
2013-06-12,163.92,164.39,161.54,161.63,158135300.0,162.599,421313
2013-06-13,161.04,164.54,160.44,164.42,142864100.0,162.886,377045
2013-06-14,164.22,164.67,162.7,162.93,120179800.0,163.582,330364
2013-06-17,163.82,165.22,163.55,164.59,122944700.0,164.517,340371
2013-06-18,164.75,165.99,164.43,165.74,93165100.0,165.465,249872
2013-06-19,165.61,166.02,163.18,163.28,178886700.0,164.854,485916
2013-06-20,163.0,163.47,158.98,159.61,283014700.0,160.476,757745
2013-06-21,159.97,160.88,157.47,158.84,245855600.0,158.764,679280
2013-06-24,158.24,158.46,155.73,157.36,211812800.0,156.911,619821
2013-06-25,157.55,160.1,156.99,158.1,150162300.0,158.356,420486
2013-06-26,158.59,160.5,158.0,159.93,129173500.0,159.925,373779
2013-06-27,160.11,161.82,160.05,161.02,122380800.0,161.317,358166
2013-06-28,161.64,161.81,159.86,160.2,147666700.0,160.766,411228
2013-07-01,161.2,162.48,160.05,161.2,124376200.0,161.801,367237
2013-07-02,161.38,162.3,160.5,161.25,127603000.0,161.458,342778
2013-07-03,160.22,161.77,159.9,161.5,71708200.0,161.006,193583
2013-07-05,162.85,163.53,161.28,163.37,115506200.0,162.401,319949
2013-07-08,163.66,164.39,163.54,164.26,97262800.0,163.952,303746
2013-07-09,164.86,165.33,163.94,165.11,109454400.0,164.913,299266
2013-07-10,165.13,166.79,164.61,166.69,113738900.0,165.111,316506
2013-07-11,166.75,167.61,165.18,167.22,115927900.0,167.006,295287
2013-07-12,167.42,167.93,167.13,167.49,92013600.0,167.459,231621
2013-07-15,167.81,168.39,167.51,168.18,66030300.0,168.073,182143
2013-07-16,167.95,168.36,166.75,167.61,75997100.0,167.624,205058
2013-07-17,167.64,168.48,167.03,167.85,84916800.0,168.033,244184
2013-07-18,167.98,170.46,167.98,168.43,88919800.0,168.851,241023
2013-07-19,168.2,169.61,168.15,169.6,91613200.0,168.791,223038
2013-07-22,169.35,169.74,169.01,169.6,73557500.0,169.409,190576
2013-07-23,169.71,169.87,169.05,169.38,72655000.0,169.393,202541
2013-07-24,169.53,169.94,168.18,168.73,107324000.0,168.758,285649
2013-07-25,168.38,169.09,167.64,169.04,97442900.0,168.579,248830
2013-07-26,168.69,169.28,167.52,169.12,98405400.0,168.458,256400
2013-07-29,169.07,169.07,168.11,168.74,72425900.0,168.567,213908
2013-07-30,169.1,169.28,168.19,168.87,79852000.0,168.763,224526
2013-07-31,168.83,169.85,168.49,169.01,133326600.0,169.098,341847
2013-08-01,169.06,170.81,169.06,170.63,102842800.0,170.422,281606
2013-08-02,170.64,170.99,170.05,170.89,84607900.0,170.555,213483
2013-08-05,170.87,170.99,170.35,170.48,48289500.0,170.694,141225
2013-08-06,170.68,170.83,169.35,169.69,73560000.0,169.843,209400
2013-08-07,169.4,169.47,168.55,169.42,76430700.0,169.049,229781
2013-08-08,169.43,170.18,168.93,169.76,84241200.0,169.685,216934
2013-08-09,169.85,170.1,168.72,169.02,83903600.0,169.402,230284
2013-08-12,169.0,169.33,168.0,169.23,62172600.0,168.983,174718
2013-08-13,169.54,169.9,168.41,169.57,76626100.0,169.274,217062
2013-08-14,169.51,169.8,168.21,168.3,72710800.0,169.075,214982
2013-08-15,168.28,168.55,165.96,166.25,135375800.0,166.613,348243
2013-08-16,166.24,166.67,165.5,165.55,116581800.0,166.084,280729
2013-08-19,165.7,166.21,164.76,164.98,84140100.0,165.502,241800
2013-08-20,164.8,166.2,164.7,165.63,82774100.0,165.599,233772
2013-08-21,165.25,166.03,163.8,163.84,142431400.0,165.063,393484
2013-08-22,164.72,166.3,164.58,166.2,88431700.0,165.683,233626
2013-08-23,165.93,166.83,165.7,166.71,76280400.0,166.354,203028
2013-08-26,166.62,167.3,165.66,165.8,82211600.0,166.588,207746
2013-08-27,165.56,166.0,163.21,163.3,139081800.0,164.09,378947
2013-08-28,163.58,164.49,163.05,163.62,100120600.0,163.886,256273
2013-08-29,163.79,165.04,163.37,164.47,100387900.0,164.37,252948
2013-08-30,164.47,164.68,163.17,163.54,120607600.0,163.768,300360
2013-09-03,165.36,165.58,163.65,164.35,131724800.0,164.491,343335
2013-09-04,164.34,166.09,164.13,166.04,89836400.0,165.486,250603
2013-09-05,166.13,166.4,165.65,165.98,58277300.0,166.065,176992
2013-09-06,165.88,166.98,164.48,165.84,146263400.0,165.985,390517
2013-09-09,166.15,167.8,166.15,167.79,81407100.0,167.219,225756
2013-09-10,168.06,168.9,167.64,168.7,97615900.0,168.632,254056
2013-09-11,168.64,169.61,168.35,169.45,82680700.0,168.952,219127
2013-09-12,169.35,169.74,168.72,169.14,75243900.0,169.129,212606
2013-09-13,169.03,169.59,168.58,169.53,65795900.0,169.206,186083
2013-09-16,171.0,171.61,169.34,170.18,107938000.0,170.46,256933
2013-09-17,170.1,171.22,170.05,171.13,69531500.0,170.87,173947
2013-09-18,171.11,173.52,170.58,173.16,170305600.0,172.197,432954
2013-09-19,173.46,173.86,172.59,172.82,116476300.0,173.024,285674
2013-09-20,172.12,172.5,170.57,170.64,123644500.0,171.286,293223
2013-09-23,171.04,171.17,169.39,169.7,93641800.0,169.982,248494
2013-09-24,169.65,170.53,169.21,169.55,85922700.0,169.876,243499
2013-09-25,169.33,169.98,168.89,169.19,110287200.0,169.314,287549
2013-09-26,169.33,170.17,169.05,169.94,74239000.0,169.522,209625
2013-09-27,169.65,169.66,168.47,169.01,90943400.0,168.881,236393
2013-09-30,167.98,168.97,167.15,168.22,136554600.0,167.954,360202
2013-10-01,168.65,169.69,167.97,169.4,110737100.0,168.894,290923
2013-10-02,168.65,169.34,167.83,168.25,101563600.0,168.694,261391
2013-10-03,168.47,169.23,166.84,167.46,161175200.0,167.779,425726
2013-10-04,167.65,169.06,167.53,168.84,87745100.0,168.498,244940
2013-10-07,167.41,168.9,167.01,167.3,87738300.0,167.87,251055
2013-10-08,167.42,167.64,165.16,165.95,164139500.0,166.35,454903
2013-10-09,165.98,166.29,164.53,165.72,157002500.0,165.538,449526
2013-10-10,166.43,169.26,165.57,168.75,175825400.0,168.199,462487
2013-10-11,168.95,170.57,168.7,170.41,97850100.0,169.756,285782
2013-10-14,169.54,171.42,168.96,171.31,104543200.0,170.238,291758
2013-10-15,170.89,171.3,169.47,170.86,140519100.0,170.31,420955
2013-10-16,170.4,172.16,169.72,171.9,144888500.0,171.651,379720
2013-10-17,171.77,173.82,171.14,173.62,117659800.0,172.501,316175
2013-10-18,173.47,174.51,173.28,174.3,123066900.0,174.069,317639
2013-10-21,174.27,174.75,174.01,174.35,74603500.0,174.344,197587
2013-10-22,174.27,175.93,174.18,175.32,115151400.0,175.322,316576
2013-10-23,174.55,174.89,173.96,174.76,99468400.0,174.493,290597
2013-10-24,175.15,175.55,174.51,175.39,66553900.0,175.016,204488
2013-10-25,174.84,176.05,174.75,175.83,85490900.0,175.581,231828
2013-10-28,175.89,176.48,175.67,176.16,74314300.0,176.106,207905
2013-10-29,176.28,177.33,176.18,177.17,74891700.0,176.823,213012
2013-10-30,177.22,177.76,175.66,175.96,122399100.0,176.628,359878
2013-10-31,175.88,176.89,175.53,175.91,115798300.0,176.178,306560
2013-11-01,175.9,176.61,175.22,176.0,119428300.0,175.933,348114
2013-11-04,176.21,176.91,176.0,176.81,65347800.0,176.527,172449
2013-11-05,176.66,176.75,175.57,176.37,74350300.0,176.275,224818
2013-11-06,176.75,177.5,176.41,176.82,76884500.0,177.02,216625
2013-11-07,176.93,177.95,174.76,175.25,150122600.0,175.952,391957
2013-11-08,175.45,177.31,174.15,177.19,125151800.0,176.194,350245
2013-11-11,176.94,177.53,176.91,177.36,62555100.0,177.27,168262
2013-11-12,177.12,177.36,176.37,177.1,75547700.0,176.876,223102
2013-11-13,176.8,178.82,175.96,178.8,94437000.0,177.441,242242
2013-11-14,178.78,179.42,178.25,179.25,89885200.0,178.97,253451
2013-11-15,179.4,180.12,179.15,179.9,82420900.0,179.723,200582
2013-11-18,179.75,180.5,179.02,179.49,96751600.0,179.782,245723
2013-11-19,179.22,179.87,178.72,178.95,84517400.0,179.248,253953
2013-11-20,179.1,179.93,177.98,178.51,110473500.0,178.949,330995
2013-11-21,178.47,180.05,178.34,180.0,84638600.0,179.582,207246
2013-11-22,180.01,180.83,179.75,180.58,70621900.0,180.422,181285
2013-11-25,180.97,181.7,180.37,180.83,69398700.0,180.811,179022
2013-11-26,180.87,181.22,180.41,180.74,73333000.0,180.851,185589
2013-11-27,180.72,181.24,180.65,181.08,52022700.0,181.023,149598
2013-11-29,181.25,181.75,180.8,181.0,51159600.0,181.309,116945
2013-12-02,180.89,181.43,180.25,180.65,87471700.0,180.845,210918
2013-12-03,180.66,180.66,179.17,179.82,98096300.0,179.835,257237
2013-12-04,179.99,180.48,178.35,179.76,116930800.0,179.587,318517
2013-12-05,179.8,179.98,178.77,179.15,95547900.0,179.18,262472
2013-12-06,179.47,181.23,178.99,181.17,107612100.0,180.644,276580
2013-12-09,181.24,181.67,180.95,181.55,62232700.0,181.392,210387
2013-12-10,181.56,181.63,180.64,181.29,76774700.0,180.958,218107
2013-12-11,180.87,181.37,178.5,178.74,120523800.0,179.42,357009
2013-12-12,178.8,178.95,177.76,178.04,110981700.0,178.377,328852
2013-12-13,178.66,178.85,177.77,177.97,97745500.0,178.186,262412
2013-12-16,177.83,179.81,177.04,179.01,85382300.0,179.313,241241
2013-12-17,179.11,179.46,178.25,178.74,75791900.0,178.737,240765
2013-12-18,178.71,181.84,177.32,181.52,205734800.0,179.865,587333
2013-12-19,181.54,181.77,180.71,181.56,109482100.0,181.336,324638
2013-12-20,180.68,182.0,180.51,181.85,146626300.0,181.494,335540
2013-12-23,182.27,182.64,181.47,182.31,61802600.0,182.404,195436
2013-12-24,182.53,183.45,182.38,183.35,36991800.0,182.819,106345
2013-12-26,183.3,183.96,183.24,183.66,53915400.0,183.677,175046
2013-12-27,183.76,184.18,183.53,183.85,54331400.0,183.882,165143
2013-12-30,183.83,184.08,183.58,183.75,49678300.0,183.749,169329
2013-12-31,183.81,184.98,183.76,184.98,74838900.0,184.365,211292
2014-01-02,184.84,184.84,182.48,183.09,93923600.0,183.235,316846
2014-01-03,182.88,183.6,182.62,182.66,69348900.0,183.113,224280
2014-01-06,182.64,183.56,182.08,182.39,86627400.0,182.638,243343
2014-01-07,182.83,183.79,182.42,183.29,76191900.0,183.374,210565
2014-01-08,183.51,183.83,182.89,183.52,82124300.0,183.44,244103
2014-01-09,183.57,184.21,182.8,183.69,78794800.0,183.47,228235
2014-01-10,183.8,184.57,183.01,184.19,94498600.0,183.702,241651
2014-01-13,183.8,184.18,181.34,181.93,125336600.0,182.558,317468
2014-01-14,182.08,183.77,181.74,183.66,89796300.0,183.029,245198
2014-01-15,183.93,184.94,183.71,184.7,78143900.0,184.531,215457
2014-01-16,184.42,184.5,183.83,184.12,61568900.0,184.234,173437
2014-01-17,184.12,184.63,183.32,183.6,84089400.0,183.906,213399
2014-01-21,184.15,184.77,183.05,184.14,77290500.0,183.966,221549
2014-01-22,184.3,184.74,183.9,184.55,56494900.0,184.285,171179
2014-01-23,184.03,184.73,181.82,182.84,107496600.0,182.646,308718
2014-01-24,182.82,182.82,178.43,178.59,178852600.0,180.179,501187
2014-01-27,179.05,179.63,177.12,178.04,170075900.0,178.433,514509
2014-01-28,178.6,180.33,177.99,180.17,97683900.0,178.893,301348
2014-01-29,180.05,180.05,176.88,177.89,193492500.0,177.791,554615
2014-01-30,177.67,179.81,177.32,178.87,110813800.0,179.05,324920
2014-01-31,178.28,179.31,176.57,178.1,163121900.0,178.157,426076
2014-02-03,178.32,178.66,173.73,174.5,229632200.0,175.415,675542
2014-02-04,174.6,175.84,174.11,174.96,148677900.0,175.171,424819
2014-02-05,174.76,175.56,173.71,175.24,144141000.0,174.847,413894
2014-02-06,175.26,177.48,174.96,177.24,108439800.0,176.829,306655
2014-02-07,177.47,179.89,176.35,179.89,149752100.0,178.717,397963
2014-02-10,179.73,180.28,179.1,180.14,75216900.0,179.718,200458
2014-02-11,180.6,182.44,180.03,181.71,110562100.0,181.417,304006
2014-02-12,182.16,182.83,181.7,181.99,85921000.0,182.176,248807
2014-02-13,181.6,183.2,180.75,182.96,90905100.0,182.403,259043
2014-02-14,182.6,184.36,182.58,184.01,84048400.0,183.685,209337
2014-02-18,184.08,184.49,183.65,184.01,65944200.0,184.231,190351
2014-02-19,184.0,184.95,182.87,183.3,108050500.0,183.913,302899
2014-02-20,182.7,184.52,182.45,184.39,92998900.0,183.773,254531
2014-02-21,184.46,184.89,183.7,183.87,89064700.0,184.338,229670
2014-02-24,184.0,186.15,183.89,185.07,96327700.0,185.394,274323
2014-02-25,184.78,185.59,184.23,185.3,102950000.0,184.887,278601
2014-02-26,185.57,185.64,184.33,184.86,92677300.0,184.967,270112
2014-02-27,185.1,186.07,183.84,185.84,88454900.0,185.269,247689
2014-02-28,185.75,187.15,185.05,186.29,138658900.0,186.308,371337
2014-03-03,185.1,186.29,183.75,185.11,148522100.0,184.742,453034
2014-03-04,185.98,187.98,184.91,187.5,154525200.0,187.417,417257
2014-03-05,187.75,188.17,187.45,187.77,76496300.0,187.734,224971
2014-03-06,188.26,188.61,187.78,188.24,75644300.0,188.278,219807
2014-03-07,188.11,189.26,187.43,188.21,111485700.0,188.143,301910
2014-03-10,187.92,188.36,187.08,188.09,69204500.0,187.774,203681
2014-03-11,188.14,188.71,186.79,186.85,93450400.0,187.654,265889
2014-03-12,186.95,187.48,185.9,187.48,96348000.0,186.795,259903
2014-03-13,187.56,187.99,184.66,185.3,141030500.0,185.951,423742
2014-03-14,184.91,185.8,184.44,184.67,139692900.0,185.054,411898
2014-03-17,184.32,186.77,183.87,186.36,92320100.0,186.283,284961
2014-03-18,186.24,187.91,185.78,187.69,89283600.0,187.39,276230
2014-03-19,187.75,188.6,185.47,186.59,126153800.0,187.042,375240
2014-03-20,186.4,187.93,185.77,187.75,101079400.0,187.206,296520
2014-03-21,187.3,188.22,186.03,186.13,135713100.0,187.09,356201
2014-03-24,186.47,187.07,184.62,185.59,115111600.0,185.486,379675
2014-03-25,185.38,186.94,185.27,186.68,95922500.0,186.206,327375
2014-03-26,186.4,187.34,184.66,184.99,108594900.0,186.145,342006
2014-03-27,185.14,185.34,183.9,184.8,129937200.0,184.618,398202
2014-03-28,184.96,186.42,184.66,185.76,89407900.0,185.692,269827
2014-03-31,186.14,187.3,186.02,186.92,89007300.0,186.933,274200
2014-04-01,187.2,188.38,186.8,188.29,78669500.0,187.898,225309
2014-04-02,188.49,189.13,188.14,188.68,68165600.0,188.654,223902
2014-04-03,188.76,189.24,188.05,188.96,70422700.0,188.656,232506
2014-04-04,189.05,189.74,186.1,186.59,152496500.0,187.7,468752
2014-04-07,185.99,186.32,183.96,184.59,130787000.0,184.942,404327
2014-04-08,184.63,185.4,183.59,185.1,104628900.0,184.706,324799
2014-04-09,185.09,187.22,185.0,187.2,87715700.0,186.18,273468
2014-04-10,187.17,187.2,182.93,183.31,151303900.0,184.728,462370
2014-04-11,183.46,183.52,181.31,181.54,153295000.0,182.227,478588
2014-04-14,181.5,183.37,181.23,183.08,114077400.0,182.611,354269
2014-04-15,183.04,184.94,181.51,184.66,144254500.0,183.176,483095
2014-04-16,185.07,186.22,184.21,185.47,93502900.0,185.417,287364
2014-04-17,185.4,186.91,183.68,186.38,87776600.0,186.3,260042
2014-04-21,186.58,187.12,186.21,187.07,63288300.0,186.832,172532
2014-04-22,186.76,188.4,186.76,187.88,75419400.0,187.913,235736
2014-04-23,188.0,188.6,187.3,188.43,66329600.0,187.619,212748
2014-04-24,188.52,188.79,186.93,187.79,80993100.0,187.766,261231
2014-04-25,187.74,187.8,185.87,186.59,89947000.0,186.522,280718
2014-04-28,186.94,187.69,184.96,187.24,121962100.0,186.514,367604
2014-04-29,187.48,188.04,186.9,187.51,76187600.0,187.668,240619
2014-04-30,187.35,188.6,187.18,188.52,94183700.0,187.941,283613
2014-05-01,188.58,188.84,187.73,188.41,82433000.0,188.297,253271
2014-05-02,188.58,189.3,187.78,188.01,85760100.0,188.38,283866
2014-05-05,188.04,188.55,186.62,188.28,67899200.0,187.88,202648
2014-05-06,188.5,188.62,186.74,186.91,68332100.0,187.388,220483
2014-05-07,187.03,188.13,186.01,187.88,98703600.0,187.217,304842
2014-05-08,188.13,189.05,187.08,187.53,88709300.0,188.136,301244
2014-05-09,187.65,188.09,186.83,188.07,75812300.0,187.488,251430
2014-05-12,188.2,189.97,188.0,189.96,71058600.0,189.416,217467
2014-05-13,190.01,190.42,189.23,189.99,59292000.0,190.025,197116
2014-05-14,189.9,190.01,188.79,189.05,61677800.0,189.381,196926
2014-05-15,189.16,189.16,186.48,187.33,135296300.0,187.296,385362
2014-05-16,187.17,188.23,186.72,188.14,85734900.0,187.473,245140
2014-05-19,187.99,188.89,187.19,188.61,56268400.0,188.453,165712
2014-05-20,188.83,188.91,187.07,187.31,95409600.0,187.852,269482
2014-05-21,187.62,189.22,187.6,189.06,82074900.0,188.734,240162
2014-05-22,189.23,189.98,188.86,189.63,53366800.0,189.593,163817
2014-05-23,189.75,190.48,189.58,190.22,54143100.0,190.2,147795
2014-05-27,190.54,191.64,190.47,191.53,61829500.0,191.353,162701
2014-05-28,191.55,191.98,191.06,191.44,56553900.0,191.496,162927
2014-05-29,191.65,192.4,191.33,192.3,56700200.0,191.951,156409
2014-05-30,192.17,192.82,192.03,192.78,67779900.0,192.429,163422
2014-06-02,192.85,192.99,191.97,192.73,56109900.0,192.668,164191
2014-06-03,192.58,192.97,192.2,192.83,50169800.0,192.633,139633
2014-06-04,192.77,193.3,192.23,193.17,44042600.0,192.965,133021
2014-06-05,193.06,194.65,192.7,194.53,83391300.0,193.914,226524
2014-06-06,194.46,195.63,194.45,195.59,70495900.0,195.232,164715
2014-06-09,195.41,196.05,195.17,195.54,56579100.0,195.575,148490
2014-06-10,195.4,195.75,194.92,195.5,43588300.0,195.344,121149
2014-06-11,195.35,195.58,194.48,195.06,51720900.0,194.89,140903
2014-06-12,195.11,195.28,193.11,193.49,91405200.0,193.944,211347
2014-06-13,193.6,194.32,193.2,194.2,67308600.0,193.941,167192
2014-06-16,193.7,194.7,193.53,194.33,62622800.0,194.214,158622
2014-06-17,194.75,194.97,193.76,194.75,67100100.0,194.58,164180
2014-06-18,194.83,196.37,194.4,196.24,86818700.0,195.336,234590
2014-06-19,196.36,196.6,195.8,196.31,68501600.0,196.255,180129
2014-06-20,195.51,196.17,195.24,195.97,81795000.0,195.887,172636
2014-06-23,195.94,196.07,195.52,195.67,63797100.0,195.824,138681
2014-06-24,195.68,196.5,194.48,194.7,89003200.0,195.507,214773
2014-06-25,194.8,195.78,194.24,195.42,74219400.0,195.158,191170
2014-06-26,195.36,195.73,194.13,195.37,67999900.0,194.901,175971
2014-06-27,195.2,195.9,194.76,195.7,61766800.0,195.435,152101
2014-06-30,195.7,196.17,195.26,195.97,59271400.0,195.82,150280
2014-07-01,196.08,197.63,195.72,197.11,81140900.0,197.019,218024
2014-07-02,197.15,197.5,196.94,197.22,48059600.0,197.182,137253
2014-07-03,197.38,198.29,197.14,198.05,45814000.0,197.984,114650
2014-07-07,197.95,198.25,197.22,197.5,56385800.0,197.547,147130
2014-07-08,197.35,197.5,195.76,196.51,84947900.0,196.328,240403
2014-07-09,196.5,197.3,196.21,197.16,66866200.0,196.836,187488
2014-07-10,196.97,197.12,195.04,196.17,88391900.0,195.98,239404
2014-07-11,196.75,196.79,195.78,196.7,53716400.0,196.286,151409
2014-07-14,196.9,197.86,196.9,197.58,48301000.0,197.635,119877
2014-07-15,197.54,198.1,196.36,197.26,93720600.0,197.257,239813
2014-07-16,197.5,198.26,197.21,197.66,67775100.0,197.9,177545
2014-07-17,197.68,198.1,194.81,195.38,130004500.0,196.687,319951
2014-07-18,195.96,197.91,195.67,197.74,92353300.0,197.112,221561
2014-07-21,197.51,197.61,196.43,197.08,60485200.0,197.036,161139
2014-07-22,197.36,198.56,197.3,197.91,54779000.0,198.237,153487
2014-07-23,198.14,198.85,198.1,198.62,53992400.0,198.578,144343
2014-07-24,198.47,199.09,198.17,198.36,51379000.0,198.749,152653
2014-07-25,198.51,198.54,197.33,197.58,69936900.0,197.771,186072
2014-07-28,197.49,198.09,196.62,197.81,59809800.0,197.446,165011
2014-07-29,197.58,198.45,196.7,196.97,71163000.0,197.643,207002
2014-07-30,197.06,197.91,196.16,196.9,92936700.0,196.983,289163
2014-07-31,196.61,196.97,192.9,193.37,161415400.0,194.193,417454
2014-08-01,193.03,193.76,191.57,192.34,168025400.0,192.628,482864
2014-08-04,192.99,194.3,192.05,193.66,82052500.0,193.193,239249
2014-08-05,193.65,193.9,191.31,192.09,125927300.0,192.402,353600
2014-08-06,192.2,192.89,190.85,192.15,88931600.0,192.122,285168
2014-08-07,192.27,193.13,190.55,191.21,113512800.0,191.674,340016
2014-08-08,189.94,193.37,189.61,193.01,100286100.0,192.224,297707
2014-08-11,193.51,194.66,193.1,193.97,67913700.0,194.105,208945
2014-08-12,194.11,194.36,192.94,193.78,67428900.0,193.527,204838
2014-08-13,194.23,195.2,193.57,195.01,59702200.0,194.624,177047
2014-08-14,194.9,196.04,194.81,195.82,52956900.0,195.44,152431
2014-08-15,196.03,196.65,194.31,195.84,122404100.0,195.502,366666
2014-08-18,196.25,197.52,195.74,197.47,64548700.0,197.196,173794
2014-08-19,197.65,198.54,197.4,198.23,50808200.0,198.177,151014
2014-08-20,198.12,199.16,197.93,199.01,64148900.0,198.648,183010
2014-08-21,199.17,199.76,198.93,199.6,56642100.0,199.418,145794
2014-08-22,199.64,199.69,198.74,199.35,64915600.0,199.264,186462
2014-08-25,199.9,200.59,199.86,200.1,49278200.0,200.186,134486
2014-08-26,200.02,200.82,199.83,200.43,43674600.0,200.48,116421
2014-08-27,200.4,200.6,199.94,200.26,40908500.0,200.276,107979
2014-08-28,200.0,200.51,199.35,200.42,51233300.0,199.928,141627
2014-08-29,200.69,200.97,199.82,200.51,54503900.0,200.437,149133
2014-09-02,200.91,201.18,199.86,200.62,60063800.0,200.492,174719
2014-09-03,200.8,201.71,200.22,200.44,51756100.0,200.777,153262
2014-09-04,200.45,201.58,199.66,200.47,72540100.0,200.697,204862
2014-09-05,200.03,201.32,199.34,201.29,80177600.0,200.422,224930
2014-09-08,201.0,201.21,200.0,200.6,56060700.0,200.625,160102
2014-09-09,200.57,200.9,198.91,199.34,76591900.0,199.746,217025
2014-09-10,199.33,200.2,198.77,200.05,62337400.0,199.577,185043
2014-09-11,199.85,200.52,199.11,200.33,60961200.0,199.812,178125
2014-09-12,200.24,200.44,198.56,198.88,97541000.0,199.291,242499
2014-09-15,198.52,199.32,198.38,198.99,62004500.0,198.856,197701
2014-09-16,198.8,200.84,198.43,200.58,87634500.0,200.012,253375
2014-09-17,200.48,201.68,199.75,200.76,125905800.0,200.794,337936
2014-09-18,200.48,202.27,200.48,202.1,78919400.0,201.615,204499
2014-09-19,201.75,202.45,200.28,200.28,99581600.0,201.003,249900
2014-09-22,199.96,200.6,198.73,198.93,114775700.0,199.281,276321
2014-09-23,198.6,199.26,197.32,197.78,92581600.0,198.532,241761
2014-09-24,198.01,199.69,197.52,199.57,85954700.0,198.755,233085
2014-09-25,199.43,199.6,196.25,196.84,132373100.0,197.119,373052
2014-09-26,196.52,198.39,196.14,197.9,96237600.0,197.315,265019
2014-09-29,197.36,198.02,196.05,197.44,82615000.0,197.124,246403
2014-09-30,197.57,198.3,196.47,196.61,110236700.0,197.326,310850
2014-10-01,196.75,197.09,193.91,194.64,162161000.0,195.117,476537
2014-10-02,194.6,195.07,192.35,194.49,147068600.0,193.968,453639
2014-10-03,194.83,196.94,194.69,196.52,108307500.0,196.237,305801
2014-10-06,197.08,197.6,195.58,195.95,93541200.0,196.557,300898
2014-10-07,195.81,195.92,193.01,193.36,120815900.0,194.498,367568
2014-10-08,193.5,196.92,192.36,196.51,168353200.0,194.653,519592
2014-10-09,197.04,197.45,192.1,192.38,188971400.0,194.076,589128
2014-10-10,192.74,193.65,189.92,190.27,202428600.0,191.98,656823
2014-10-13,189.66,191.15,186.97,187.7,213055100.0,189.391,668016
2014-10-14,187.8,189.82,187.04,188.67,194141700.0,188.343,644834
2014-10-15,187.83,187.87,181.92,185.25,327776000.0,184.82,1086481
2014-10-16,185.61,187.58,182.17,186.23,234692100.0,185.547,810426
2014-10-17,187.0,189.75,187.0,188.55,189000200.0,188.644,587871
2014-10-20,188.9,191.0,187.86,190.47,115518900.0,189.51,340317
2014-10-21,190.36,194.54,190.36,194.26,142866500.0,193.044,424823
2014-10-22,194.25,194.91,192.61,193.21,132398000.0,193.766,419558
2014-10-23,193.71,196.2,193.49,195.26,132523900.0,195.167,418627
2014-10-24,194.84,196.67,192.62,196.6,109040100.0,195.719,337370
2014-10-27,196.46,197.02,195.03,196.38,79331000.0,195.863,265143
2014-10-28,196.8,198.63,196.5,198.12,97300500.0,197.573,285259
2014-10-29,198.44,199.12,196.8,197.65,132316900.0,198.032,423408
2014-10-30,198.41,199.95,196.52,199.52,104736300.0,198.705,322763
2014-10-31,201.15,201.93,199.95,201.62,121910400.0,201.382,342036
2014-11-03,201.4,202.45,201.25,201.29,85217200.0,201.822,283521
2014-11-04,201.85,201.95,200.06,201.17,82812300.0,200.962,263967
2014-11-05,201.57,202.59,201.07,202.16,81968800.0,202.083,257924
2014-11-06,202.08,203.45,201.64,203.44,86703200.0,202.711,240403
2014-11-07,203.41,203.85,202.61,203.16,79920000.0,203.178,217533
2014-11-10,203.25,204.04,203.03,203.9,61270300.0,203.689,179530
2014-11-11,204.14,204.37,203.65,204.02,47513100.0,203.984,140351
2014-11-12,203.9,204.24,203.24,204.01,65686100.0,203.869,175251
2014-11-13,204.48,204.87,203.21,204.05,80681900.0,204.085,247338
2014-11-14,203.97,204.53,203.72,204.52,63835000.0,204.128,196506
2014-11-17,203.89,204.58,203.32,204.42,63343500.0,204.192,191460
2014-11-18,204.3,205.92,204.14,205.3,65698300.0,205.364,190143
2014-11-19,205.07,205.55,204.3,205.2,72701600.0,204.962,226074
2014-11-20,205.0,205.76,204.06,205.63,66555400.0,205.272,186490
2014-11-21,206.25,207.72,205.7,206.74,104916600.0,206.844,265588
2014-11-24,206.68,207.39,206.68,207.22,56663500.0,207.164,161699
2014-11-25,207.31,207.79,206.8,207.37,62454700.0,207.275,182148
2014-11-26,207.51,208.06,207.03,207.83,50655300.0,207.425,142731
2014-11-28,207.49,207.93,206.87,206.95,49738500.0,207.364,129925
2014-12-01,206.73,207.2,205.38,205.64,89470300.0,205.926,277514
2014-12-02,206.29,207.34,205.69,207.3,66066900.0,206.726,196444
2014-12-03,207.06,208.15,206.85,207.84,58162800.0,207.668,177140
2014-12-04,207.86,208.27,206.7,207.77,81995000.0,207.54,233979
2014-12-05,207.95,208.47,207.46,208.13,78354000.0,208.019,202884
2014-12-08,207.81,208.12,205.93,206.67,98413800.0,206.955,263826
2014-12-09,206.05,206.6,203.91,206.34,111621900.0,205.271,330836
2014-12-10,206.24,206.32,202.93,203.29,139396200.0,204.221,415872
2014-12-11,203.9,206.19,202.89,203.55,137702400.0,204.979,408140
2014-12-12,202.78,204.14,200.31,200.56,175206500.0,202.216,485899
2014-12-15,201.52,202.53,198.78,199.92,179636800.0,200.382,592402
2014-12-16,200.08,202.4,197.49,198.44,225446300.0,199.581,664009
2014-12-17,198.5,202.34,198.12,202.03,208921900.0,200.485,639918
2014-12-18,202.59,212.97,201.79,207.21,206921000.0,205.391,546939
2014-12-19,206.69,207.33,205.62,206.42,170185900.0,206.411,473784
2014-12-22,207.12,207.56,206.12,207.38,114553200.0,207.04,293304
2014-12-23,207.18,208.38,207.1,207.92,90414800.0,207.917,249873
2014-12-24,208.0,208.34,207.72,207.86,40046700.0,208.078,124478
2014-12-26,208.15,208.85,208.02,208.58,45670000.0,208.594,138710
2014-12-29,208.4,208.97,207.64,208.93,60683700.0,208.717,192149
2014-12-30,208.3,208.72,207.51,207.89,61690500.0,207.918,202884
2014-12-31,208.09,208.3,205.39,205.66,101213500.0,206.751,312973
2015-01-02,206.25,206.9,204.18,205.11,104113300.0,205.381,349494
2015-01-05,205.11,205.43,201.35,201.96,139698700.0,202.41,457739
2015-01-06,201.65,202.72,198.85,200.16,176278000.0,200.588,584159
2015-01-07,200.29,202.72,200.15,202.52,112048900.0,201.892,394367
2015-01-08,203.0,206.16,203.0,205.73,121592100.0,205.432,369197
2015-01-09,205.75,206.52,203.51,203.85,137019600.0,204.584,427017
2015-01-12,204.49,205.17,201.92,202.69,121972900.0,202.751,360973
2015-01-13,202.82,205.48,200.51,201.97,172602100.0,202.867,556195
2015-01-14,200.87,202.33,198.57,201.28,163050200.0,200.139,550277
2015-01-15,202.4,202.44,197.76,198.13,150116300.0,199.972,523840
2015-01-16,198.68,201.83,197.15,201.65,163458000.0,200.362,465194
2015-01-20,202.0,203.0,200.17,201.95,113511000.0,201.48,372318
2015-01-21,201.99,203.66,200.94,203.07,115453600.0,202.594,364620
2015-01-22,203.57,206.26,202.33,205.89,156561600.0,204.808,406764
2015-01-23,206.05,206.62,204.45,204.52,102611600.0,205.476,337342
2015-01-26,204.23,205.86,203.36,205.81,84870600.0,204.978,278976
2015-01-27,205.49,205.8,201.74,203.92,122015800.0,202.977,440719
2015-01-28,204.02,204.42,199.56,200.07,144930400.0,201.976,497563
2015-01-29,199.88,202.45,198.68,202.0,142085900.0,200.367,505449
2015-01-30,201.81,202.17,199.11,199.23,166236900.0,200.452,542083
2015-02-02,199.56,202.32,197.86,201.65,141624200.0,199.94,511778
2015-02-03,202.87,204.85,202.15,204.63,112505300.0,203.779,373938
2015-02-04,204.48,205.38,202.71,203.05,119050000.0,204.298,365509
2015-02-05,203.8,206.3,203.8,205.96,87257800.0,205.682,271575
2015-02-06,205.96,207.24,204.92,206.04,109835700.0,206.188,353089
2015-02-09,204.85,205.64,204.13,204.94,73394900.0,204.945,267138
2015-02-10,204.77,207.12,204.59,206.75,80137400.0,206.067,276112
2015-02-11,206.52,208.44,205.83,207.19,80486700.0,206.745,278971
2015-02-12,207.45,208.99,206.97,208.72,86294400.0,208.452,270645
2015-02-13,209.1,209.97,208.76,209.97,80651800.0,209.41,245391
2015-02-17,209.16,210.32,208.91,210.11,67937900.0,209.808,223301
2015-02-18,210.19,210.22,209.34,209.94,67888000.0,209.824,210342
2015-02-19,209.64,210.42,209.24,210.01,74558900.0,209.913,218659
2015-02-20,209.86,211.33,208.73,211.24,114606400.0,210.296,320422
2015-02-23,211.0,211.31,210.48,211.12,62874200.0,210.92,166582
2015-02-24,211.08,212.05,210.76,211.81,65530000.0,211.543,206797
2015-02-25,211.77,212.24,211.22,211.58,64847400.0,211.664,190270
2015-02-26,211.63,211.96,210.65,211.17,64575600.0,211.303,199725
2015-02-27,211.16,211.58,210.6,210.83,90665300.0,211.008,226610
2015-03-02,211.07,212.06,210.57,211.86,76028400.0,211.603,205649
2015-03-03,211.8,212.06,210.08,210.72,88939300.0,210.918,248960
2015-03-04,210.25,211.14,209.06,210.14,92526800.0,209.964,260192
2015-03-05,210.28,210.87,209.85,210.49,65762500.0,210.449,194487
2015-03-06,210.4,210.89,207.1,207.76,132368000.0,208.319,396095
2015-03-09,207.5,208.79,207.21,208.2,79273400.0,208.225,221262
2015-03-10,207.96,207.96,204.67,205.18,124208100.0,205.691,370220
2015-03-11,205.35,205.74,204.38,204.56,98268700.0,204.926,285445
2015-03-12,204.65,207.18,204.65,207.18,84147500.0,206.498,252310
2015-03-13,207.2,207.34,204.58,205.54,123113300.0,205.566,391588
2015-03-16,206.22,208.87,205.93,208.05,102728500.0,208.016,274383
2015-03-17,208.12,208.42,206.98,208.05,83363600.0,207.758,249502
2015-03-18,208.18,211.27,206.62,210.81,181590500.0,209.279,592921
2015-03-19,210.71,210.92,209.03,209.43,97932300.0,209.589,299100
2015-03-20,209.27,211.02,208.51,210.47,129015300.0,210.407,321600
2015-03-23,210.47,211.11,209.74,209.98,64395600.0,210.486,181209
2015-03-24,209.92,210.49,208.72,208.99,67492600.0,209.495,223562
2015-03-25,208.92,209.35,205.71,206.08,133771500.0,207.101,393731
2015-03-26,205.49,206.37,203.84,205.5,127243200.0,205.269,378127
2015-03-27,205.44,206.87,204.6,205.85,100455600.0,205.574,283487
2015-03-30,206.23,208.61,205.74,208.03,85409700.0,208.049,244596
2015-03-31,207.79,208.1,206.14,206.4,105134200.0,207.074,283373
2015-04-01,205.78,206.54,204.51,205.79,118287400.0,205.429,376655
2015-04-02,205.59,206.98,204.95,206.39,79994100.0,206.386,243208
2015-04-06,205.5,208.45,204.71,207.63,91756300.0,207.511,262165
2015-04-07,207.91,208.76,207.11,207.28,76689500.0,207.967,203990
2015-04-08,207.54,208.51,207.08,208.17,79405800.0,207.882,286924
2015-04-09,207.84,209.18,207.19,209.05,72392400.0,208.289,254992
2015-04-10,208.98,210.19,208.86,210.15,60413500.0,209.733,181631
2015-04-13,209.77,210.63,209.03,209.19,62330300.0,209.776,180150
2015-04-14,209.58,209.77,208.1,209.55,63755000.0,209.087,215607
2015-04-15,209.49,211.04,209.49,210.54,82348900.0,210.565,233723
2015-04-16,210.32,210.98,209.43,210.62,61278900.0,210.327,191224
2015-04-17,210.25,210.33,207.01,208.08,152533800.0,208.065,431199
2015-04-20,209.17,210.25,207.98,209.77,74446700.0,209.829,227065
2015-04-21,210.8,211.05,209.24,209.81,59479400.0,209.883,208017
2015-04-22,209.82,210.85,208.54,210.54,67301000.0,210.13,225108
2015-04-23,210.35,211.94,209.28,211.15,86800900.0,211.143,263903
2015-04-24,211.25,211.97,211.04,211.69,55735200.0,211.58,175462
2015-04-27,211.73,212.48,210.54,210.98,74090500.0,211.368,230303
2015-04-28,210.7,211.7,209.33,211.54,76434500.0,210.752,283511
2015-04-29,211.56,211.71,209.6,210.25,105432200.0,210.536,354732
2015-04-30,210.05,210.59,207.62,208.71,126701200.0,208.968,424700
2015-05-01,209.0,210.77,208.52,210.7,88220800.0,210.067,284532
2015-05-04,210.75,212.02,210.75,211.44,61636000.0,211.55,208276
2015-05-05,211.24,211.64,208.73,209.2,98942400.0,209.724,356239
2015-05-06,209.19,209.93,206.76,207.92,107574300.0,208.006,400448
2015-05-07,207.6,209.38,206.31,209.05,78462300.0,208.534,274513
2015-05-08,209.36,211.86,208.85,211.59,111164900.0,211.39,332903
2015-05-11,211.26,211.89,210.15,210.22,62968000.0,211.172,234241
2015-05-12,209.83,210.63,208.52,210.38,102830400.0,209.75,351271
2015-05-13,210.7,211.22,209.74,210.22,77888700.0,210.28,252076
2015-05-14,210.65,212.4,210.65,212.27,74356500.0,211.799,224492
2015-05-15,212.45,212.81,211.86,212.56,60277400.0,212.254,202821
2015-05-18,212.3,213.4,211.87,213.25,61350500.0,212.869,174679
2015-05-19,213.55,213.81,212.69,212.98,57410900.0,213.098,185570
2015-05-20,212.9,213.78,212.17,212.33,65960400.0,213.016,223681
2015-05-21,212.37,213.75,212.28,213.35,58286100.0,213.326,177804
2015-05-22,213.43,213.54,212.85,212.94,49688200.0,213.178,154969
2015-05-26,212.6,212.99,210.2,210.95,94420900.0,210.962,307774
2015-05-27,210.9,212.98,210.74,212.63,80893200.0,212.252,250491
2015-05-28,212.28,212.82,211.63,212.73,62978200.0,212.18,210272
2015-05-29,211.89,212.75,210.82,211.19,101458500.0,211.466,317510
2015-06-01,211.75,212.34,210.62,211.69,83929086.0,211.566,288861
2015-06-02,211.61,212.19,210.01,211.4,84510745.0,211.284,273954
2015-06-03,211.64,212.67,211.33,212.18,77264766.0,211.988,250952
2015-06-04,211.23,211.86,209.75,210.5,115369642.0,210.476,369175
2015-06-05,210.57,210.77,208.98,209.82,95914873.0,209.848,309019
2015-06-08,209.79,209.93,208.27,208.68,79863205.0,208.981,251442
2015-06-09,208.62,209.12,207.5,208.84,89582073.0,208.469,288860
2015-06-10,208.98,211.41,208.98,211.06,108401082.0,210.813,321615
2015-06-11,211.19,212.09,211.04,211.39,64221859.0,211.606,210744
2015-06-12,211.21,211.48,209.68,209.99,95049602.0,210.15,283111
2015-06-15,209.6,209.6,207.79,208.88,102703420.0,208.776,326124
2015-06-16,208.0,210.5,207.48,210.43,67401865.0,209.725,233420
2015-06-17,210.77,211.32,209.36,210.4,101388141.0,210.531,336464
2015-06-18,210.6,213.34,210.0,212.77,126044136.0,212.606,369715
2015-06-19,212.05,212.19,210.18,210.57,100505163.0,211.024,293493
2015-06-22,211.65,212.59,210.6,212.05,65708449.0,212.022,219694
2015-06-23,212.14,212.44,211.57,212.19,56608619.0,211.99,175573
2015-06-24,212.0,212.17,210.36,210.65,78352011.0,211.056,240634
2015-06-25,211.0,211.7,209.73,209.99,77976779.0,210.414,231266
2015-06-26,209.71,210.58,209.16,209.35,93216665.0,209.899,264068
2015-06-29,208.05,208.82,205.33,205.98,160913609.0,206.864,492846
2015-06-30,206.1,207.39,205.28,206.11,149262108.0,206.26,459654
2015-07-01,207.04,208.35,205.85,207.57,105101270.0,207.314,318284
2015-07-02,207.88,208.48,206.03,207.45,86695808.0,207.44,258079
2015-07-06,206.26,207.86,204.52,207.52,103133901.0,206.493,353257
2015-07-07,208.16,208.3,204.11,207.52,158589371.0,206.245,548574
2015-07-08,205.88,206.94,204.25,205.04,145375745.0,205.331,508264
2015-07-09,205.04,207.35,204.38,206.25,121706293.0,205.934,385835
2015-07-10,206.97,207.98,204.95,207.79,108000542.0,207.395,338636
2015-07-13,208.04,210.0,206.48,209.91,89877651.0,209.456,271254
2015-07-14,209.76,211.05,209.54,210.52,70886670.0,210.533,218327
2015-07-15,210.79,211.35,210.04,211.2,88409731.0,210.692,246831
2015-07-16,211.54,212.36,211.53,212.25,83840926.0,212.022,228556
2015-07-17,212.2,212.56,211.8,212.55,68559837.0,212.19,206556
2015-07-20,212.64,213.18,212.21,212.69,61391297.0,212.725,185837
2015-07-21,212.73,212.87,211.2,211.28,71546006.0,211.918,208389
2015-07-22,211.29,211.77,210.81,211.63,78893117.0,211.279,223438
2015-07-23,211.68,211.98,209.75,210.6,79732470.0,210.555,256971
2015-07-24,210.74,210.97,207.6,208.47,101907209.0,208.636,299709
2015-07-27,207.86,208.61,206.26,207.2,121676012.0,206.793,332627
2015-07-28,207.74,209.53,206.8,209.5,107307104.0,208.378,316359
2015-07-29,209.58,211.04,209.12,210.53,95475607.0,210.341,301012
2015-07-30,210.39,211.03,209.42,210.82,81042436.0,210.463,241920
2015-07-31,210.92,211.52,210.16,210.45,90815164.0,210.699,257372
2015-08-03,210.6,210.7,208.65,209.4,100934441.0,209.569,322391
2015-08-04,209.69,210.25,208.8,208.99,76033219.0,209.512,247446
2015-08-05,209.35,211.31,209.27,209.93,75862400.0,210.484,253891
2015-08-06,210.08,210.55,207.65,208.55,101694881.0,208.591,299661
2015-08-07,208.52,208.9,206.87,207.92,97630981.0,207.626,305575
2015-08-10,208.21,210.8,208.01,210.68,75783035.0,210.182,238375
2015-08-11,209.85,210.6,207.76,208.99,99783877.0,208.609,318965
2015-08-12,206.88,209.14,205.36,208.9,144197089.0,207.201,439288
2015-08-13,209.39,209.79,208.01,208.54,82933055.0,208.84,248879
2015-08-14,208.92,209.75,208.03,209.75,64856062.0,209.038,190500
2015-08-17,209.47,210.69,208.16,210.6,73039786.0,209.693,225201
2015-08-18,210.21,210.68,209.69,209.98,61858504.0,210.089,194062
2015-08-19,209.66,210.01,207.35,208.1,153379021.0,208.492,464092
2015-08-20,207.45,207.46,203.14,203.46,166814461.0,205.331,514618
2015-08-21,203.15,203.56,197.47,197.92,285919033.0,200.104,921564
2015-08-24,194.32,196.53,182.4,189.84,392719112.0,191.412,1542297
2015-08-25,193.34,195.62,185.79,185.81,305389725.0,192.172,1188623
2015-08-26,189.3,195.04,188.37,194.96,279481055.0,191.411,1117938
2015-08-27,196.32,199.77,195.21,199.66,245935319.0,197.719,861784
2015-08-28,198.29,199.84,197.5,199.45,128502615.0,198.842,492322
2015-08-31,197.87,199.36,196.17,196.33,133358501.0,197.933,416284
2015-09-01,193.47,194.77,190.73,192.74,193343849.0,192.911,695713
2015-09-02,193.91,196.5,192.42,196.08,138122527.0,193.967,459290
2015-09-03,196.11,198.05,194.96,195.61,130288923.0,196.352,435536
2015-09-04,194.68,194.68,191.61,192.2,144624320.0,192.784,471092
2015-09-08,196.09,197.61,195.17,197.52,105881493.0,196.471,355077
2015-09-09,199.5,199.7,194.1,194.49,122141904.0,196.821,420831
2015-09-10,196.1,197.45,193.6,195.57,136601139.0,195.573,424951
2015-09-11,195.68,197.25,194.53,197.17,92558220.0,195.762,298783
2015-09-14,197.28,197.62,195.43,196.29,62886099.0,195.983,214979
2015-09-15,195.8,198.99,195.3,198.66,88968404.0,197.925,287169
2015-09-16,198.55,200.63,198.06,200.25,80504192.0,199.578,269177
2015-09-17,200.15,202.89,198.99,199.4,216987663.0,200.606,647102
2015-09-18,198.81,198.96,194.96,195.62,173652632.0,196.097,531951
2015-09-21,195.57,197.68,195.1,197.13,92778616.0,196.519,339678
2015-09-22,195.75,196.66,192.56,193.53,125716859.0,193.57,432426
2015-09-23,193.58,194.97,192.22,193.76,81606354.0,193.719,300277
2015-09-24,193.37,194.37,190.56,193.27,147637348.0,192.005,468898
2015-09-25,193.85,195.9,191.81,192.3,136326355.0,193.656,453837
2015-09-28,193.02,193.28,187.64,188.53,163461057.0,189.109,516949
2015-09-29,188.35,189.74,186.93,188.3,145364101.0,188.258,513445
2015-09-30,189.58,191.83,189.25,191.21,138499303.0,190.923,467443
2015-10-01,193.43,193.48,189.82,192.41,117413658.0,191.239,424945
2015-10-02,192.65,195.45,189.12,195.38,192427209.0,192.334,588369
2015-10-05,195.4,198.74,194.52,198.07,119195144.0,197.755,376180
2015-10-06,197.35,198.98,196.79,197.2,97850734.0,197.883,348917
2015-10-07,198.82,199.83,197.48,199.38,112686259.0,198.785,380695
2015-10-08,198.25,201.55,198.01,201.19,134953616.0,200.027,420485
2015-10-09,200.81,202.05,200.58,201.3,83791359.0,201.306,268738
2015-10-12,201.52,202.06,200.91,201.74,45957957.0,201.391,165146
2015-10-13,200.83,202.16,199.51,199.99,81287366.0,200.95,276858
2015-10-14,200.1,200.87,198.94,199.47,89909194.0,199.714,298129
2015-10-15,200.29,202.93,199.29,202.86,108024216.0,201.168,352268
2015-10-16,202.66,203.44,201.92,203.36,100671143.0,202.805,274774
2015-10-19,203.4,203.44,202.13,203.24,68959110.0,202.905,221000
2015-10-20,203.45,203.84,202.3,202.55,64709586.0,203.103,218842
2015-10-21,202.8,203.85,201.44,201.72,90494664.0,202.701,297483
2015-10-22,202.07,206.82,201.94,206.56,133855975.0,204.614,408553
2015-10-23,206.21,208.02,206.1,207.29,116227570.0,207.26,354187
2015-10-26,206.9,207.39,206.4,206.97,56516478.0,207.026,188726
2015-10-27,206.71,207.08,205.79,206.73,67435285.0,206.342,231353
2015-10-28,206.84,209.12,206.21,208.71,120363262.0,207.679,366090
2015-10-29,208.49,209.27,207.99,209.11,74861266.0,208.734,232706
2015-10-30,209.52,209.94,207.61,208.03,106924229.0,208.605,303821
2015-11-02,207.51,210.62,207.35,210.28,77390713.0,209.631,227381
2015-11-03,209.92,211.66,209.54,210.78,73949024.0,210.758,248108
2015-11-04,211.27,211.63,209.72,210.08,80898243.0,210.468,276884
2015-11-05,210.12,211.12,209.09,209.95,68025531.0,210.031,237429
2015-11-06,210.0,210.54,208.46,210.11,102789247.0,209.487,332622
2015-11-09,209.62,210.08,206.95,208.07,103436311.0,208.003,338820
2015-11-10,208.25,208.63,207.19,208.4,67506676.0,207.991,235838
2015-11-11,208.93,209.42,207.51,207.71,63069079.0,208.215,229927
2015-11-12,208.16,208.16,204.57,204.9,104205609.0,205.959,328228
2015-11-13,205.04,205.27,200.76,200.9,130560343.0,203.318,423925
2015-11-16,202.55,205.79,202.04,205.41,104883033.0,204.052,352519
2015-11-17,205.75,207.04,204.88,205.45,110385332.0,205.865,361135
2015-11-18,205.25,209.03,205.09,208.95,108165452.0,207.512,336293
2015-11-19,209.04,209.6,208.2,208.41,73105946.0,208.635,237081
2015-11-20,208.75,210.12,208.52,209.5,76390872.0,209.508,252078
2015-11-23,209.4,209.98,208.52,209.15,58410283.0,209.328,210933
2015-11-24,208.03,209.83,207.31,209.11,90697695.0,208.798,293341
2015-11-25,209.5,209.96,208.96,209.68,45907856.0,209.48,174057
2015-11-27,209.29,210.31,208.86,209.42,31125589.0,209.442,106250
2015-11-30,209.42,210.19,208.51,209.57,89701669.0,209.03,276908
2015-12-01,209.43,210.82,209.07,210.62,87021569.0,210.013,292885
2015-12-02,210.89,211.11,208.23,208.94,94213003.0,209.465,316715
2015-12-03,209.54,210.23,204.75,206.37,140739595.0,206.676,472269
2015-12-04,206.81,209.97,205.4,209.61,149633042.0,208.532,478712
2015-12-07,209.9,210.25,207.2,208.52,86703855.0,208.125,319141
2015-12-08,207.96,208.29,205.78,207.2,91997416.0,206.887,331709
2015-12-09,206.89,208.68,204.18,205.42,142830384.0,205.952,501810
2015-12-10,205.55,207.43,205.14,206.13,100968358.0,206.161,341168
2015-12-11,205.5,205.84,201.2,201.22,169995142.0,202.664,575831
2015-12-14,202.5,203.47,199.95,203.1,156844477.0,201.7,615108
2015-12-15,203.76,206.11,202.81,205.23,125471990.0,205.262,420342
2015-12-16,205.48,208.39,204.8,207.57,158510704.0,206.748,566585
2015-12-17,208.03,208.89,203.24,203.4,144680474.0,206.157,487063
2015-12-18,202.96,203.5,199.63,199.73,198225968.0,201.341,724227
2015-12-21,201.5,202.44,200.09,202.43,88888923.0,201.087,320466
2015-12-22,202.12,204.03,201.25,203.72,95287960.0,202.88,325066
2015-12-23,204.08,206.08,204.08,205.89,87357330.0,205.437,301899
2015-12-24,205.5,206.33,205.29,205.49,38900874.0,205.821,136340
2015-12-28,205.75,205.75,203.94,205.31,54666619.0,204.727,223940
2015-12-29,206.02,207.79,205.23,207.69,70361354.0,207.26,252157
2015-12-30,207.28,207.44,205.76,206.06,49850927.0,206.561,199058
2015-12-31,205.94,206.01,203.54,204.07,97739009.0,204.654,332989
2016-01-04,201.18,201.83,198.59,201.69,167857124.0,199.837,564387
2016-01-05,201.14,202.23,199.82,201.65,99027710.0,201.093,352712
2016-01-06,199.52,200.06,197.6,199.29,137321626.0,198.828,471028
2016-01-07,194.27,197.44,193.42,193.93,188786799.0,195.151,685239
2016-01-08,196.24,196.98,191.55,191.75,185233839.0,193.668,657660
2016-01-11,193.11,193.41,189.82,192.41,174141590.0,191.72,602559
2016-01-12,191.64,194.55,189.17,193.95,155389188.0,192.914,549974
2016-01-13,194.82,195.44,188.38,188.86,199750784.0,191.046,696403
2016-01-14,188.94,193.26,187.66,191.83,203928481.0,190.892,712762
2016-01-15,190.99,191.54,185.52,188.26,268051301.0,187.44,971115
2016-01-19,190.48,191.29,186.2,187.28,174544595.0,188.33,603344
2016-01-20,184.05,187.5,181.02,187.12,260337246.0,184.078,948221
2016-01-21,185.32,188.87,184.29,186.97,173401021.0,186.998,687161
2016-01-22,188.64,190.78,186.8,190.73,144583727.0,189.947,529766
2016-01-25,189.7,190.52,187.1,187.27,112994547.0,188.885,411136
2016-01-26,186.52,190.53,186.25,189.4,126540443.0,189.631,422910
2016-01-27,189.03,191.56,187.06,187.79,165233674.0,189.279,615679
2016-01-28,189.7,190.81,187.16,188.51,131342446.0,188.981,524451
2016-01-29,190.13,194.05,189.08,194.05,176208092.0,192.411,547863
2016-02-01,193.32,194.58,191.84,192.98,109327946.0,193.19,416376
2016-02-02,192.25,193.65,189.54,189.95,142467297.0,190.682,512841
2016-02-03,190.96,191.78,187.1,191.27,190831966.0,189.579,772184
2016-02-04,191.77,192.75,189.62,190.85,133158868.0,191.257,540465
2016-02-05,191.16,192.01,187.2,187.88,156212962.0,188.672,578447
2016-02-08,188.1,188.11,182.8,185.01,176073060.0,184.423,668271
2016-02-09,185.52,186.94,183.2,185.36,167611668.0,185.037,674174
2016-02-10,186.58,188.34,183.9,183.93,136434603.0,186.634,556190
2016-02-11,182.41,184.1,180.91,183.67,190955917.0,182.643,753861
2016-02-12,184.35,186.75,182.86,186.74,116984311.0,185.592,448927
2016-02-16,189.47,190.29,187.63,190.22,106790142.0,189.066,381477
2016-02-17,189.72,193.36,189.59,193.13,118032700.0,192.435,458296
2016-02-18,192.56,193.92,191.72,191.98,92388593.0,192.375,393891
2016-02-19,192.78,192.78,190.45,192.08,90201604.0,191.534,360335
2016-02-22,193.65,194.95,193.01,193.92,89626606.0,194.519,311161
2016-02-23,193.82,194.38,191.9,192.06,96784112.0,192.981,374097
2016-02-24,192.04,194.43,189.32,194.03,133152349.0,191.345,500630
2016-02-25,192.94,195.81,192.81,195.68,97132820.0,194.26,352544
2016-02-26,196.5,197.45,194.76,194.87,107364162.0,195.718,394285
2016-02-29,193.91,196.23,193.24,193.24,105812070.0,194.694,369065
2016-03-01,194.61,198.49,193.05,198.19,119106680.0,196.88,428325
2016-03-02,198.6,199.09,197.25,198.86,84257178.0,198.185,348932
2016-03-03,198.75,199.84,198.11,199.68,77850513.0,198.965,316555
2016-03-04,199.56,201.35,199.03,200.05,106692498.0,200.275,421945
2016-03-07,199.85,201.07,199.08,200.26,81160715.0,200.167,318304
2016-03-08,199.24,200.05,198.21,198.65,110773323.0,198.992,427460
2016-03-09,198.88,199.99,198.43,199.43,81807669.0,199.223,307943
2016-03-10,199.93,201.59,197.38,199.62,142362262.0,199.199,529579
2016-03-11,201.1,202.81,199.46,202.68,106353519.0,202.047,368574
2016-03-14,202.28,203.04,201.77,202.5,66165171.0,202.459,255512
2016-03-15,201.69,202.44,201.05,202.44,74770504.0,201.718,271743
2016-03-16,202.27,203.82,201.28,203.5,111695116.0,202.757,406170
2016-03-17,203.94,205.23,202.17,204.77,107795543.0,204.295,360812
2016-03-18,203.85,204.78,203.25,204.19,113177917.0,204.36,391342
2016-03-21,203.84,204.94,203.56,204.74,62254411.0,204.475,242096
2016-03-22,204.0,205.23,203.36,204.66,83123008.0,204.585,287640
2016-03-23,204.66,204.97,203.01,203.26,74464382.0,203.652,297970
2016-03-24,202.88,203.61,201.74,203.52,74584638.0,202.541,263799
2016-03-28,204.29,204.44,202.7,203.22,58117020.0,203.321,228221
2016-03-29,203.55,205.54,202.4,205.5,85318742.0,204.123,318328
2016-03-30,205.92,206.87,205.11,205.88,75412294.0,206.245,289033
2016-03-31,205.5,206.41,205.2,205.73,77933640.0,205.859,285436
2016-04-01,205.04,207.14,203.98,206.86,101822434.0,206.019,344408
2016-04-04,207.12,207.57,205.71,205.8,58048187.0,206.415,210502
2016-04-05,205.25,205.4,203.89,204.76,77432416.0,204.534,304387
2016-04-06,204.93,206.5,203.98,206.3,82669703.0,205.384,320635
2016-04-07,206.0,206.4,203.09,203.45,100727902.0,204.207,358200
2016-04-08,205.01,205.85,203.87,204.63,84168118.0,204.848,303480
2016-04-11,205.21,206.07,203.43,203.63,75548812.0,204.911,280950
2016-04-12,203.98,206.25,203.69,206.07,95750316.0,205.288,330974
2016-04-13,206.8,208.1,205.93,208.08,85962210.0,207.512,305022
2016-04-14,207.62,208.6,207.34,208.07,57055335.0,208.091,223598
2016-04-15,207.84,208.16,207.4,207.89,58536867.0,207.81,213580
2016-04-18,207.21,209.28,206.44,209.19,68473757.0,208.673,225390
2016-04-19,209.83,210.25,208.94,209.53,77837964.0,209.708,276139
2016-04-20,209.28,210.92,209.12,210.23,64377824.0,210.203,222445
2016-04-21,210.36,210.65,208.19,208.5,68476134.0,209.316,254269
2016-04-22,208.75,209.38,207.91,209.07,77362258.0,208.691,261434
2016-04-25,208.15,208.96,207.54,208.75,58017437.0,208.161,215091
2016-04-26,209.29,209.52,208.36,208.77,55797225.0,208.879,208173
2016-04-27,208.84,209.81,208.05,209.67,70883583.0,208.982,271876
2016-04-28,208.47,209.76,206.96,207.81,86582467.0,208.381,316735
2016-04-29,207.4,207.89,205.03,206.28,119622623.0,206.048,427003
2016-05-02,206.46,208.18,206.41,207.85,57427336.0,207.334,225930
2016-05-03,207.65,207.71,205.28,206.4,87168065.0,206.066,333726
2016-05-04,206.23,206.25,204.42,205.36,82707862.0,205.043,300827
2016-05-05,205.71,206.46,204.43,204.89,63896433.0,205.139,239989
2016-05-06,204.74,205.96,203.6,205.87,81055227.0,204.886,296288
2016-05-09,205.58,206.47,205.32,205.57,62059227.0,205.91,230310
2016-05-10,206.98,208.47,206.26,208.17,69633454.0,207.832,230040
2016-05-11,207.77,208.54,206.27,206.49,71157007.0,207.328,256867
2016-05-12,206.87,207.75,205.37,206.55,82580028.0,206.444,301619
2016-05-13,205.84,206.86,204.38,204.71,88020491.0,205.54,310398
2016-05-16,204.99,207.34,204.73,206.6,72273354.0,206.432,249687
2016-05-17,207.2,207.27,204.23,204.95,101761978.0,205.345,366616
2016-05-18,204.87,206.3,203.63,204.89,112730841.0,204.874,426936
2016-05-19,204.31,204.99,202.78,204.37,101614413.0,203.657,386421
2016-05-20,204.82,206.1,204.62,205.53,78902961.0,205.521,288702
2016-05-23,205.4,206.12,204.86,205.11,50703042.0,205.404,200697
2016-05-24,205.16,208.44,205.16,208.36,77099783.0,207.556,267115
2016-05-25,208.5,210.24,208.12,209.17,65546691.0,209.328,247815
2016-05-26,209.44,209.71,208.97,209.67,46027407.0,209.338,173886
2016-05-27,209.59,210.46,209.47,210.39,56378688.0,209.924,205936
2016-05-31,210.17,210.69,209.0,210.08,92595250.0,209.976,305493
2016-06-01,210.09,210.48,208.89,210.35,62657810.0,209.822,245658
2016-06-02,209.87,211.04,209.23,211.02,58112023.0,210.223,218106
2016-06-03,210.86,211.11,208.86,210.22,87799138.0,209.944,323229
2016-06-06,210.49,211.77,210.03,211.29,60607656.0,211.227,225452
2016-06-07,211.89,212.34,211.35,211.53,52681040.0,211.889,198361
2016-06-08,211.49,212.52,211.41,212.27,57191412.0,212.18,213983
2016-06-09,211.66,212.22,211.19,211.85,59964857.0,211.685,227219
2016-06-10,211.13,211.15,209.43,210.14,94261421.0,210.143,323316
2016-06-13,209.6,210.37,207.9,208.16,94803342.0,209.243,349296
2016-06-14,208.1,208.74,206.91,207.69,110231943.0,207.709,440509
2016-06-15,208.25,209.36,207.44,207.82,95455523.0,208.446,348260
2016-06-16,207.12,208.73,205.59,208.73,121903187.0,207.176,454232
2016-06-17,207.49,207.73,205.75,206.27,97738476.0,206.571,347741
2016-06-20,208.4,209.61,207.5,208.15,77029569.0,208.731,314717
2016-06-21,208.6,208.92,207.78,208.15,64312722.0,208.367,257980
2016-06-22,208.26,209.5,207.93,209.01,80073403.0,208.61,331232
2016-06-23,209.06,212.25,209.05,210.11,88095230.0,210.174,308054
2016-06-24,204.6,209.85,200.25,202.0,286396657.0,204.477,1103432
2016-06-27,202.3,202.5,198.65,199.46,214627710.0,199.706,807931
2016-06-28,200.88,204.34,199.81,203.2,134689561.0,202.121,520577
2016-06-29,203.82,208.49,203.22,207.26,119508013.0,206.039,431222
2016-06-30,207.28,209.57,206.56,209.03,139129326.0,208.464,459511
2016-07-01,208.85,210.49,208.66,209.99,88190517.0,209.974,327988
2016-07-05,209.21,209.21,207.71,208.45,94487355.0,208.357,347216
2016-07-06,208.17,209.88,207.06,209.67,88858433.0,208.627,347478
2016-07-07,209.92,210.65,208.63,209.61,75927627.0,209.59,288362
2016-07-08,209.93,212.94,209.49,212.55,108164738.0,212.086,371494
2016-07-11,213.0,214.07,212.59,213.38,65067767.0,213.602,230714
2016-07-12,213.74,215.3,213.56,214.95,79062892.0,214.902,272492
2016-07-13,214.75,215.61,214.35,214.8,69771244.0,214.926,246145
2016-07-14,216.0,217.15,214.78,215.74,79076984.0,216.229,258304
2016-07-15,215.94,216.85,214.0,214.55,79732320.0,215.898,240089
2016-07-18,216.2,216.6,215.67,216.41,48090734.0,216.327,170337
2016-07-19,215.81,216.38,215.6,216.22,47513731.0,215.965,161560
2016-07-20,216.4,217.37,215.97,217.11,49458637.0,217.017,162975
2016-07-21,217.15,217.22,215.75,216.24,56748631.0,216.497,200604
2016-07-22,216.39,217.3,216.1,217.13,53346644.0,216.916,181399
2016-07-25,217.15,217.46,215.97,216.57,52708120.0,216.432,166899
2016-07-26,216.42,217.17,215.76,217.0,62184894.0,216.495,218081
2016-07-27,217.15,217.27,215.62,216.54,70408005.0,216.486,244615
2016-07-28,216.88,217.16,215.75,216.95,60635062.0,216.436,203867
2016-07-29,216.42,217.55,216.13,217.43,70422478.0,217.061,230605
2016-08-01,217.59,218.0,216.4,216.98,67080580.0,216.907,232103
2016-08-02,216.64,216.94,214.57,215.53,79976096.0,215.45,287419
2016-08-03,215.3,216.27,215.05,216.23,47842978.0,215.817,163825
2016-08-04,216.03,216.82,214.25,216.5,43431368.0,216.359,163481
2016-08-05,216.8,218.25,216.55,218.2,61153066.0,217.917,205622
2016-08-08,218.5,218.68,217.74,217.95,36332599.0,218.059,138704
2016-08-09,218.0,218.76,217.8,218.01,46692699.0,218.273,162924
2016-08-10,218.1,218.55,217.23,217.56,52924434.0,217.722,179811
2016-08-11,217.68,218.94,217.62,218.67,56453790.0,218.623,183628
2016-08-12,218.64,218.79,217.99,218.45,53330812.0,218.398,157333
2016-08-15,218.61,219.5,218.46,218.95,45446225.0,219.239,152499
2016-08-16,218.85,219.0,217.96,218.26,50535006.0,218.32,186217
2016-08-17,218.11,218.62,217.02,218.42,68050311.0,217.861,236723
2016-08-18,218.45,218.9,218.1,218.86,47768747.0,218.623,161804
2016-08-19,218.43,218.77,217.74,218.76,59206736.0,218.387,195450
2016-08-22,218.66,218.86,217.83,218.47,53673668.0,218.355,190863
2016-08-23,218.8,219.6,218.57,219.08,45335174.0,219.24,166796
2016-08-24,218.94,219.19,217.36,217.94,58652054.0,218.181,193882
2016-08-25,217.82,218.19,217.22,217.92,56854852.0,217.675,179070
2016-08-26,217.87,219.12,216.25,217.16,107013369.0,217.562,382357
2016-08-29,217.16,218.67,217.0,218.48,52289781.0,218.278,178090
2016-08-30,218.33,218.59,217.35,217.91,48191509.0,217.891,180751
2016-08-31,218.0,218.05,216.46,217.46,71602732.0,217.227,247793
2016-09-01,217.98,218.15,216.03,217.27,78267559.0,216.971,284279
2016-09-02,217.25,218.87,216.97,218.34,72582076.0,218.301,249754
2016-09-06,218.37,219.16,217.86,219.01,47093653.0,218.579,166049
2016-09-07,219.03,219.22,218.3,218.98,51087549.0,218.842,174938
2016-09-08,219.21,219.44,218.15,218.34,62002122.0,218.559,213551
2016-09-09,218.14,218.36,212.59,212.63,177152884.0,214.929,565874
2016-09-12,211.7,216.81,211.3,216.17,143421953.0,214.963,494534
2016-09-13,215.4,216.43,212.5,213.49,148879153.0,213.545,547136
2016-09-14,213.67,214.7,212.4,213.07,111685502.0,213.453,385036
2016-09-15,212.75,215.73,212.38,214.67,115177403.0,214.63,376408
2016-09-16,213.74,214.2,212.57,213.57,103897391.0,213.18,341359
2016-09-19,214.28,214.88,213.03,213.42,67235016.0,213.922,246017
2016-09-20,214.04,214.59,213.18,213.44,52276054.0,213.921,190608
2016-09-21,214.2,216.03,213.44,215.74,101952147.0,214.688,365894
2016-09-22,215.82,217.53,215.82,217.04,71071969.0,217.169,244512
2016-09-23,216.91,216.97,215.84,215.84,59975834.0,216.35,210492
2016-09-26,215.2,215.25,214.01,214.16,77656568.0,214.476,256438
2016-09-27,215.02,215.68,213.62,215.44,64627763.0,215.014,221130
2016-09-28,215.76,216.82,214.71,216.63,73671993.0,215.884,239587
2016-09-29,216.82,217.0,214.04,214.76,115034210.0,215.383,424968
2016-09-30,214.3,217.12,213.93,216.5,95166942.0,216.36,297697
2016-10-03,216.66,216.66,215.04,215.83,63625496.0,215.58,213293
2016-10-04,216.03,216.34,213.99,214.66,92889888.0,215.09,326433
2016-10-05,214.81,216.13,214.68,215.67,63576546.0,215.729,217193
2016-10-06,215.74,216.09,214.73,215.62,58143112.0,215.529,191014
2016-10-07,215.53,216.49,214.19,214.94,83582633.0,215.156,281387
2016-10-10,215.25,216.7,215.25,216.42,44500444.0,216.331,158371
2016-10-11,215.91,216.02,212.58,213.86,109243231.0,213.805,379253
2016-10-12,213.67,214.32,213.01,213.32,66173322.0,213.708,233029
2016-10-13,211.94,213.71,211.21,212.93,91397034.0,212.406,308741
2016-10-14,213.21,214.69,212.89,212.98,82305394.0,213.664,272991
2016-10-17,212.75,213.39,212.17,212.76,55339232.0,212.648,201936
2016-10-18,213.68,214.34,213.27,213.65,65634314.0,213.867,200480
2016-10-19,213.32,214.64,213.22,214.3,59561160.0,214.231,165817
2016-10-20,214.33,214.62,213.11,214.15,66343171.0,213.883,220790
2016-10-21,213.51,214.14,212.76,214.03,63408141.0,213.558,190897
2016-10-24,214.91,215.32,214.13,214.9,47956278.0,214.915,159550
2016-10-25,215.16,215.35,213.72,213.87,57788399.0,214.333,197515
2016-10-26,213.62,214.42,212.93,213.79,67497681.0,213.693,234030
2016-10-27,214.19,214.78,212.68,213.23,69086703.0,213.576,234884
2016-10-28,212.51,215.54,211.71,212.94,123115520.0,212.794,409822
2016-10-31,212.88,213.31,212.36,212.71,55874984.0,212.711,182780
2016-11-01,213.04,213.23,209.6,210.61,104727281.0,211.09,363270
2016-11-02,210.41,211.1,209.06,209.64,90715511.0,210.165,331461
2016-11-03,209.23,210.35,208.46,208.96,79101778.0,209.355,286102
2016-11-04,209.0,209.89,208.11,208.44,90593995.0,209.084,331675
2016-11-07,209.86,213.52,209.86,213.19,90957553.0,212.498,304067
2016-11-08,213.25,215.54,212.38,215.48,98457369.0,213.885,330993
2016-11-09,210.14,217.1,203.35,216.5,235507491.0,214.578,817106
2016-11-10,218.02,218.37,215.22,216.86,162926705.0,216.793,596042
2016-11-11,216.86,216.99,215.32,216.68,87266465.0,216.16,325755
2016-11-14,217.29,217.71,215.72,216.72,87740270.0,216.487,328836
2016-11-15,217.29,218.97,216.66,218.67,78579802.0,217.627,268524
2016-11-16,218.27,218.28,217.38,217.81,54536192.0,217.78,202860
2016-11-17,218.0,219.06,217.71,218.82,59607427.0,218.675,207717
2016-11-18,218.5,219.27,218.2,218.59,57392646.0,218.626,189231
2016-11-21,218.93,220.18,218.46,220.14,62184438.0,219.765,207237
2016-11-22,220.48,220.79,219.73,220.6,59719710.0,220.368,197124
2016-11-23,220.71,220.88,219.75,220.56,48906963.0,220.35,176861
2016-11-25,220.83,221.83,220.83,221.67,31401009.0,221.329,96147
2016-11-28,220.76,221.48,212.62,220.5,61252505.0,220.835,210481
2016-11-29,220.84,221.44,220.17,220.88,54141233.0,220.887,179452
2016-11-30,221.18,221.84,220.21,220.35,93737573.0,220.924,289861
2016-12-01,220.29,220.83,219.15,219.55,72551087.0,219.846,260744
2016-12-02,219.25,220.25,218.99,219.44,62057203.0,219.695,222373
2016-12-05,220.54,221.4,220.04,221.02,58293379.0,220.915,206217
2016-12-06,220.97,221.76,220.66,221.72,51295625.0,221.283,175438
2016-12-07,221.78,224.67,221.25,224.35,94836398.0,223.444,309229
2016-12-08,224.35,225.87,223.8,225.33,86922846.0,225.023,275199
2016-12-09,225.15,226.75,225.07,226.65,70619996.0,226.027,233102
2016-12-12,226.82,226.96,225.76,226.18,78799652.0,226.222,247777
2016-12-13,226.62,228.34,226.62,227.68,81159318.0,227.657,259242
2016-12-14,227.83,228.23,225.36,226.38,115545599.0,226.77,402088
2016-12-15,226.25,227.81,225.78,226.86,98307175.0,226.921,314268
2016-12-16,225.9,226.39,224.67,225.2,88484512.0,225.274,279968
2016-12-19,225.5,226.02,225.04,225.79,64179256.0,225.485,198792
2016-12-20,225.94,226.57,225.82,226.38,48881422.0,226.264,161116
2016-12-21,226.22,226.45,225.54,225.62,41028410.0,226.045,133039
2016-12-22,225.6,225.82,224.92,225.57,41773291.0,225.316,141636
2016-12-23,225.58,225.83,225.21,225.66,28915993.0,225.526,98051
2016-12-27,225.67,226.73,225.61,226.07,72579013.0,226.34,235387
2016-12-28,226.27,226.63,224.27,224.49,51033681.0,224.964,163378
2016-12-29,224.3,224.89,223.84,224.45,38742273.0,224.334,137257
2016-12-30,224.71,225.05,222.73,223.42,89929526.0,223.466,268944
2017-01-03,224.8,225.83,223.53,225.28,77725670.0,224.797,267554
2017-01-04,225.43,226.75,225.4,226.33,62381379.0,226.351,221111
2017-01-05,226.3,226.58,225.48,226.43,63015516.0,226.208,182903
2017-01-06,226.35,227.75,225.9,226.79,61949072.0,227.158,199140
2017-01-09,227.21,227.23,226.27,226.3,38750760.0,226.686,133494
2017-01-10,226.46,227.45,226.01,226.46,51917849.0,226.69,159464
2017-01-11,226.15,227.22,225.59,226.94,67645964.0,226.512,244880
2017-01-12,226.3,226.75,224.95,226.56,64298401.0,225.98,245773
2017-01-13,226.53,227.4,226.4,227.22,51826877.0,227.068,171788
2017-01-17,226.64,226.78,225.8,226.26,52201425.0,226.303,176733
2017-01-18,226.43,226.87,225.9,226.8,49918002.0,226.502,171728
2017-01-19,226.58,227.0,225.41,226.44,55254794.0,226.174,188121
2017-01-20,226.5,227.5,226.05,226.81,90602222.0,226.672,280498
2017-01-23,226.28,226.81,225.27,226.24,59089971.0,226.0,201016
2017-01-24,226.14,228.08,226.11,227.68,62632557.0,227.355,190950
2017-01-25,228.14,229.57,227.6,229.42,71778941.0,229.196,209295
2017-01-26,229.71,229.78,229.01,229.26,48074010.0,229.357,155482
2017-01-27,229.55,229.59,228.76,229.0,44395965.0,229.004,139260
2017-01-30,228.59,228.59,226.41,227.66,73865729.0,227.249,236238
2017-01-31,227.4,227.88,226.32,227.81,64865133.0,227.012,203827
2017-02-01,227.9,228.59,226.94,227.12,70852417.0,227.632,235326
2017-02-02,227.04,228.1,226.68,227.62,56694797.0,227.518,182837
2017-02-03,227.87,229.55,227.79,229.41,67632708.0,229.149,202523
2017-02-06,229.37,229.54,228.54,228.7,47358308.0,228.91,144219
2017-02-07,228.97,229.66,228.61,228.83,47035246.0,229.12,138013
2017-02-08,228.83,229.39,228.31,229.17,44193317.0,229.006,143775
2017-02-09,229.2,230.95,229.2,230.6,51084226.0,230.446,163860
2017-02-10,230.85,231.77,230.7,231.47,55504309.0,231.361,160099
2017-02-13,231.68,233.07,231.67,232.84,50013977.0,232.62,156730
2017-02-14,232.75,233.94,232.16,233.72,57539573.0,233.105,182316
2017-02-15,233.9,235.3,233.32,235.01,73278666.0,234.454,215361
2017-02-16,235.0,235.16,233.85,234.65,74406525.0,234.51,246874
2017-02-17,234.5,235.15,233.85,235.1,64211892.0,234.576,178475
2017-02-21,235.2,236.69,235.09,236.27,72804593.0,236.314,200580
2017-02-22,236.27,236.54,235.76,236.21,45196575.0,236.24,152097
2017-02-23,236.27,236.99,235.56,236.37,68482361.0,236.325,224794
2017-02-24,236.17,236.84,235.21,236.74,74827400.0,236.196,228462
2017-02-27,236.8,237.31,236.35,236.87,50897222.0,236.942,172692
2017-02-28,236.94,237.1,236.01,236.93,83159867.0,236.538,217018
2017-03-01,237.42,240.32,237.42,239.61,92587174.0,239.548,291971
2017-03-02,239.45,239.73,238.11,238.16,62163161.0,238.783,205307
2017-03-03,237.88,238.61,237.66,238.35,68965284.0,238.292,177470
2017-03-06,237.52,238.12,237.01,237.55,45898586.0,237.608,149843
2017-03-07,237.64,237.77,236.36,236.64,57325626.0,237.219,157530
2017-03-08,236.84,237.64,236.4,236.73,67982490.0,236.957,202141
2017-03-09,236.79,237.41,235.74,237.35,74865876.0,236.697,204863
2017-03-10,237.71,238.32,236.59,237.78,71553977.0,237.462,203090
2017-03-13,237.45,237.86,237.22,237.8,47277252.0,237.604,149846
2017-03-14,237.89,237.89,236.19,237.08,53848736.0,236.772,166833
2017-03-15,237.32,239.44,237.29,238.92,80654555.0,238.504,252972
2017-03-16,239.44,239.75,238.1,238.6,58439327.0,238.607,194613
2017-03-17,237.42,238.23,236.88,236.98,70396510.0,237.501,187536
2017-03-20,237.06,237.36,236.32,236.75,43961419.0,236.886,141214
2017-03-21,237.09,237.61,233.4,233.53,112914190.0,234.775,377213
2017-03-22,233.33,234.61,233.05,234.51,79079229.0,233.935,260828
2017-03-23,234.25,235.34,233.6,234.05,88783234.0,234.398,286072
2017-03-24,234.2,235.04,232.96,233.94,99807239.0,234.074,300532
2017-03-27,232.1,234.02,231.61,233.98,75867499.0,232.981,242262
2017-03-28,233.78,235.81,233.14,235.12,74696325.0,234.771,229523
2017-03-29,235.26,235.81,234.72,235.57,54908237.0,235.432,160652
2017-03-30,235.67,236.52,235.2,236.21,46924621.0,236.129,150985
2017-03-31,235.76,236.51,235.49,235.65,61874256.0,236.017,177384
2017-04-03,236.13,236.13,233.91,235.34,71594017.0,235.122,230491
2017-04-04,234.76,235.83,234.41,235.74,52019351.0,235.228,160806
2017-04-05,235.24,237.39,234.29,234.31,102452127.0,235.936,311620
2017-04-06,234.23,236.04,234.15,235.44,63866166.0,235.297,206725
2017-04-07,235.1,236.0,234.53,235.19,70937274.0,235.287,200551
2017-04-10,235.26,236.26,234.73,235.28,54475277.0,235.53,177756
2017-04-11,235.19,235.34,233.34,235.03,70394471.0,234.401,258547
2017-04-12,235.4,235.48,233.77,234.0,69195160.0,234.252,223079
2017-04-13,233.9,234.55,232.29,232.42,80747323.0,233.351,261063
2017-04-17,232.5,234.62,232.4,234.49,56402740.0,233.967,179734
2017-04-18,234.21,234.49,233.08,233.91,58765619.0,233.84,204146
2017-04-19,234.05,234.95,233.18,233.52,62467534.0,233.962,208414
2017-04-20,233.84,235.85,233.78,235.32,74595195.0,235.064,242572
2017-04-21,235.45,235.61,234.0,234.33,73322766.0,234.698,220635
2017-04-24,237.06,237.71,234.59,236.94,90386506.0,237.039,251650
2017-04-25,237.26,238.95,237.21,238.36,65935928.0,238.53,200768
2017-04-26,238.47,239.53,238.18,238.44,70607322.0,238.84,218647
2017-04-27,238.4,238.95,237.98,238.6,50835548.0,238.533,157617
2017-04-28,238.65,238.96,237.83,237.93,54926726.0,238.221,156690
2017-05-01,238.1,239.17,238.1,238.73,59039590.0,238.704,152885
2017-05-02,238.5,238.98,238.3,238.57,45871974.0,238.642,151223
2017-05-03,238.39,238.88,237.7,238.67,59268391.0,238.332,189316
2017-05-04,238.6,239.25,237.78,238.76,51671841.0,238.537,176941
2017-05-05,238.6,240.06,238.57,239.95,52776455.0,239.251,173973
2017-05-08,239.5,239.92,239.17,239.68,37607620.0,239.548,129373
2017-05-09,239.7,240.19,239.0,239.01,44912234.0,239.674,162131
2017-05-10,239.02,239.89,239.0,239.75,38902330.0,239.621,128973
2017-05-11,239.65,239.65,238.13,239.27,53603074.0,239.0,175961
2017-05-12,238.85,239.38,238.67,239.14,47686214.0,238.974,133821
2017-05-15,239.4,240.44,239.01,240.1,51681272.0,240.121,164737
2017-05-16,240.15,240.67,238.8,238.85,44110015.0,240.094,154863
2017-05-17,238.81,239.15,235.75,236.34,141999121.0,237.018,453165
2017-05-18,236.11,237.75,234.75,236.76,96651945.0,236.6,314452
2017-05-19,236.71,239.08,236.7,237.99,83785888.0,238.337,267062
2017-05-22,238.37,239.73,238.17,239.06,45265976.0,239.317,151392
2017-05-23,239.8,240.24,239.51,239.97,41329425.0,239.952,138917
2017-05-24,240.1,240.73,239.93,240.62,43227582.0,240.352,141675
2017-05-25,241.01,242.08,239.87,241.62,52251765.0,241.654,174454
2017-05-26,241.79,241.9,241.17,241.8,42698929.0,241.714,115191
2017-05-30,241.53,241.79,241.16,241.5,32976399.0,241.535,111652
2017-05-31,241.66,242.04,240.64,241.57,82123048.0,241.288,207299
2017-06-01,241.64,243.48,241.44,243.37,61868259.0,242.602,198412
2017-06-02,243.56,244.35,243.08,244.25,73870371.0,243.94,191021
2017-06-05,243.97,244.3,243.76,243.88,41623827.0,244.021,111236
2017-06-06,243.73,243.98,243.05,243.47,42344809.0,243.5,135737
2017-06-07,243.5,243.92,242.83,243.63,46523172.0,243.542,152765
2017-06-08,243.7,244.33,243.04,243.18,54492839.0,243.697,180587
2017-06-09,243.84,245.01,241.95,243.59,113340991.0,243.634,381479
2017-06-12,243.28,243.58,242.38,243.4,67914500.0,242.959,255631
2017-06-13,243.77,244.64,243.57,244.54,49095480.0,244.218,175154
2017-06-14,244.57,245.02,243.29,243.72,62477346.0,244.18,235664
2017-06-15,243.29,244.24,242.35,243.92,58906028.0,243.269,219668
2017-06-16,243.16,243.18,241.63,243.09,61809065.0,242.344,199157
2017-06-19,243.2,244.73,243.2,244.52,52472647.0,244.341,173695
2017-06-20,244.54,244.54,242.99,243.24,48421268.0,243.524,159714
2017-06-21,242.75,243.59,242.41,242.63,49957698.0,242.979,166077
2017-06-22,242.6,243.53,242.44,242.91,40295100.0,243.056,132473
2017-06-23,243.09,243.51,242.47,243.19,56604440.0,243.081,161387
2017-06-26,243.45,244.38,243.04,243.32,52812786.0,243.548,154462
2017-06-27,243.03,243.38,241.3,241.4,69743776.0,242.228,238195
2017-06-28,241.32,244.04,241.15,243.98,59342400.0,243.202,197718
2017-06-29,243.82,244.14,239.95,241.68,98716467.0,241.673,351228
2017-06-30,241.72,242.71,241.5,241.67,72708496.0,242.053,211737
2017-07-03,242.46,243.38,241.75,241.83,34677003.0,242.794,115618
2017-07-05,242.25,243.01,241.7,242.76,49591695.0,242.531,156673
2017-07-06,242.31,242.38,240.34,240.71,61356608.0,241.112,206281
2017-07-07,240.75,242.28,240.63,242.06,51767096.0,241.881,143626
2017-07-10,242.41,242.8,241.76,242.25,31885654.0,242.398,114771
2017-07-11,242.15,242.55,240.85,242.35,45128505.0,241.958,152861
2017-07-12,242.33,244.2,242.19,244.04,50228597.0,243.867,155040
2017-07-13,244.18,244.55,243.76,244.43,36407653.0,244.299,115424
2017-07-14,244.31,245.97,244.13,245.6,51377386.0,245.308,153430
2017-07-17,245.54,245.91,245.3,245.76,30345645.0,245.605,101175
2017-07-18,245.45,245.93,244.67,245.74,38075204.0,245.329,129675
2017-07-19,245.91,247.04,245.72,246.92,41097806.0,246.697,124860
2017-07-20,247.1,247.5,246.47,247.04,39871046.0,247.069,135537
2017-07-21,247.16,247.39,246.18,246.81,50591311.0,246.638,151189
2017-07-24,246.51,246.98,246.25,246.68,39093453.0,246.676,112020
2017-07-25,246.72,247.8,246.64,247.44,43575875.0,247.48,139390
2017-07-26,247.46,247.88,247.13,247.63,41118944.0,247.495,133388
2017-07-27,247.9,248.0,245.68,246.82,62201003.0,246.887,219904
2017-07-28,246.67,247.18,246.05,247.07,44932440.0,246.699,144840
2017-07-31,247.12,247.48,246.53,246.72,55627877.0,246.896,139783
2017-08-01,247.4,247.67,246.71,247.54,43083008.0,247.221,125774
2017-08-02,247.46,247.6,246.37,247.27,44775837.0,247.105,148330
2017-08-03,246.91,247.48,246.64,246.91,34547853.0,247.04,118660
2017-08-04,247.3,247.79,246.97,247.32,51177317.0,247.358,149709
2017-08-07,247.62,247.88,247.36,247.73,26717862.0,247.696,82137
2017-08-08,247.81,248.91,246.74,246.84,51820713.0,247.73,162358
2017-08-09,246.63,247.52,246.06,247.32,56587307.0,246.782,187245
2017-08-10,247.04,247.04,243.39,243.75,100767889.0,244.808,352608
2017-08-11,243.75,244.8,243.16,244.16,69797564.0,244.226,236198
2017-08-14,245.8,246.98,245.34,246.93,59242737.0,246.427,192444
2017-08-15,246.72,247.2,246.16,246.4,42728504.0,246.596,148286
2017-08-16,246.9,247.57,246.45,246.59,51546942.0,247.022,179645
2017-08-17,246.77,246.83,242.61,242.91,101868729.0,244.575,370311
2017-08-18,243.11,244.19,242.2,242.58,104895932.0,243.059,332767
2017-08-21,242.43,243.2,241.83,243.18,57922453.0,242.711,194897
2017-08-22,243.51,245.68,243.19,245.53,56306472.0,244.922,189640
2017-08-23,245.21,245.38,243.81,243.89,44519391.0,244.658,135267
2017-08-24,244.25,245.18,243.75,244.47,45536059.0,244.322,161093
2017-08-25,244.46,245.61,224.56,244.16,56550978.0,244.593,179466
2017-08-28,244.38,245.2,242.65,243.35,36145576.0,244.454,108441
2017-08-29,242.73,245.2,242.43,245.15,45750791.0,244.254,162897
2017-08-30,245.41,246.32,244.62,246.1,51206921.0,245.729,165371
2017-08-31,246.09,247.77,246.04,247.59,69754993.0,247.25,195254
2017-09-01,247.65,248.33,247.45,247.71,54745989.0,247.998,148853
2017-09-05,247.3,247.84,244.95,246.22,78518634.0,246.158,266236
2017-09-06,246.65,247.28,246.11,246.56,53807360.0,246.827,178098
2017-09-07,246.54,247.28,246.4,246.84,45147907.0,246.797,152781
2017-09-08,246.51,247.11,246.14,246.7,54207711.0,246.637,155517
2017-09-11,247.87,249.35,246.52,249.31,61167858.0,248.919,178226
2017-09-12,249.41,250.19,249.4,250.12,49204525.0,249.809,160679
2017-09-13,249.8,250.24,249.59,249.93,44780999.0,250.039,123787
2017-09-14,249.98,250.32,249.42,249.47,62765997.0,250.013,161042
2017-09-15,248.72,249.47,248.45,249.34,58530936.0,248.999,160175
2017-09-18,249.61,250.12,249.28,249.74,38053447.0,249.739,131576
2017-09-19,249.74,250.07,249.6,249.82,31861874.0,249.914,99932
2017-09-20,249.97,250.19,248.92,250.06,48298910.0,249.782,157708
2017-09-21,249.87,250.01,249.18,249.46,35634959.0,249.554,111635
2017-09-22,249.22,249.63,248.97,249.54,39885647.0,249.355,117744
2017-09-25,249.36,249.56,248.08,249.23,50804433.0,248.83,156375
2017-09-26,249.26,249.7,248.8,249.08,44089525.0,249.228,144283
2017-09-27,249.52,250.49,248.87,249.86,65936267.0,249.898,182005
2017-09-28,249.91,250.44,249.52,250.22,34105155.0,250.162,98996
2017-09-29,250.23,251.47,250.13,251.44,68434140.0,251.057,146189
2017-10-02,251.44,252.44,251.29,252.23,51360860.0,252.019,141376
2017-10-03,252.45,252.99,252.23,252.82,46119573.0,252.626,119307
2017-10-04,252.77,253.44,252.56,253.16,38870049.0,253.048,109486
2017-10-05,253.26,254.75,253.24,254.58,52289258.0,254.316,162530
2017-10-06,254.6,254.66,253.85,254.26,52649674.0,254.214,153754
2017-10-09,254.51,254.78,253.65,254.1,27404616.0,254.097,93414
2017-10-10,254.25,255.05,253.98,254.55,32323506.0,254.47,114275
2017-10-11,254.28,255.05,254.15,254.88,35639147.0,254.808,103245
2017-10-12,254.77,255.06,253.16,254.49,39664940.0,254.708,117452
2017-10-13,254.65,255.27,254.58,254.91,50063469.0,254.987,124929
2017-10-16,255.05,255.51,254.82,255.3,29638158.0,255.191,102679
2017-10-17,255.22,255.57,254.98,255.54,27104563.0,255.276,97318
2017-10-18,255.5,255.98,255.49,255.76,33659264.0,255.734,97381
2017-10-19,254.57,255.92,254.0,255.85,51462607.0,255.252,158718
2017-10-20,256.44,257.24,256.23,257.14,55888396.0,256.859,161863
2017-10-23,257.15,257.52,255.96,256.26,45229874.0,256.591,159742
2017-10-24,256.25,256.83,256.1,256.3,55780712.0,256.505,162049
2017-10-25,256.25,256.44,254.0,255.6,83571154.0,255.096,263783
2017-10-26,255.65,256.3,255.4,256.02,50723618.0,255.849,146941
2017-10-27,256.35,257.89,256.16,257.58,66106255.0,257.369,194634
2017-10-30,257.25,257.6,256.41,256.58,44447966.0,256.946,148846
2017-10-31,256.86,257.44,256.8,257.18,49944714.0,257.174,134877
2017-11-01,257.6,258.43,256.97,257.26,45723630.0,257.749,153795
2017-11-02,257.1,257.8,256.19,257.79,48259002.0,257.209,181980
2017-11-03,257.66,258.5,257.3,258.21,53040244.0,258.147,156302
2017-11-06,258.1,259.0,257.65,258.85,32275124.0,258.742,102427
2017-11-07,258.93,259.35,257.98,258.13,45908271.0,258.645,139855
2017-11-08,258.52,259.37,258.15,259.26,41416403.0,258.837,130455
2017-11-09,258.85,258.85,256.36,258.22,83155331.0,257.646,286133
2017-11-10,257.73,258.21,257.16,258.02,48016618.0,257.916,144374
2017-11-13,258.01,258.59,257.08,258.15,41179803.0,258.131,119700
2017-11-14,258.1,259.11,256.52,257.23,48347426.0,257.502,167806
2017-11-15,256.78,257.22,255.63,256.78,67035788.0,256.532,213886
2017-11-16,257.15,259.04,256.48,258.65,65019884.0,258.403,195184
2017-11-17,258.22,258.66,257.56,257.64,55859543.0,258.067,162311
2017-11-20,257.55,258.53,257.4,258.2,36999461.0,258.245,126561
2017-11-21,258.27,260.2,258.2,259.69,53873628.0,259.883,170579
2017-11-22,259.86,260.19,259.51,259.66,33528844.0,259.846,116898
2017-11-24,259.8,260.48,259.8,259.85,22741541.0,260.325,69110
2017-11-27,260.35,260.75,259.96,259.98,37264006.0,260.363,120992
2017-11-28,260.35,262.9,260.35,262.7,68236862.0,261.995,217210
2017-11-29,262.75,263.63,262.2,262.57,57694041.0,262.796,206004
2017-11-30,262.9,266.05,262.9,264.2,106303089.0,264.803,315684
2017-12-01,264.11,265.31,260.76,264.38,146822057.0,263.655,513309
2017-12-04,265.9,266.8,263.7,264.08,76477976.0,265.446,276902
2017-12-05,264.3,265.15,262.93,263.38,66136988.0,263.969,237180
2017-12-06,262.86,263.88,262.56,263.82,57614487.0,263.241,172722
2017-12-07,263.53,264.43,262.94,264.3,54568672.0,263.917,161057
2017-12-08,264.61,265.73,264.03,265.73,57343824.0,265.244,158270
2017-12-11,265.72,266.77,265.25,266.53,51806484.0,266.075,147925
2017-12-12,266.62,267.32,266.31,266.56,55664379.0,266.919,160403
2017-12-13,266.57,267.56,266.55,267.21,66766621.0,267.061,188851
2017-12-14,267.18,267.4,265.22,265.63,74954789.0,266.196,230493
2017-12-15,264.95,267.26,264.25,267.23,84110028.0,266.422,226952
2017-12-18,267.54,268.6,267.5,268.23,59873878.0,268.258,183503
2017-12-19,268.51,268.58,267.06,267.67,62453923.0,267.534,186462
2017-12-20,267.83,268.33,266.69,267.01,56777899.0,267.238,168263
2017-12-21,267.07,268.39,267.04,267.72,45726896.0,267.768,149084
2017-12-22,267.8,267.91,266.9,267.35,56230369.0,267.376,142870
2017-12-26,267.26,267.39,266.85,267.32,31768687.0,267.144,115183
2017-12-27,267.4,267.73,267.01,267.58,43590372.0,267.354,143675
2017-12-28,267.58,267.93,267.45,267.9,29877907.0,267.696,100162
2017-12-29,267.94,268.98,265.77,266.0,77120264.0,267.111,171843
2018-01-02,266.89,268.81,266.62,268.73,61055593.0,268.273,192021
2018-01-03,268.95,270.64,268.84,270.3,65798850.0,270.118,193426
2018-01-04,270.5,272.16,270.5,271.81,62824577.0,271.687,168846
2018-01-05,272.02,273.85,271.95,273.6,67243147.0,272.996,173802
2018-01-08,273.55,274.1,272.98,273.96,49539594.0,273.767,123469
2018-01-09,274.15,275.25,273.94,274.25,46399664.0,274.659,148435
2018-01-10,273.99,274.66,272.92,274.53,56943679.0,273.911,167060
2018-01-11,274.69,276.3,274.41,276.12,45993475.0,275.518,151848
2018-01-12,276.76,278.26,275.96,278.01,70158844.0,277.597,195534
2018-01-16,279.0,280.09,276.18,277.44,79743574.0,278.04,280899
2018-01-17,278.11,280.05,277.19,279.78,86032926.0,279.081,211835
2018-01-18,279.32,279.96,278.58,278.97,69957229.0,279.286,205263
2018-01-19,279.18,280.63,278.81,280.55,77101713.0,280.006,203376
2018-01-22,280.0,282.91,279.8,282.75,78362863.0,282.002,174568
2018-01-23,283.02,283.62,282.08,283.19,67778115.0,283.158,187387
2018-01-24,283.53,284.7,281.84,283.24,98017877.0,283.351,289815
2018-01-25,283.39,284.65,282.4,283.65,64851302.0,283.363,206215
2018-01-26,283.85,286.96,283.74,286.96,73271361.0,285.664,204051
2018-01-29,286.37,286.43,284.5,284.74,76539381.0,285.319,230808
2018-01-30,283.68,283.89,281.22,281.72,103634250.0,282.126,336378
2018-01-31,282.85,283.3,280.68,282.54,91461171.0,281.995,299313
2018-02-01,282.63,283.06,280.37,281.8,78363925.0,281.765,244274
2018-02-02,280.5,281.58,274.6,274.79,146634456.0,277.285,439617
2018-02-05,274.56,275.85,259.35,261.1,247070710.0,269.269,841949
2018-02-06,263.5,269.7,256.98,268.89,267173278.0,265.055,1143386
2018-02-07,266.94,272.36,264.3,265.92,134346893.0,269.492,585998
2018-02-08,266.89,268.45,257.59,259.72,186524950.0,262.334,718194
2018-02-09,261.08,263.61,252.92,262.42,233389523.0,258.617,936060
2018-02-12,263.48,267.01,261.5,264.86,123747286.0,264.836,493539
2018-02-13,264.01,266.62,263.31,266.4,66280661.0,265.215,302207
2018-02-14,267.3,270.0,262.62,269.62,106291901.0,267.683,427708
2018-02-15,271.18,273.6,268.77,273.56,85192503.0,271.529,338203
2018-02-16,274.03,275.32,272.13,273.34,99444047.0,273.565,341490
2018-02-20,272.54,273.67,270.5,271.98,69977450.0,272.023,273278
2018-02-21,271.15,274.72,269.0,269.24,84027595.0,272.058,322540
2018-02-22,269.3,273.05,269.08,271.75,89352260.0,271.053,322297
2018-02-23,271.73,274.95,271.25,274.7,71730255.0,273.438,260417
2018-02-26,275.7,278.54,274.66,278.36,65111352.0,277.055,221291
2018-02-27,277.8,278.92,274.16,275.3,85402753.0,276.319,286308
2018-02-28,275.32,276.19,271.28,271.96,107896221.0,273.524,316149
2018-03-01,272.0,273.17,266.0,268.5,147074480.0,269.003,493469
2018-03-02,267.79,269.72,264.82,269.32,115436710.0,267.439,442089
2018-03-05,268.48,272.89,267.41,272.2,77989784.0,270.967,287259
2018-03-06,272.43,273.57,268.32,268.83,64103748.0,272.302,224108
2018-03-07,270.08,273.18,269.56,272.27,75728060.0,271.773,262254
2018-03-08,272.4,274.43,272.35,274.24,60030489.0,273.483,203776
2018-03-09,274.12,278.87,273.32,278.66,79380390.0,277.609,269508
2018-03-12,280.08,280.1,278.08,278.47,53837550.0,278.859,192401
2018-03-13,278.97,280.41,276.0,276.55,72439478.0,277.892,253707
2018-03-14,277.58,278.1,274.67,275.42,80881840.0,275.68,288421
2018-03-15,275.92,276.61,274.43,275.67,67950627.0,275.317,212783
2018-03-16,273.88,275.4,273.88,274.9,58283658.0,274.658,200341
2018-03-19,273.78,274.2,268.62,270.74,90883695.0,270.558,338313
2018-03-20,271.21,271.84,270.18,271.17,47059765.0,270.981,163699
2018-03-21,271.35,273.27,270.19,270.75,65985368.0,271.427,257823
2018-03-22,268.99,269.68,261.89,262.0,123443372.0,265.924,457060
2018-03-23,263.39,265.02,257.83,258.65,142419260.0,261.027,504221
2018-03-26,261.35,265.43,259.41,265.33,108346798.0,263.035,354664
2018-03-27,266.36,267.1,258.84,260.83,118325364.0,263.035,423866
2018-03-28,259.61,262.64,258.58,260.53,124093390.0,260.392,452108
2018-03-29,260.63,265.26,260.23,262.65,101611059.0,263.039,337412
2018-04-02,262.68,263.15,254.67,257.87,147758040.0,257.558,489495
2018-04-03,257.91,261.31,256.84,260.28,95901028.0,259.239,356795
2018-04-04,257.98,264.62,255.39,264.57,111874446.0,260.854,366874
2018-04-05,265.7,266.64,261.51,262.66,70126362.0,265.566,250638
2018-04-06,263.23,265.11,258.0,259.46,150846297.0,261.006,458813
2018-04-09,261.67,264.84,260.49,261.12,85884018.0,262.356,265936
2018-04-10,263.72,266.04,262.98,264.34,90870107.0,264.75,327006
2018-04-11,263.9,265.64,262.15,264.27,76642221.0,264.184,264997
2018-04-12,264.06,267.0,263.58,265.2,61825549.0,266.117,225191
2018-04-13,266.12,267.54,263.69,265.33,72338678.0,265.541,249255
2018-04-16,266.0,268.2,266.0,267.63,54648379.0,267.304,199729
2018-04-17,268.59,270.87,267.33,270.25,51080197.0,269.998,185373
2018-04-18,270.63,271.37,269.87,270.8,43803867.0,270.721,154121
2018-04-19,270.41,270.5,267.72,268.86,65540085.0,268.782,234099
2018-04-20,268.1,269.43,265.61,267.11,69201635.0,266.95,232489
2018-04-23,266.82,267.89,265.35,267.12,52574297.0,266.674,187749
2018-04-24,267.45,268.45,261.28,263.45,99735280.0,264.049,349791
2018-04-25,262.84,265.03,260.85,264.75,82395017.0,262.743,285942
2018-04-26,263.94,267.43,263.93,266.91,56379984.0,265.961,208117
2018-04-27,266.66,267.34,265.5,266.55,49130173.0,266.584,170104
2018-04-30,267.32,267.94,264.0,264.63,70852300.0,265.573,210534
2018-05-01,264.59,265.52,262.11,265.43,67209703.0,263.878,228663
2018-05-02,265.2,265.68,262.35,262.71,69798851.0,264.032,242213
2018-05-03,263.06,263.53,259.05,262.56,116082409.0,261.528,409261
2018-05-04,262.96,266.79,261.15,266.36,72413892.0,265.074,257786
2018-05-07,266.61,268.02,266.11,266.59,48621203.0,267.13,182923
2018-05-08,266.75,267.33,265.15,266.74,58917625.0,266.403,199213
2018-05-09,267.65,269.87,267.09,269.49,52164242.0,268.744,193390
2018-05-10,270.03,272.39,269.58,271.93,55406049.0,271.53,196284
2018-05-11,271.9,273.15,271.58,273.15,48792542.0,272.473,158264
2018-05-14,273.28,274.08,272.36,272.95,46665796.0,273.109,155905
2018-05-15,272.63,272.8,270.03,270.64,73674963.0,270.811,232661
2018-05-16,271.32,272.76,270.47,272.44,45445842.0,271.924,147600
2018-05-17,271.95,273.23,271.13,272.24,48673506.0,272.164,170485
2018-05-18,272.31,272.61,270.93,271.25,42309726.0,271.524,154717
2018-05-21,272.83,273.98,272.6,273.25,46292202.0,273.324,165379
2018-05-22,273.7,274.25,272.24,272.52,45569648.0,273.245,150618
2018-05-23,271.18,273.43,270.6,273.05,55758787.0,272.164,191473
2018-05-24,273.36,273.5,270.78,273.14,58427599.0,272.38,218724
2018-05-25,273.2,273.69,271.58,272.3,42179443.0,272.203,150868
2018-05-29,270.9,271.38,267.76,269.1,96703799.0,269.159,342943
2018-05-30,270.16,273.11,269.02,272.26,61121256.0,272.04,219616
2018-05-31,272.85,272.94,270.25,271.1,76635359.0,271.252,280652
2018-06-01,271.72,273.96,270.94,273.96,56644871.0,273.236,210357
2018-06-04,274.35,275.19,274.26,274.78,38865206.0,274.801,148911
2018-06-05,275.0,275.59,274.18,275.42,43397354.0,275.02,153284
2018-06-06,275.65,277.72,275.09,277.48,52749350.0,276.528,194334
2018-06-07,278.15,278.28,276.34,277.57,62809978.0,277.284,232477
2018-06-08,276.55,278.42,275.62,278.42,63719358.0,277.71,184441
2018-06-11,278.45,279.37,277.93,278.87,47801767.0,278.804,163609
2018-06-12,278.86,279.33,278.19,279.22,54924556.0,278.856,165669
2018-06-13,278.97,279.48,277.78,278.02,60333341.0,278.661,216958
2018-06-14,277.81,279.33,277.38,278.71,61325940.0,278.717,192060
2018-06-15,277.34,277.51,275.35,276.54,71213834.0,276.617,258414
2018-06-18,276.8,276.82,274.95,275.36,43443487.0,276.094,173868
2018-06-19,273.45,275.75,272.8,275.65,71991749.0,274.787,274827
2018-06-20,276.34,276.72,275.48,276.25,40550734.0,276.148,167250
2018-06-21,276.25,276.25,273.68,274.21,58663026.0,274.591,237854
2018-06-22,275.07,275.79,274.45,274.5,46441578.0,275.169,184114
2018-06-25,273.5,273.79,269.1,271.08,113086472.0,270.963,419556
2018-06-26,271.0,272.56,270.56,271.96,61136787.0,271.749,250366
2018-06-27,270.0,273.87,269.18,270.0,89699974.0,271.079,342205
2018-06-28,270.3,271.75,268.46,271.25,66792205.0,270.053,298691
2018-06-29,272.48,273.66,270.94,271.16,85908499.0,272.138,265962
2018-07-02,269.8,272.04,269.24,271.91,56843452.0,270.652,221137
2018-07-03,272.26,273.3,270.1,270.33,36483944.0,271.732,142290
2018-07-05,271.45,273.2,270.96,272.52,46739866.0,272.346,202771
2018-07-06,272.8,275.84,272.36,275.43,53589048.0,274.946,211466
2018-07-09,276.52,278.43,275.42,278.37,37728855.0,277.407,162707
2018-07-10,278.27,279.01,276.55,276.74,44395759.0,278.611,163623
2018-07-11,276.53,278.9,276.42,277.11,68830414.0,277.201,243602
2018-07-12,277.69,279.6,276.86,279.49,47890689.0,278.809,186431
2018-07-13,279.67,279.93,278.66,279.79,41737658.0,279.526,163979
2018-07-16,279.99,280.05,278.77,279.09,38080923.0,279.292,138250
2018-07-17,278.8,280.94,278.35,280.84,44888408.0,280.064,174272
2018-07-18,280.89,281.18,280.06,281.03,35525960.0,280.804,131558
2018-07-19,280.59,280.88,279.46,280.11,54737421.0,280.125,191547
2018-07-20,279.81,280.48,278.8,279.68,58734067.0,279.875,190234
2018-07-23,279.34,281.06,278.82,281.03,38874318.0,279.909,153717
2018-07-24,280.87,282.56,280.2,281.3,52207041.0,281.633,201592
2018-07-25,281.4,284.37,280.81,283.02,64162115.0,282.908,215194
2018-07-26,283.02,284.11,282.82,283.73,46808176.0,283.445,186644
2018-07-27,283.86,284.16,280.38,281.32,64633540.0,281.752,264160
2018-07-30,280.94,281.69,279.36,280.11,54889235.0,280.221,200196
2018-07-31,280.29,282.3,279.95,281.36,61418069.0,281.241,224545
2018-08-01,281.37,282.13,280.13,281.02,45626230.0,281.095,192341
2018-08-02,280.0,282.72,278.81,282.52,54416525.0,281.482,189910
2018-08-03,282.3,283.74,282.12,283.62,43743086.0,283.201,156931
2018-08-06,283.6,284.99,283.19,284.65,32851499.0,284.384,121380
2018-08-07,285.2,286.01,284.99,285.56,36718805.0,285.661,134065
2018-08-08,285.56,285.91,284.94,285.14,35617933.0,285.482,117464
2018-08-09,285.28,285.97,284.7,284.82,28272078.0,285.47,107329
2018-08-10,284.02,284.1,282.36,283.7,64701405.0,283.309,237142
2018-08-13,282.24,284.16,281.77,282.53,56763871.0,282.715,216996
2018-08-14,283.7,284.17,282.05,283.97,37976279.0,283.651,151888
2018-08-15,283.7,283.71,280.16,281.93,85012186.0,281.294,357588
2018-08-16,282.5,285.04,281.78,284.08,53840713.0,284.148,209093
2018-08-17,284.3,285.57,283.37,285.06,51615982.0,284.621,196309
2018-08-20,285.75,286.0,284.76,285.52,31409915.0,285.609,123151
2018-08-21,285.98,287.31,284.64,284.68,55687953.0,286.615,194937
2018-08-22,285.26,286.76,285.24,286.18,37619350.0,286.219,146985
2018-08-23,286.09,286.94,285.43,285.72,40434531.0,285.982,156352
2018-08-24,286.3,287.69,285.73,287.63,46673268.0,287.239,174386
2018-08-27,288.05,290.07,287.52,290.07,42270846.0,289.469,165267
2018-08-28,289.87,290.56,289.4,290.16,36913875.0,289.899,137310
2018-08-29,290.15,291.74,289.72,291.46,47282227.0,291.166,162098
2018-08-30,291.19,291.36,289.63,289.86,51604901.0,290.602,211974
2018-08-31,289.86,291.0,289.29,291.0,52699025.0,290.053,191115
2018-09-04,291.12,291.19,288.68,289.86,48648005.0,289.516,194229
2018-09-05,289.01,289.64,287.89,288.71,61558047.0,288.848,235327
2018-09-06,288.75,289.49,287.0,287.94,56287891.0,288.073,236342
2018-09-07,287.97,288.7,286.71,287.38,61377028.0,287.595,253144
2018-09-10,288.21,289.04,286.45,288.31,37017304.0,288.3,160980
2018-09-11,288.35,289.55,286.97,289.33,43179405.0,288.707,169102
2018-09-12,289.59,289.81,288.23,289.02,50989124.0,289.031,213354
2018-09-13,289.31,291.04,288.89,290.81,43252554.0,290.585,183052
2018-09-14,291.18,291.49,290.0,290.92,42514689.0,290.782,175166
2018-09-17,290.5,290.93,288.2,288.27,50646328.0,289.778,197079
2018-09-18,289.6,291.58,289.11,291.01,47045423.0,290.851,182069
2018-09-19,290.89,291.69,290.38,291.58,38450254.0,291.246,168352
2018-09-20,291.48,293.95,291.3,293.89,63024508.0,293.344,235466
2018-09-21,293.1,293.29,291.51,291.69,59990739.0,292.425,208306
2018-09-24,291.37,292.09,290.37,291.16,44509130.0,290.995,179653
2018-09-25,291.28,292.0,290.48,291.01,34951664.0,290.977,142036
2018-09-26,291.45,292.24,289.41,289.99,66160353.0,290.668,237198
2018-09-27,289.63,291.91,289.5,290.83,50245495.0,290.938,184421
2018-09-28,290.41,291.28,289.54,291.0,59078128.0,290.595,217620
2018-10-01,292.21,292.93,290.72,291.69,49994689.0,292.02,200928
2018-10-02,291.33,292.36,290.54,291.62,41031006.0,291.713,169879
2018-10-03,292.18,293.21,291.14,291.3,50776100.0,292.263,200334
2018-10-04,290.7,291.72,287.66,289.88,95268199.0,289.246,387860
2018-10-05,289.47,290.35,286.22,288.11,87158120.0,288.044,370595
2018-10-08,287.5,288.31,285.5,287.94,74052721.0,287.134,325463
2018-10-09,287.59,288.86,286.34,287.77,63064687.0,287.727,267134
2018-10-10,287.45,288.01,276.13,276.7,172716917.0,281.621,719644
2018-10-11,275.29,278.9,270.36,274.8,227033550.0,274.887,1112399
2018-10-12,276.5,277.32,272.37,277.12,142944418.0,275.098,769558
2018-10-15,274.7,277.04,273.7,274.67,87569807.0,275.505,436360
2018-10-16,275.01,281.08,274.71,280.9,87213761.0,278.947,370558
2018-10-17,280.9,281.43,277.56,279.98,91611639.0,279.838,439532
2018-10-18,280.43,280.5,274.97,276.55,118777963.0,277.014,588741
2018-10-19,276.96,279.3,275.47,276.21,100433607.0,277.128,469098
2018-10-22,276.76,277.47,274.41,274.52,72498023.0,275.572,354226
2018-10-23,272.11,274.87,268.61,273.99,130051312.0,271.848,656932
2018-10-24,272.42,274.11,264.7,265.69,150943589.0,269.029,748693
2018-10-25,267.43,271.81,265.14,267.05,114920609.0,269.349,576909
2018-10-26,266.0,271.0,262.29,266.37,180007558.0,265.415,863366
2018-10-29,266.32,270.25,259.85,263.75,134049498.0,265.44,678059
2018-10-30,265.22,268.6,262.86,268.21,137498128.0,265.845,690419
2018-10-31,269.1,273.23,268.38,270.77,111395534.0,271.581,468980
2018-11-01,270.6,273.73,270.38,272.9,81128427.0,272.539,369488
2018-11-02,275.5,276.19,269.59,271.82,104028294.0,272.116,480799
2018-11-05,271.35,274.19,271.08,274.08,55780007.0,272.839,243381
2018-11-06,273.24,275.71,272.67,275.0,50362119.0,274.462,220436
2018-11-07,277.29,281.33,277.01,281.18,86188945.0,279.524,341487
2018-11-08,280.99,281.22,279.22,280.39,58699391.0,280.341,248189
2018-11-09,279.38,280.55,276.18,277.14,83308199.0,277.805,338695
2018-11-12,277.42,278.83,271.85,272.04,88655725.0,273.895,392902
2018-11-13,273.91,275.33,271.25,273.42,87164590.0,272.927,414552
2018-11-14,271.1,274.61,268.45,270.2,108088019.0,271.066,482796
2018-11-15,270.23,273.54,267.01,272.73,115716621.0,270.86,515117
2018-11-16,272.45,274.75,270.77,274.1,96856637.0,273.233,384949
2018-11-19,274.32,274.32,266.74,268.96,86559051.0,269.848,393938
2018-11-20,267.93,268.95,263.15,264.12,115061770.0,264.939,520850
2018-11-21,265.53,267.15,264.8,265.35,62694659.0,265.957,269732
2018-11-23,264.39,264.83,262.68,262.93,35123985.0,263.812,144777
2018-11-26,266.35,267.75,264.76,265.78,67581917.0,266.759,268210
2018-11-27,266.8,268.89,265.66,268.64,64890893.0,267.441,270049
2018-11-28,268.84,274.58,268.53,273.99,107737995.0,272.133,439151
2018-11-29,273.83,275.55,272.43,274.16,73835699.0,273.952,315650
2018-11-30,273.72,276.58,273.04,276.53,75251759.0,275.168,271559
2018-12-03,280.89,281.28,277.5,278.49,90151401.0,278.941,379420
2018-12-04,278.04,279.3,269.74,271.0,154369804.0,272.961,699139
2018-12-06,267.63,270.32,262.44,269.48,172707498.0,266.384,837426
2018-12-07,268.34,271.22,262.63,263.31,143409766.0,265.646,662929
2018-12-10,262.7,265.17,258.62,263.52,138765310.0,262.159,715677
2018-12-11,263.94,268.1,262.48,265.14,111440352.0,265.28,517733
2018-12-12,265.5,269.0,264.96,265.86,85406882.0,267.099,395782
2018-12-13,266.28,267.49,264.12,264.34,81372589.0,265.52,380755
2018-12-14,262.24,264.03,259.75,259.83,104182689.0,261.587,479910
2018-12-17,260.99,261.58,253.52,256.33,138325237.0,256.785,645283
2018-12-18,256.37,257.95,253.28,254.72,114593479.0,255.979,505749
2018-12-19,255.46,259.4,249.35,251.57,185923358.0,253.931,977568
2018-12-20,250.0,252.26,244.65,248.54,213784981.0,248.214,1001750
2018-12-21,246.31,249.71,239.98,240.35,214374459.0,243.918,900921
2018-12-24,241.7,242.45,232.61,233.08,122181609.0,237.086,535412
2018-12-26,234.05,246.9,231.99,245.05,169350968.0,240.088,792848
2018-12-27,243.88,248.97,238.96,248.01,163691904.0,243.317,755488
2018-12-28,248.9,251.4,246.45,247.57,127873269.0,248.624,596929
2018-12-31,249.62,250.48,247.47,250.09,105800947.0,249.094,437327
2019-01-02,248.0,251.21,244.7,246.7,105477754.0,249.153,447393
2019-01-03,246.82,248.57,243.19,243.54,121905671.0,245.625,513602
2019-01-04,246.5,253.11,245.3,252.64,117080117.0,251.038,516538
2019-01-07,252.6,255.95,245.29,255.0,80511382.0,254.252,332124
2019-01-08,255.4,257.31,254.0,256.89,81377356.0,255.97,353599
2019-01-09,257.5,258.91,256.19,256.58,80216743.0,257.832,329733
2019-01-10,255.92,259.21,255.46,258.57,76562582.0,257.801,319452
2019-01-11,258.94,259.03,257.03,258.74,58458166.0,258.255,222126
2019-01-14,257.04,258.3,256.11,258.09,53862880.0,257.609,205165
2019-01-15,258.42,260.7,257.41,260.11,72375210.0,259.693,278030
2019-01-16,260.77,261.97,260.09,260.49,60372267.0,261.288,238628
2019-01-17,259.76,263.92,259.1,263.3,75982182.0,262.176,297347
2019-01-18,263.56,267.05,263.34,266.58,89422820.0,265.822,342437
2019-01-22,265.11,266.46,261.06,262.67,98815140.0,262.738,397857
2019-01-23,262.72,264.79,260.66,263.06,76670920.0,262.8,330240
2019-01-24,263.41,264.2,262.08,263.49,54119854.0,263.25,232879
2019-01-25,264.53,266.7,264.08,266.1,79682099.0,265.95,311729
2019-01-28,264.64,265.18,261.79,262.56,65962723.0,263.076,287605
2019-01-29,263.37,264.69,262.48,263.95,52082420.0,263.484,201673
2019-01-30,264.4,268.52,263.42,267.86,81140884.0,266.591,344960
2019-01-31,268.16,271.0,267.21,270.42,87613566.0,269.44,297017
2019-02-01,270.07,271.2,269.18,270.07,70036855.0,270.135,262945
2019-02-04,269.9,272.13,269.36,271.44,48501568.0,271.007,188066
2019-02-05,272.0,273.44,271.49,272.88,60955951.0,272.871,224966
2019-02-06,272.34,273.34,271.92,272.36,48603880.0,272.685,183636
2019-02-07,272.11,272.74,268.29,269.46,81935262.0,269.712,364241
2019-02-08,269.45,270.61,267.83,270.5,64472129.0,269.12,272061
2019-02-11,271.39,271.9,270.03,271.14,50373874.0,270.678,211811
2019-02-12,272.1,275.19,271.79,274.79,60253496.0,273.763,229964
2019-02-13,274.82,275.93,274.35,274.47,57722970.0,275.203,208864
2019-02-14,275.45,275.95,272.87,273.6,71376462.0,274.318,294179
2019-02-15,273.4,279.07,272.85,278.0,71331312.0,276.735,267073
2019-02-19,277.56,278.58,276.47,277.72,48575658.0,277.781,167314
2019-02-20,277.72,278.92,277.25,278.32,60608725.0,278.161,241547
2019-02-21,278.89,279.5,276.34,277.47,54540791.0,277.274,215909
2019-02-22,278.02,279.41,277.39,279.37,60764438.0,278.742,213899
2019-02-25,279.9,281.31,279.13,279.15,52247617.0,280.35,200588
2019-02-26,278.97,280.3,278.46,278.8,49384454.0,279.567,191643
2019-02-27,278.1,279.69,277.48,279.07,48389691.0,278.756,198482
2019-02-28,278.66,279.45,278.3,278.8,56989627.0,278.822,193051
2019-03-01,280.1,280.88,278.82,280.73,64440687.0,280.148,225374
2019-03-04,281.59,281.87,276.84,279.07,84291540.0,279.123,355266
2019-03-05,279.77,279.94,278.41,278.61,44969697.0,279.184,171566
2019-03-06,278.67,279.35,276.72,276.76,61963711.0,277.758,224332
2019-03-07,276.65,277.8,274.07,274.73,82870652.0,275.224,332674
2019-03-08,274.15,275.07,272.42,275.01,72776470.0,273.461,304664
2019-03-11,275.33,279.6,274.92,279.38,54712913.0,277.618,218169
2019-03-12,279.35,280.07,278.29,279.27,61586173.0,279.48,214180
2019-03-13,279.27,282.38,278.9,281.73,63708140.0,281.436,234570
2019-03-14,281.59,282.3,280.66,281.23,46034598.0,281.257,184548
2019-03-15,280.54,282.21,280.1,281.11,59408407.0,281.223,236218
2019-03-18,281.71,282.83,281.3,282.68,48430072.0,282.106,205712
2019-03-19,282.76,284.36,281.41,282.04,71942907.0,282.924,292569
2019-03-20,282.43,283.5,280.32,281.4,75291057.0,281.873,347973
2019-03-21,280.84,285.18,280.01,284.79,68825888.0,283.785,293176
2019-03-22,284.73,284.92,279.06,279.25,107918733.0,280.815,493730
2019-03-25,278.5,280.19,277.64,279.69,66889361.0,278.838,316131
2019-03-26,279.98,282.18,279.04,280.98,54150750.0,280.911,236511
2019-03-27,281.77,281.78,277.93,279.37,63628058.0,279.732,294859
2019-03-28,279.06,281.67,279.06,281.49,51053450.0,280.329,226366
2019-03-29,281.47,282.84,280.77,282.58,65964001.0,282.204,242873
2019-04-01,284.51,286.16,282.48,285.97,62720541.0,285.354,236865
2019-04-02,285.45,286.23,285.09,285.53,36558431.0,285.791,163001
2019-04-03,286.93,287.76,285.75,286.68,54336383.0,286.798,227587
2019-04-04,286.58,287.46,286.01,287.07,42193143.0,286.883,188746
2019-04-05,287.52,288.93,287.44,288.88,43293013.0,288.295,182513
2019-04-08,288.11,288.91,287.37,288.73,42430212.0,288.279,162350
2019-04-09,288.48,288.7,286.7,287.12,54424494.0,287.381,200216
2019-04-10,287.72,288.85,286.9,288.7,39047097.0,287.885,139992
2019-04-11,288.17,289.0,287.57,288.44,40291572.0,288.189,141334
2019-04-12,288.6,290.47,288.38,290.22,51750810.0,289.964,164012
2019-04-15,290.01,290.46,289.07,290.0,38258765.0,289.758,141878
2019-04-16,290.75,291.09,289.5,290.02,38438671.0,290.342,146812
2019-04-17,290.52,291.43,288.99,289.42,47525844.0,289.787,175183
2019-04-18,288.68,290.34,288.1,290.1,46566108.0,289.767,163980
2019-04-22,289.53,290.63,289.06,290.41,32183290.0,289.984,118330
2019-04-23,290.22,293.16,290.14,293.13,42463113.0,292.244,162375
2019-04-24,292.71,293.16,292.0,292.46,37689617.0,292.606,145820
2019-04-25,292.23,292.8,290.73,291.62,41692050.0,292.029,173131
2019-04-26,291.55,293.54,291.24,293.3,40787432.0,292.533,159951
2019-04-29,293.56,294.45,293.06,293.41,32448378.0,293.94,131319
2019-04-30,293.37,294.94,291.92,294.82,58736050.0,293.521,186784
2019-05-01,295.27,295.38,290.79,291.38,61987473.0,293.537,260174
2019-05-02,292.11,292.7,289.52,291.37,58102351.0,291.081,255134
2019-05-03,291.97,294.46,291.65,294.34,43893851.0,293.566,181846
2019-05-06,289.4,294.13,288.17,291.28,85292694.0,291.75,298007
2019-05-07,291.81,292.5,285.81,288.05,115412200.0,288.059,473127
2019-05-08,288.98,289.43,286.44,287.72,75698363.0,288.173,332729
2019-05-09,285.93,287.55,283.3,287.06,91937154.0,285.544,403426
2019-05-10,286.4,288.94,282.3,288.49,99689822.0,285.713,455451
2019-05-13,284.34,287.94,279.74,280.11,112333746.0,281.423,496140
2019-05-14,281.77,285.1,280.86,283.91,68244523.0,283.732,297079
2019-05-15,283.41,285.77,281.3,284.97,61399487.0,284.241,272466
2019-05-16,284.67,289.21,284.48,288.02,61468984.0,287.903,269807
2019-05-17,287.01,288.6,285.12,286.32,74731966.0,286.636,314461
2019-05-20,286.61,287.06,283.12,284.8,56473304.0,284.249,251168
2019-05-21,284.95,286.93,284.75,286.61,39421937.0,286.33,188254
2019-05-22,285.73,286.69,284.75,285.37,41383577.0,285.766,186170
2019-05-23,284.2,285.63,280.57,282.3,85777416.0,281.805,356509
2019-05-24,283.36,284.2,282.09,282.96,46637299.0,283.055,189822
2019-05-28,282.99,284.15,280.13,280.48,57839699.0,281.946,263944
2019-05-29,278.94,279.93,276.71,278.28,87566496.0,278.104,358633
2019-05-30,279.21,280.04,276.65,276.72,51812465.0,278.951,213099
2019-05-31,276.51,279.1,274.95,275.3,71896764.0,275.9,298805
2019-06-03,273.65,276.56,273.09,275.3,86635980.0,274.739,366775
2019-06-04,276.18,281.48,274.57,281.39,67274362.0,278.89,284718
2019-06-05,281.69,283.16,280.32,282.38,61442931.0,281.96,249070
2019-06-06,283.71,285.55,282.53,284.71,59686890.0,284.122,225599
2019-06-07,285.38,288.85,284.88,288.04,62833252.0,287.63,253042
2019-06-10,288.8,290.82,288.5,288.88,51229702.0,289.662,216315
2019-06-11,289.82,291.4,288.18,288.8,50096311.0,289.45,203317
2019-06-12,288.4,289.26,287.81,288.83,38323430.0,288.392,148912
2019-06-13,288.99,289.98,287.71,289.46,40343507.0,289.31,160068
2019-06-14,289.38,290.07,288.41,289.33,39035685.0,289.1,163787
2019-06-17,289.8,290.25,289.18,289.62,32768722.0,289.698,135393
2019-06-18,289.22,293.57,289.0,292.82,68888469.0,292.492,275913
2019-06-19,292.59,294.22,291.47,294.06,62077205.0,292.756,238353
2019-06-20,295.02,296.44,293.12,295.68,86189544.0,295.522,271991
2019-06-21,294.37,295.52,293.13,293.17,58761756.0,294.344,213268
2019-06-24,294.3,294.67,293.47,293.81,36933097.0,293.986,139591
2019-06-25,293.22,293.91,290.38,290.62,58111522.0,291.738,224775
2019-06-26,291.11,292.5,290.07,290.46,40146186.0,291.09,152410
2019-06-27,291.79,292.42,290.45,292.31,33263102.0,291.615,128969
2019-06-28,292.37,294.7,292.01,294.47,51829469.0,292.823,183008
2019-07-01,296.1,296.92,294.33,295.22,62927246.0,295.574,228700
2019-07-02,295.2,296.84,294.68,296.61,48187930.0,295.691,174855
2019-07-03,297.16,298.95,296.41,298.77,33776524.0,298.168,115516
2019-07-05,298.74,299.19,296.01,298.14,43053305.0,297.525,161839
2019-07-08,297.61,297.77,296.22,296.48,34221359.0,296.751,135113
2019-07-09,295.39,297.52,295.3,297.08,31809532.0,296.765,118523
2019-07-10,296.83,299.66,296.06,298.62,45521082.0,298.648,179239
2019-07-11,299.26,299.61,298.2,299.48,42257648.0,299.051,158431
2019-07-12,299.84,300.73,299.31,300.44,34144696.0,300.146,119010
2019-07-15,301.16,301.26,300.19,300.92,25492670.0,300.606,101153
2019-07-16,300.82,301.16,299.43,299.64,33085560.0,300.077,129910
2019-07-17,300.03,300.33,297.11,297.23,37420848.0,298.557,133251
2019-07-18,297.28,300.0,296.7,299.19,44481536.0,298.046,168416
2019-07-19,299.79,300.08,296.17,296.36,52771496.0,298.458,185130
2019-07-22,297.12,298.5,297.04,298.08,31425605.0,297.773,121699
2019-07-23,298.45,300.09,297.9,299.77,36380622.0,299.262,137923
2019-07-24,299.35,301.44,298.87,301.33,34900064.0,300.567,128785
2019-07-25,301.5,302.03,299.11,300.18,46538671.0,300.062,171135
2019-07-26,300.33,302.23,300.0,301.35,36900540.0,301.669,127344
2019-07-29,301.62,302.05,300.85,301.81,31401995.0,301.466,126489
2019-07-30,301.36,301.65,299.49,300.91,37178043.0,300.549,142879
2019-07-31,301.11,301.34,295.2,296.73,92787752.0,298.689,409359
2019-08-01,297.76,300.87,293.72,294.06,124436173.0,296.62,568452
2019-08-02,293.26,295.6,290.9,292.95,98008678.0,292.466,408935
2019-08-05,289.7,292.75,277.37,277.94,154857566.0,284.896,588691
2019-08-06,283.68,288.04,279.3,286.64,101115849.0,286.416,415694
2019-08-07,287.49,288.82,282.04,287.16,112446832.0,286.0,491584
2019-08-08,288.7,293.75,287.88,293.12,69667822.0,291.925,281587
2019-08-09,292.38,293.62,289.65,291.93,78501325.0,291.605,328297
2019-08-12,292.29,292.75,287.02,288.28,51091268.0,288.84,233592
2019-08-13,287.2,294.15,286.5,292.94,81272047.0,292.059,348855
2019-08-14,292.34,293.0,283.28,284.47,120484866.0,285.509,494844
2019-08-15,285.55,287.07,281.63,285.29,88316067.0,284.48,402071
2019-08-16,286.48,289.33,284.71,288.92,64105330.0,288.414,248732
2019-08-19,291.34,293.08,290.46,291.76,44598376.0,292.362,177495
2019-08-20,292.55,293.0,289.26,289.85,43160041.0,290.897,161073
2019-08-21,291.3,293.76,290.79,293.4,38147069.0,292.391,154235
2019-08-22,293.17,293.93,290.4,292.18,45884130.0,292.245,200839
2019-08-23,293.14,293.57,283.33,284.77,128403858.0,287.209,567348
2019-08-26,286.7,288.73,283.01,287.72,59702796.0,287.066,244794
2019-08-27,287.55,289.95,286.03,287.47,52903418.0,287.656,236974
2019-08-28,287.02,289.07,285.25,288.51,50120343.0,287.902,222164
2019-08-29,290.86,293.16,288.4,292.46,51112611.0,292.299,213905
2019-08-30,293.52,294.71,291.42,292.3,51389047.0,292.725,213159
2019-09-03,290.04,292.45,289.27,290.46,54992953.0,290.419,240200
2019-09-04,293.51,294.12,291.59,294.0,40895927.0,293.409,163004
2019-09-05,295.8,298.83,294.04,297.9,65079206.0,297.869,268096
2019-09-06,298.12,298.98,297.42,298.6,42400129.0,298.244,173591
2019-09-09,298.92,299.35,297.16,298.45,38678252.0,298.161,165510
2019-09-10,297.29,298.28,295.97,297.93,46078721.0,296.975,204304
2019-09-11,298.58,302.2,297.75,302.05,51056883.0,299.509,179914
2019-09-12,301.15,302.46,300.41,301.75,58461469.0,301.531,259520
2019-09-13,302.01,302.68,300.68,301.1,41098129.0,301.427,173966
2019-09-16,299.69,300.8,299.0,300.5,44643156.0,300.099,194393
2019-09-17,300.12,301.02,299.48,300.82,34477109.0,300.352,152292
2019-09-18,300.74,301.46,298.24,300.82,58243288.0,299.865,264168
2019-09-19,300.53,302.63,299.55,301.23,48661560.0,301.673,203264
2019-09-20,300.5,300.67,297.25,297.26,66584918.0,299.006,273634
2019-09-23,298.22,300.01,297.16,299.64,36381629.0,298.256,143549
2019-09-24,299.2,299.84,294.81,296.46,86033908.0,296.655,389670
2019-09-25,295.41,298.11,294.33,297.51,63661434.0,296.706,256340
2019-09-26,297.83,298.5,295.45,296.84,48357940.0,296.81,225315
2019-09-27,297.24,298.28,293.69,295.83,71751229.0,295.606,321979
2019-09-30,296.43,297.69,295.55,297.38,43685633.0,296.871,177470
2019-10-01,297.78,298.46,292.84,293.73,67395217.0,294.687,311998
2019-10-02,292.12,293.9,286.64,287.88,97498540.0,288.47,474027
2019-10-03,288.4,290.55,284.82,290.07,75948530.0,288.242,403741
2019-10-04,290.25,294.65,289.1,294.65,54801693.0,293.127,227944
2019-10-07,293.35,295.26,292.74,293.04,53051183.0,293.81,234741
2019-10-08,292.65,293.99,288.23,288.53,80681031.0,289.878,381812
2019-10-09,289.5,292.72,287.6,289.22,54917681.0,291.159,216664
2019-10-10,290.49,295.1,290.22,294.13,50880153.0,293.01,249456
2019-10-11,294.85,298.74,293.18,296.85,78463724.0,297.444,378984
2019-10-14,296.06,297.3,294.83,296.67,31669051.0,296.129,145015
2019-10-15,297.32,299.7,296.56,298.88,39931073.0,298.847,186394
2019-10-16,298.54,299.16,297.91,298.25,36708759.0,298.44,166906
2019-10-17,298.75,300.24,298.15,299.16,39151993.0,299.362,177137
2019-10-18,299.03,299.57,296.99,298.02,49045543.0,298.388,208211
2019-10-21,298.82,300.21,298.02,300.04,31142861.0,299.759,130096
2019-10-22,299.95,300.9,298.31,298.59,33553904.0,300.05,157489
2019-10-23,298.6,300.45,297.92,300.2,27969230.0,299.339,128215
2019-10-24,300.36,301.07,299.46,299.73,30873715.0,300.197,141855
2019-10-25,300.18,302.2,299.62,301.85,37679588.0,301.491,151964
2019-10-28,302.14,303.85,302.0,303.5,31795245.0,303.409,142346
2019-10-29,303.43,304.23,302.61,303.19,33675560.0,303.462,153453
2019-10-30,303.17,305.13,301.99,304.5,42484577.0,303.334,194136
2019-10-31,304.63,304.81,301.73,303.2,59184370.0,302.761,237536
2019-11-01,303.82,306.19,303.33,306.07,55586078.0,305.623,234755
2019-11-04,307.01,308.35,306.66,307.58,36061716.0,307.464,149778
2019-11-05,307.86,308.21,306.57,306.57,34741599.0,307.181,146187
2019-11-06,307.21,307.5,306.06,307.18,38260578.0,306.863,163833
2019-11-07,308.61,309.46,307.02,308.12,42202469.0,308.606,179493
2019-11-08,308.04,309.09,307.03,309.09,37337425.0,308.322,150875
2019-11-11,308.11,308.6,307.27,308.42,25982748.0,308.121,102107
2019-11-12,308.67,309.99,308.0,308.4,37908739.0,309.15,145964
2019-11-13,308.26,309.54,307.44,309.09,44482751.0,308.875,178597
2019-11-14,308.91,310.69,308.09,310.62,39349201.0,309.155,143990
2019-11-15,310.38,311.9,310.17,311.68,44518755.0,311.331,146042
2019-11-18,312.13,312.58,311.03,311.71,33585057.0,311.787,138399
2019-11-19,312.56,313.13,311.01,311.38,47787905.0,312.009,163138
2019-11-20,310.64,311.95,309.06,309.48,65067400.0,310.568,266322
2019-11-21,310.42,311.48,309.39,310.57,44460824.0,310.271,174740
2019-11-22,311.3,311.42,309.85,311.15,36749794.0,310.814,127192
2019-11-25,312.0,313.7,311.76,313.68,34768256.0,312.954,136290
2019-11-26,313.26,314.59,312.89,314.42,30971051.0,313.817,127830
2019-11-27,314.89,315.6,314.07,314.52,29708447.0,315.073,114489
2019-11-29,314.8,315.13,314.06,314.6,25002223.0,314.55,82647
2019-12-02,315.57,315.8,310.99,311.76,57931386.0,312.115,267929
2019-12-03,312.05,312.27,307.13,309.25,65743512.0,308.57,276493
2019-12-04,309.14,312.12,308.48,311.18,39460655.0,311.475,163686
2019-12-05,311.92,312.67,310.58,312.45,31773986.0,311.603,129998
2019-12-06,312.65,315.31,312.37,315.01,36454064.0,314.803,140188
2019-12-09,314.56,315.18,313.39,313.65,25999786.0,314.391,108592
2019-12-10,312.77,314.55,311.92,313.49,36579325.0,313.728,155759
2019-12-11,313.5,314.85,313.5,314.65,35773991.0,314.218,146856
2019-12-12,314.99,318.5,314.02,318.41,77750430.0,316.797,333716
2019-12-13,318.36,318.79,316.02,317.25,69021973.0,317.326,325877
2019-12-16,318.41,320.15,318.3,319.34,54231906.0,319.692,177855
2019-12-17,319.72,320.25,319.16,319.38,39267777.0,319.755,141245
2019-12-18,319.69,320.25,319.37,319.94,33212672.0,319.841,134260
2019-12-19,319.92,321.24,319.43,321.14,46803314.0,320.605,148005
2019-12-20,319.7,321.45,319.33,321.3,79652083.0,320.924,213451
2019-12-23,321.34,321.98,321.06,321.35,36050964.0,321.352,115608
2019-12-24,321.47,321.75,320.9,321.24,13956418.0,321.171,59083
2019-12-26,321.54,323.39,321.54,323.39,21452856.0,322.353,86278
2019-12-27,323.61,324.06,322.28,322.39,31802088.0,322.996,123325
2019-12-30,323.11,323.15,320.55,321.38,38876687.0,321.382,161847
2019-12-31,321.42,322.43,320.15,322.35,40863793.0,321.33,145833
2020-01-02,323.52,325.25,322.53,325.14,47299730.0,323.786,199337
2020-01-03,321.82,324.81,319.69,322.65,59811533.0,322.661,235606
2020-01-06,320.05,323.95,319.98,323.67,43004511.0,322.652,171867
2020-01-07,324.1,324.2,317.25,318.27,34012741.0,322.638,145720
2020-01-08,322.08,325.78,320.89,325.37,54016539.0,324.502,226705
2020-01-09,326.12,327.36,325.29,327.22,36531052.0,326.265,160226
2020-01-10,327.22,327.74,325.2,325.6,37473162.0,326.343,159287
2020-01-13,326.67,328.69,325.71,328.55,35538557.0,327.296,139999
2020-01-14,327.31,328.62,326.76,327.23,50734058.0,327.566,221600
2020-01-15,327.46,329.04,327.04,328.66,50284764.0,328.229,203344
2020-01-16,329.63,331.43,329.11,331.13,42619166.0,330.239,153541
2020-01-17,331.4,332.18,330.93,331.6,59104842.0,331.717,177758
2020-01-21,330.7,332.18,330.1,331.5,52765023.0,331.365,188377
2020-01-22,332.32,332.95,330.51,331.0,34431367.0,332.011,146203
2020-01-23,331.05,332.37,329.41,331.97,46188418.0,330.958,181192
2020-01-24,332.75,332.94,327.36,328.26,69669376.0,329.358,305527
2020-01-27,325.61,328.77,322.66,323.92,71707621.0,324.026,309733
2020-01-28,324.5,327.85,323.5,326.79,53524047.0,326.693,215620
2020-01-29,328.05,328.63,325.92,326.12,46497823.0,327.357,189993
2020-01-30,324.5,328.9,323.48,328.6,64397813.0,325.55,291909
2020-01-31,327.33,329.0,320.73,321.85,97362602.0,322.935,447890
2020-02-03,323.5,326.16,321.73,324.18,56522723.0,324.599,251840
2020-02-04,327.28,330.01,325.9,328.66,47046726.0,329.13,207674
2020-02-05,330.98,333.35,328.48,333.03,52442446.0,332.156,229862
2020-02-06,334.48,335.15,332.8,333.63,36482124.0,333.749,157012
2020-02-07,333.78,334.2,331.55,331.68,47235179.0,332.493,188844
2020-02-10,331.77,335.31,331.06,335.13,33997354.0,333.438,141767
2020-02-11,335.48,337.02,334.75,335.35,42383398.0,335.887,183867
2020-02-12,336.63,337.77,335.25,336.43,34676196.0,337.083,146924
2020-02-13,336.1,338.12,334.62,337.37,44077598.0,337.014,188436
2020-02-14,337.75,338.24,336.2,337.8,44251355.0,337.11,174333
2020-02-18,336.5,337.6,335.21,337.25,45943248.0,336.433,191539
2020-02-19,337.35,339.38,336.73,339.22,37019638.0,338.422,140702
2020-02-20,337.59,338.8,333.68,336.0,60884425.0,336.277,279401
2020-02-21,335.41,335.98,332.58,333.32,81182294.0,333.734,347052
2020-02-24,326.4,333.57,321.24,324.63,129426535.0,323.645,577696
2020-02-25,324.2,325.53,311.69,313.43,182997477.0,316.297,911457
2020-02-26,311.76,318.11,307.88,309.32,158715405.0,313.677,812270
2020-02-27,309.38,310.41,293.62,296.9,221394255.0,303.655,1145935
2020-02-28,291.67,299.7,285.54,298.85,272669386.0,291.162,1563544
2020-03-02,300.2,309.63,290.65,309.4,181405475.0,301.744,948649
2020-03-03,308.71,313.84,297.57,302.17,228801472.0,304.546,1353768
2020-03-04,304.99,313.1,300.24,310.33,137394244.0,308.284,697016
2020-03-05,307.72,313.09,300.01,302.68,143504885.0,303.661,712063
2020-03-06,298.71,302.8,290.23,295.5,186635334.0,294.74,930131
2020-03-09,280.2,289.4,270.27,280.25,230498287.0,278.157,1270046
2020-03-10,281.96,288.83,273.5,283.14,207457513.0,281.486,1130937
2020-03-11,281.3,288.42,270.88,273.9,183896858.0,276.242,1094733
2020-03-12,263.95,267.41,242.0,244.85,306462843.0,254.337,1713114
2020-03-13,257.99,272.1,245.0,267.45,250898304.0,259.086,1292536
2020-03-16,253.2,262.75,237.36,244.9,233381160.0,246.449,1035839
2020-03-17,246.97,256.45,237.07,242.79,202448008.0,248.408,954950
2020-03-18,240.5,248.37,228.02,245.99,251995237.0,236.968,1353510
2020-03-19,240.23,247.38,229.31,237.18,220495903.0,241.435,1140204
2020-03-20,243.85,250.08,226.37,226.4,224390311.0,236.136,1162740
2020-03-23,221.14,238.89,218.26,225.93,233072201.0,224.096,1197950
2020-03-24,232.03,247.17,228.03,242.47,189468216.0,239.078,885244
2020-03-25,246.89,256.35,239.03,246.96,212904777.0,248.648,1024621
2020-03-26,242.23,263.7,240.33,263.35,187540118.0,256.69,861205
2020-03-27,257.11,262.13,251.05,252.1,161138669.0,254.631,789099
2020-03-30,250.25,262.6,250.09,261.93,121718936.0,259.167,599341
2020-03-31,262.74,263.9,254.16,254.31,141625264.0,259.483,669999
2020-04-01,251.84,257.75,243.9,247.5,130766256.0,247.631,681580
2020-04-02,249.53,253.0,242.94,250.79,142630541.0,249.365,682056
2020-04-03,250.0,253.32,245.22,247.92,112483434.0,248.535,559838
2020-04-06,258.24,267.0,256.59,266.55,146684080.0,262.212,658976
2020-04-07,270.75,275.03,262.89,265.14,164523098.0,269.933,759104
2020-04-08,265.8,275.41,263.03,274.99,121431578.0,271.361,559492
2020-04-09,276.56,281.2,270.4,279.0,149318798.0,278.436,677109
2020-04-13,274.63,278.2,271.41,277.08,93346777.0,274.3,445618
2020-04-14,279.27,284.9,278.45,283.4,105866308.0,282.712,491753
2020-04-15,280.36,283.68,275.4,275.7,94264536.0,277.365,439626
2020-04-16,279.89,289.4,275.76,287.5,106008372.0,278.995,459344
2020-04-17,286.15,288.5,282.4,286.66,102279810.0,284.847,441874
2020-04-20,285.84,287.61,280.5,282.03,81245760.0,283.523,373364
2020-04-21,279.19,280.79,272.02,274.39,105113933.0,274.493,516475
2020-04-22,275.77,281.0,273.29,278.15,72892483.0,278.769,356985
2020-04-23,278.25,283.94,276.74,277.37,94187637.0,280.989,470747
2020-04-24,278.25,283.7,276.13,283.35,63175677.0,281.072,283334
2020-04-27,285.69,288.27,284.59,286.97,61519318.0,286.695,276248
2020-04-28,288.2,291.45,285.4,287.39,87733987.0,287.783,379692
2020-04-29,289.47,296.1,288.2,294.8,101634041.0,292.974,431646
2020-04-30,294.4,296.77,285.61,287.7,101630078.0,290.388,429698
2020-05-01,284.39,286.88,281.52,282.9,96160396.0,283.308,418653
2020-05-04,280.56,283.9,278.69,283.51,66208887.0,281.608,304302
2020-05-05,286.17,289.25,283.61,287.02,66880654.0,287.652,294804
2020-05-06,287.76,288.96,282.7,283.68,63167547.0,286.128,288508
2020-05-07,286.7,289.78,285.18,289.51,61576892.0,288.287,279615
2020-05-08,291.0,293.74,289.86,293.74,59566495.0,291.693,251845
2020-05-11,293.83,294.8,289.33,291.94,63926231.0,292.224,271226
2020-05-12,291.82,294.24,283.1,283.3,79041223.0,290.009,313270
2020-05-13,285.68,287.94,278.96,282.02,120084577.0,282.435,540185
2020-05-14,281.36,285.8,272.99,285.68,107214951.0,280.918,507792
2020-05-15,286.34,286.45,281.34,285.7,84283882.0,284.361,360794
2020-05-18,289.1,296.75,287.9,295.46,92243926.0,294.803,390172
2020-05-19,295.43,297.5,291.29,292.69,74776018.0,294.386,326626
2020-05-20,293.38,297.87,292.13,296.83,66641621.0,296.816,278782
2020-05-21,295.66,297.67,293.68,295.37,66156762.0,295.444,320545
2020-05-22,291.45,296.1,291.0,295.6,48269939.0,294.514,219321
2020-05-26,300.51,302.26,298.69,299.39,65792388.0,300.557,291261
2020-05-27,301.86,304.63,296.87,304.54,84299890.0,300.831,371781
2020-05-28,304.8,306.84,302.24,302.86,73964772.0,304.61,329490
2020-05-29,302.28,306.13,299.59,306.1,92231931.0,302.712,427719
2020-06-01,305.0,306.21,302.45,304.19,46556837.0,305.005,202661
2020-06-02,305.53,309.07,304.02,308.89,59167925.0,306.727,257718
2020-06-03,309.25,313.22,308.75,312.65,68165844.0,311.652,282038
2020-06-04,311.5,313.0,309.08,311.2,64765919.0,311.187,289331
2020-06-05,314.69,321.28,312.72,319.15,104691762.0,319.11,445071
2020-06-08,318.98,323.41,318.66,322.61,61634586.0,321.523,267630
2020-06-09,321.14,323.24,319.33,321.92,61669995.0,320.944,275004
2020-06-10,322.42,322.71,316.54,316.76,77138652.0,320.126,369771
2020-06-11,313.45,319.12,300.01,303.08,175447332.0,305.135,810273
2020-06-12,304.43,309.08,298.6,303.58,154135144.0,303.622,774738
2020-06-15,296.36,310.17,295.39,310.15,108834479.0,303.754,528461
2020-06-16,310.17,316.96,307.67,313.85,120289676.0,312.796,534341
2020-06-17,314.87,316.0,310.41,310.45,62463103.0,312.675,282280
2020-06-18,311.56,313.29,308.8,312.93,61718646.0,311.155,270710
2020-06-19,312.12,314.49,305.85,306.1,97463372.0,310.026,412277
2020-06-22,308.5,312.56,306.1,312.33,60248888.0,309.585,260605
2020-06-23,313.37,314.57,309.91,311.2,54723899.0,313.114,235704
2020-06-24,310.71,312.5,302.1,303.81,109350226.0,305.09,495005
2020-06-25,301.53,308.0,300.83,307.37,75717979.0,304.705,343787
2020-06-26,306.48,308.2,299.42,300.15,100998295.0,301.59,444170
2020-06-29,301.22,305.99,298.93,305.47,63155219.0,302.554,276757
2020-06-30,304.0,310.2,303.2,308.28,86669774.0,307.483,346927
2020-07-01,308.74,311.89,306.42,310.33,60264923.0,310.503,267758
2020-07-02,312.0,315.7,309.77,312.8,58511671.0,313.492,260154
2020-07-06,316.61,317.91,315.56,317.73,46701320.0,316.498,203299
2020-07-07,315.6,317.52,313.37,314.17,64715727.0,315.358,271236
2020-07-08,314.61,317.05,312.7,316.85,46622346.0,314.914,204958
2020-07-09,316.18,317.2,310.68,315.16,68942864.0,313.794,300458
2020-07-10,312.64,318.18,311.39,318.1,48895436.0,315.83,207478
2020-07-13,318.93,322.71,314.13,315.6,79383950.0,318.766,344320
2020-07-14,314.91,321.85,312.0,321.04,78857510.0,316.208,382947
2020-07-15,320.68,323.39,319.26,321.85,71346556.0,321.568,326183
2020-07-16,320.12,321.28,318.92,320.41,46759126.0,320.088,228772
2020-07-17,319.66,322.57,319.6,321.9,43271032.0,321.511,209109
2020-07-20,319.92,325.13,319.62,324.4,43267337.0,323.202,192820
2020-07-21,326.0,327.33,323.94,325.69,45491319.0,325.774,218291
2020-07-22,324.5,327.2,322.79,326.11,44073161.0,325.891,204065
2020-07-23,328.15,328.51,321.48,323.45,61430908.0,324.128,295885
2020-07-24,320.67,322.52,319.24,320.2,53126008.0,320.723,273120
2020-07-27,321.52,323.86,320.77,323.7,34739784.0,322.52,165779
2020-07-28,323.4,323.7,320.85,321.8,39424322.0,322.324,187032
2020-07-29,321.93,325.73,320.7,325.14,37244690.0,324.255,173747
2020-07-30,323.0,327.43,319.64,326.84,50359970.0,322.66,255677
2020-07-31,325.69,327.06,321.33,326.44,63994936.0,324.252,300569
2020-08-03,326.46,329.62,325.72,328.83,38652489.0,328.835,177383
2020-08-04,328.11,330.1,327.15,330.0,33465778.0,329.076,156626
2020-08-05,331.85,332.39,330.0,332.0,31193693.0,331.885,150229
2020-08-06,332.25,334.55,330.13,334.16,36565279.0,332.969,175501
2020-08-07,334.02,334.88,332.3,334.53,46741702.0,333.749,222415
2020-08-10,335.06,336.82,332.95,335.27,33789873.0,334.988,169352
2020-08-11,336.91,337.93,332.01,333.37,54577104.0,335.193,251909
2020-08-12,335.4,338.28,333.0,337.11,41906214.0,337.198,197753
2020-08-13,336.98,338.26,335.83,337.62,33175467.0,337.172,165128
2020-08-14,336.19,337.89,335.05,336.6,31031609.0,336.571,153647
2020-08-17,337.44,338.79,336.64,338.63,26198194.0,337.921,117129
2020-08-18,338.0,339.1,336.61,338.92,29495619.0,338.381,127647
2020-08-19,339.13,339.61,336.21,336.27,48960613.0,338.205,207671
2020-08-20,336.54,339.0,335.03,338.97,35751527.0,337.484,161398
2020-08-21,338.35,339.72,335.75,339.65,36538044.0,338.792,163108
2020-08-24,341.2,343.43,340.59,343.39,35624712.0,342.08,156849
2020-08-25,344.57,344.74,342.27,344.55,32410015.0,343.426,141995
2020-08-26,344.4,348.36,344.05,347.77,39936697.0,346.491,182436
2020-08-27,347.56,349.9,346.53,349.26,48454568.0,348.567,225565
2020-08-28,349.26,351.07,348.15,350.98,36851142.0,349.659,167616
2020-08-31,351.71,352.45,348.5,349.69,46612462.0,350.273,206228
2020-09-01,351.27,353.58,349.24,353.57,40662610.0,351.222,185092
2020-09-02,354.51,358.75,353.43,358.43,58187117.0,356.193,277626
2020-09-03,358.08,358.36,342.59,343.27,120428193.0,347.612,585189
2020-09-04,347.0,348.5,334.87,342.0,105363819.0,341.381,519134
2020-09-08,343.44,344.49,329.65,332.3,88776788.0,335.163,410358
2020-09-09,335.45,342.46,332.0,340.9,73085755.0,339.906,324098
2020-09-10,338.36,342.53,332.85,334.82,74901059.0,337.364,346148
2020-09-11,336.17,337.61,331.0,333.91,62875599.0,334.201,335647
2020-09-14,338.1,340.38,336.55,338.65,49379281.0,338.921,223533
2020-09-15,339.24,342.02,339.02,340.28,43229925.0,340.812,190190
2020-09-16,341.36,343.06,338.52,339.22,61014518.0,340.648,265966
2020-09-17,334.42,337.7,332.77,336.02,69326584.0,334.944,332595
2020-09-18,334.51,336.15,327.97,331.26,71564770.0,331.636,333628
2020-09-21,328.14,331.17,321.73,328.1,79751280.0,324.408,386755
2020-09-22,326.64,330.9,325.86,330.16,49964831.0,328.841,236577
2020-09-23,330.9,331.93,321.04,321.7,71022303.0,325.556,316714
2020-09-24,323.0,326.8,319.8,325.35,69024839.0,323.393,334213
2020-09-25,323.8,329.58,320.66,328.06,56532032.0,326.166,273883
2020-09-28,331.17,335.46,329.85,335.37,47878691.0,333.851,214535
2020-09-29,333.94,336.0,331.62,333.55,45762061.0,333.025,193465
2020-09-30,330.55,338.29,329.6,336.1,78687520.0,335.438,323350
2020-10-01,337.66,338.74,334.89,336.77,56210501.0,336.751,285758
2020-10-02,332.89,336.4,330.47,332.64,73362359.0,334.215,348583
2020-10-05,335.19,339.96,335.02,338.84,38687674.0,338.581,183876
2020-10-06,338.75,342.17,333.12,334.62,76077299.0,337.601,359215
2020-10-07,337.35,341.63,335.1,341.42,44638773.0,340.165,195513
2020-10-08,342.7,345.45,341.53,345.26,36814180.0,343.216,174942
2020-10-09,345.0,347.88,343.78,347.25,44344076.0,346.338,205563
2020-10-12,347.97,354.02,346.77,353.04,52797347.0,352.147,232554
2020-10-13,351.21,353.14,349.09,350.77,50250346.0,350.966,240182
2020-10-14,351.6,352.28,347.14,348.37,46939376.0,348.909,223572
2020-10-15,346.34,348.61,343.13,348.3,51946554.0,345.998,248331
2020-10-16,347.55,350.75,346.06,346.21,56348704.0,348.56,210029
2020-10-19,348.6,349.43,341.04,343.88,54972316.0,344.253,261332
2020-10-20,344.1,346.88,341.81,344.39,51945788.0,344.387,261513
2020-10-21,343.93,345.67,340.28,341.34,53978745.0,343.691,272586
2020-10-22,341.94,345.56,340.51,345.1,46279692.0,343.456,237359
2020-10-23,345.42,346.18,343.13,345.55,36533111.0,344.827,190898
2020-10-26,341.55,343.71,335.62,339.29,75617337.0,338.912,350595
2020-10-27,340.42,341.05,335.77,336.55,49513164.0,338.911,258633
2020-10-28,335.27,337.05,326.13,328.22,102696754.0,328.791,487238
2020-10-29,329.16,333.4,325.09,327.65,71185544.0,329.701,359189
2020-10-30,324.41,330.28,322.6,327.3,97040595.0,325.318,470662
2020-11-02,328.52,332.36,326.54,331.58,65973267.0,329.751,372717
2020-11-03,333.61,339.6,331.4,333.89,73913529.0,336.465,346735
2020-11-04,337.8,347.94,333.0,344.44,99146987.0,344.259,497754
2020-11-05,347.87,352.19,345.75,348.9,67634480.0,350.559,348577
2020-11-06,348.07,351.87,345.77,350.96,50735147.0,349.964,276187
2020-11-09,355.0,366.77,353.07,353.89,121639240.0,360.123,668228
2020-11-10,354.42,355.77,350.51,353.52,67332652.0,353.56,354948
2020-11-11,356.48,357.56,354.5,356.58,44858724.0,356.37,213559
2020-11-12,354.7,356.86,351.26,352.7,57897527.0,353.513,283950
2020-11-13,355.1,358.9,353.39,358.4,47990730.0,356.907,234149
2020-11-16,360.58,363.67,357.99,361.76,61323425.0,361.296,271728
2020-11-17,361.05,361.92,358.34,359.87,47339921.0,360.364,234508
2020-11-18,360.17,362.21,355.32,355.87,51702155.0,359.145,238708
2020-11-19,354.84,358.18,354.15,355.24,44102867.0,356.48,206734
2020-11-20,356.68,358.19,354.25,355.0,41028332.0,356.473,193270
2020-11-23,357.74,359.64,354.86,359.16,44165232.0,357.046,204272
2020-11-24,359.86,365.31,359.29,364.78,50184348.0,362.318,225129
2020-11-25,363.26,364.1,361.48,363.18,34243055.0,362.467,155630
2020-11-27,363.6,364.18,362.58,363.65,19635573.0,363.583,85429
2020-11-30,362.18,364.4,359.17,364.33,58810856.0,361.483,264421
2020-12-01,365.25,367.68,361.93,365.22,51256530.0,366.324,250654
2020-12-02,365.22,367.27,364.2,366.5,35336980.0,366.027,166534
2020-12-03,366.28,368.19,365.5,367.28,47956186.0,366.934,214714
2020-12-04,367.5,369.94,366.69,369.22,35687314.0,368.944,163353
2020-12-07,367.56,369.62,367.36,368.28,35701156.0,368.803,168654
2020-12-08,368.28,371.41,366.41,371.0,32969614.0,369.538,140149
2020-12-09,371.25,371.28,365.95,367.5,55505820.0,367.985,256854
2020-12-10,367.1,368.09,364.43,367.09,41456777.0,366.708,201442
2020-12-11,364.75,367.02,362.86,366.1,41139984.0,365.25,196248
2020-12-14,368.0,369.8,364.47,365.61,52493130.0,366.707,222988
2020-12-15,366.51,369.79,364.75,369.08,42377035.0,368.318,188637
2020-12-16,370.26,371.16,368.86,370.33,38144099.0,370.067,180448
2020-12-17,371.59,372.5,370.51,371.78,37016082.0,371.941,160560
2020-12-18,371.2,372.34,367.02,370.28,92306025.0,369.097,305130
2020-12-21,369.18,373.0,358.0,367.12,77514323.0,365.993,354248
2020-12-22,368.05,368.96,364.55,365.22,35225903.0,367.389,179554
2020-12-23,367.82,369.62,366.38,367.76,33592284.0,368.566,156702
2020-12-24,368.36,369.51,367.45,368.98,19011942.0,368.455,87272
2020-12-28,371.16,373.35,371.0,373.14,27437169.0,372.0,124325
2020-12-29,373.86,374.07,370.83,371.33,40893514.0,371.91,182111
2020-12-30,372.72,373.1,371.54,372.27,32990531.0,372.208,137978
2020-12-31,371.36,374.69,371.0,374.39,48794469.0,373.125,189978
2021-01-04,375.64,376.74,364.82,369.34,85741128.0,368.879,385373
2021-01-05,369.1,372.89,366.84,371.41,46472802.0,370.606,212305
2021-01-06,368.66,376.98,368.04,375.0,85759178.0,374.023,373491
2021-01-07,375.77,379.9,373.45,379.88,52986546.0,378.676,232934
2021-01-08,380.2,381.96,377.1,381.6,53950980.0,380.137,247797
2021-01-11,379.47,380.58,377.25,379.74,40359311.0,379.006,193609
2021-01-12,379.29,380.2,376.36,379.01,41550630.0,378.64,200730
2021-01-13,379.26,380.86,377.25,380.7,35345443.0,379.702,175628
2021-01-14,380.81,381.13,378.0,378.25,35942771.0,379.715,170999
2021-01-15,377.4,377.9,373.7,374.52,63374727.0,375.868,271129
2021-01-19,377.7,379.85,375.7,379.31,38215765.0,378.353,176925
2021-01-20,379.63,384.79,379.13,384.57,40110826.0,383.251,179259
2021-01-21,384.7,385.3,383.25,383.78,32831647.0,384.289,145750
2021-01-22,382.59,384.08,380.97,382.74,36396956.0,383.019,154169
2021-01-25,384.16,384.77,378.46,383.75,56517698.0,382.696,281317
2021-01-26,383.65,385.85,382.46,384.21,35521983.0,384.408,170293
2021-01-27,383.25,383.79,370.0,372.26,94888862.0,376.004,449872
2021-01-28,370.6,381.93,370.32,375.99,70378877.0,379.013,327002
2021-01-29,373.96,377.07,368.27,369.45,103894509.0,371.936,472361
2021-02-01,373.19,377.34,370.37,376.39,55745880.0,375.145,262503
2021-02-02,378.89,383.5,378.25,383.34,49466259.0,381.98,218069
2021-02-03,383.17,383.7,380.48,382.34,40883780.0,382.428,183493
2021-02-04,382.7,386.58,381.4,385.97,34591400.0,384.779,150729
2021-02-05,387.06,388.47,386.19,388.19,32861238.0,387.599,142348
2021-02-08,388.63,390.9,388.31,390.5,28626001.0,389.47,129849
2021-02-09,390.28,390.89,389.17,390.68,28164703.0,390.255,130996
2021-02-10,391.5,392.46,387.5,389.23,45544036.0,389.896,225153
2021-02-11,391.04,391.69,388.1,390.45,34355234.0,390.172,168901
2021-02-12,389.3,393.2,389.3,393.1,35242871.0,391.643,152572
2021-02-16,394.4,395.35,391.25,391.47,40981797.0,392.907,193048
2021-02-17,392.39,393.2,389.33,393.09,42159289.0,391.229,197792
2021-02-18,392.16,392.16,387.74,390.45,47622063.0,389.864,206614
2021-02-19,391.08,392.76,389.36,389.7,51498850.0,390.751,212685
2021-02-22,386.38,389.62,386.08,386.71,52159950.0,387.735,217225
2021-02-23,387.27,389.0,380.2,387.1,88608385.0,384.917,435324
2021-02-24,387.46,393.1,385.27,392.63,59243371.0,389.621,305136
2021-02-25,391.9,392.98,380.22,382.13,125992615.0,385.652,718978
2021-02-26,384.1,385.58,378.23,379.71,122046799.0,382.275,675258
2021-03-01,385.0,390.92,380.36,390.05,82559751.0,388.568,373249
2021-03-02,387.5,390.07,386.0,387.78,62642449.0,388.17,330966
2021-03-03,388.78,389.46,379.17,380.91,102208390.0,384.011,566800
2021-03-04,380.79,384.0,371.88,373.95,152791094.0,378.128,912233
2021-03-05,375.16,384.76,372.64,383.95,116567901.0,379.276,644849
2021-03-08,381.26,387.68,379.42,383.33,104609053.0,384.819,632931
2021-03-09,385.17,389.91,384.1,387.01,85950018.0,387.974,421237
2021-03-10,387.51,391.4,385.76,389.39,88173080.0,389.835,515626
2021-03-11,392.0,395.65,391.52,394.02,63766577.0,393.911,315253
2021-03-12,394.5,394.54,390.88,394.05,49068595.0,392.791,250469
2021-03-15,393.86,396.73,392.03,395.92,56413572.0,394.544,294123
2021-03-16,396.72,397.83,395.08,396.25,60502363.0,396.571,310704
2021-03-17,395.96,398.12,393.3,398.01,70447041.0,395.684,393585
2021-03-18,396.09,398.26,390.75,391.86,82295012.0,393.662,430539
2021-03-19,391.8,391.81,387.15,389.1,78897550.0,389.807,408851
2021-03-22,389.75,394.07,388.34,393.24,50787482.0,392.34,256353
2021-03-23,391.78,393.46,388.66,389.43,68977344.0,391.136,346476
2021-03-24,389.5,392.75,387.33,388.11,75168222.0,390.26,405661
2021-03-25,387.7,390.7,383.9,390.3,90484995.0,387.334,486331
2021-03-26,390.74,403.9,390.01,395.63,85300528.0,392.932,414040
2021-03-29,394.03,399.94,392.81,396.19,84205011.0,395.087,441738
2021-03-30,395.5,396.77,393.02,394.63,59502761.0,394.281,303161
2021-03-31,394.22,398.0,393.93,396.64,76984962.0,396.82,344510
2021-04-01,397.73,401.24,396.33,401.16,52829376.0,399.468,258027
2021-04-05,402.12,406.99,401.73,406.74,63215835.0,405.79,289950
2021-04-06,405.5,407.24,405.0,406.73,47977811.0,406.373,217841
2021-04-07,406.73,407.9,405.3,407.64,43451529.0,406.333,210941
2021-04-08,407.98,409.52,406.93,409.52,40550491.0,408.028,193396
2021-04-09,409.12,411.67,407.72,410.68,48713821.0,409.888,215921
2021-04-12,410.66,412.0,410.2,411.67,43015171.0,411.137,212687
2021-04-13,411.76,413.53,409.68,412.64,46839227.0,412.303,210877
2021-04-14,412.94,413.96,410.87,411.82,50129864.0,412.312,261175
2021-04-15,413.19,416.16,412.24,415.82,48738560.0,415.081,246865
2021-04-16,415.46,417.91,415.28,416.75,55297430.0,416.996,242576
2021-04-19,416.87,417.06,413.79,415.72,58155127.0,415.048,297927
2021-04-20,415.66,415.72,410.59,411.8,58757372.0,412.315,310181
2021-04-21,411.8,416.29,411.07,414.94,55556671.0,414.614,241089
2021-04-22,415.61,416.78,411.13,412.59,79353736.0,413.693,420386
2021-04-23,412.68,418.25,412.53,416.25,52358710.0,416.239,247062
2021-04-26,416.8,418.22,416.04,417.95,38014723.0,417.649,189082
2021-04-27,418.06,418.49,416.3,417.64,35030128.0,417.415,186008
2021-04-28,417.52,419.01,416.9,418.47,41682456.0,417.781,222479
2021-04-29,419.76,420.72,416.44,419.35,63045533.0,419.054,324858
2021-04-30,419.5,419.5,416.34,417.33,64141979.0,417.297,326462
2021-05-03,419.2,419.84,417.48,417.61,46264233.0,418.694,252816
2021-05-04,417.2,418.0,411.67,415.58,79510965.0,413.973,430346
2021-05-05,416.8,417.63,414.94,415.68,50917043.0,416.313,268696
2021-05-06,416.4,419.39,413.67,419.12,63062367.0,416.677,349585
2021-05-07,419.13,422.82,419.0,422.42,53235731.0,421.836,292683
2021-05-10,422.26,423.0,416.86,417.96,65449344.0,420.302,341561
2021-05-11,416.0,416.0,410.06,414.25,98074684.0,413.3,562452
2021-05-12,414.0,414.25,404.0,406.14,106113415.0,407.867,584357
2021-05-13,403.96,412.35,402.7,411.0,93452484.0,410.267,514311
2021-05-14,412.13,417.49,412.0,417.44,62403119.0,415.877,310490
2021-05-17,415.34,416.5,413.36,416.23,53600259.0,414.857,304589
2021-05-18,417.07,417.55,410.6,410.6,50117455.0,414.265,275015
2021-05-19,409.6,411.1,405.33,409.81,87044108.0,408.24,508469
2021-05-20,410.48,416.63,408.28,415.83,63394375.0,414.725,341450
2021-05-21,415.85,418.2,414.45,415.44,54767417.0,416.075,320456
2021-05-24,415.9,420.32,415.9,419.81,41052494.0,419.191,214748
2021-05-25,420.26,420.71,417.62,419.11,43579964.0,418.843,255436
2021-05-26,419.33,420.02,417.76,419.0,35761858.0,418.87,200624
2021-05-27,418.11,421.25,417.69,421.12,47525125.0,419.824,268735
2021-05-28,420.95,421.43,419.79,420.04,42758493.0,420.534,227729
2021-06-01,421.48,422.72,418.82,419.29,42197196.0,420.293,238231
2021-06-02,419.35,421.23,419.09,420.63,35638792.0,420.223,199893
2021-06-03,419.63,420.98,416.28,418.37,47089178.0,418.633,264771
2021-06-04,418.91,422.92,418.46,422.62,40357830.0,421.99,208612
2021-06-07,421.85,422.99,421.19,422.28,36386492.0,421.918,195648
2021-06-08,422.07,423.38,420.32,422.38,36663343.0,422.165,199121
2021-06-09,422.35,423.26,421.41,421.85,33543247.0,422.395,174629
2021-06-10,421.78,424.63,420.5,423.51,39732114.0,423.411,213124
2021-06-11,423.54,424.51,422.82,424.41,31793134.0,423.763,159240
2021-06-14,424.65,425.47,423.1,425.1,32667461.0,424.022,169398
2021-06-15,425.97,425.99,423.54,424.44,36973813.0,424.443,191105
2021-06-16,424.22,424.87,419.92,420.35,58385717.0,422.365,343045
2021-06-17,420.26,423.02,419.32,422.31,61083224.0,421.86,291194
2021-06-18,420.6,422.28,413.56,413.6,76302852.0,416.268,363972
2021-06-21,416.0,421.61,412.94,421.21,55537501.0,419.59,300595
2021-06-22,420.74,424.0,420.07,423.23,44425392.0,422.346,232329
2021-06-23,423.32,424.05,422.5,423.11,36718597.0,423.226,185829
2021-06-24,423.84,425.75,423.75,425.4,34806469.0,425.116,184651
2021-06-25,425.3,427.1,425.04,426.88,42813548.0,426.397,221311
2021-06-28,426.8,427.65,425.89,427.2,35927351.0,426.856,179652
2021-06-29,427.53,428.56,427.0,428.25,29360716.0,427.878,150634
2021-06-30,428.06,428.91,426.37,428.85,44998669.0,428.064,198769
2021-07-01,429.65,430.6,428.15,430.38,42372143.0,429.846,201377
2021-07-02,430.54,434.1,430.38,433.28,44568342.0,432.969,198038
2021-07-06,433.38,434.01,430.01,432.18,53026354.0,431.919,247469
2021-07-07,433.27,434.76,431.51,434.48,50155409.0,433.813,252874
2021-07-08,431.09,434.44,427.49,430.26,79108563.0,429.748,430124
2021-07-09,431.3,435.84,431.0,435.65,55864127.0,434.78,266562
2021-07-12,433.95,437.35,433.8,437.18,39652864.0,436.593,201350
2021-07-13,436.66,437.84,434.94,435.01,43257030.0,436.359,226626
2021-07-14,435.12,437.92,434.8,436.23,47290057.0,436.472,234493
2021-07-15,435.8,436.4,432.72,433.77,47100125.0,434.37,257940
2021-07-16,434.8,436.42,430.92,431.28,56912710.0,433.021,288031
2021-07-19,429.28,430.3,421.97,425.75,119298203.0,423.847,662787
2021-07-20,426.74,432.42,424.83,432.0,78178317.0,430.203,398436
2021-07-21,432.86,435.16,431.11,434.96,47057128.0,433.755,230555
2021-07-22,435.04,436.71,433.69,436.5,36390613.0,434.915,199572
2021-07-23,437.22,440.3,436.79,439.26,46550164.0,438.954,246271
2021-07-26,438.65,441.16,437.08,440.73,31372589.0,440.264,170951
2021-07-27,439.38,440.71,435.99,438.74,54568951.0,438.018,300745
2021-07-28,439.0,440.3,437.31,438.93,41093323.0,439.005,241216
2021-07-29,438.93,441.8,438.14,438.2,37335795.0,440.96,182015
2021-07-30,437.18,440.98,436.85,439.04,50977552.0,438.608,272544
2021-08-02,440.6,441.35,437.21,438.17,46198506.0,439.033,256249
2021-08-03,438.25,441.28,436.1,440.4,48221531.0,439.214,261585
2021-08-04,440.56,441.0,438.73,439.33,37327955.0,439.631,213337
2021-08-05,439.8,441.85,439.11,441.31,30657704.0,440.885,154251
2021-08-06,441.41,442.94,441.36,442.37,34809500.0,442.369,174418
2021-08-09,441.67,442.8,441.31,442.1,27352184.0,442.093,139708
2021-08-10,442.15,443.44,441.63,442.4,34107517.0,442.651,162098
2021-08-11,441.95,443.94,441.83,443.57,33636169.0,443.426,172945
2021-08-12,443.66,445.26,442.66,444.9,31354907.0,444.187,156497
2021-08-13,445.37,445.95,445.07,445.45,27802040.0,445.565,134517
2021-08-16,445.2,447.25,442.87,446.74,48740307.0,444.974,259366
2021-08-17,445.51,447.31,440.85,443.0,74073205.0,443.224,387094
2021-08-18,443.45,444.63,437.87,438.81,66865884.0,441.873,326326
2021-08-19,437.88,441.14,434.5,439.12,80850266.0,439.074,451146
2021-08-20,437.57,443.71,437.0,443.63,51311583.0,442.572,265395
2021-08-23,444.02,448.23,443.58,448.0,40653060.0,447.26,193051
2021-08-24,447.98,448.54,447.36,447.79,29582811.0,448.065,148173
2021-08-25,447.98,449.46,447.48,448.9,31649696.0,448.867,153644
2021-08-26,448.16,448.94,446.15,446.32,49597407.0,447.212,279746
2021-08-27,447.6,450.65,446.59,450.39,51692453.0,449.627,250721
2021-08-30,450.48,453.07,450.41,452.35,36230054.0,452.333,177869
2021-08-31,453.17,453.48,450.92,452.44,44336983.0,451.727,209850
2021-09-01,453.47,453.54,451.54,451.98,38764578.0,452.357,203170
2021-09-02,452.23,454.05,450.0,453.13,33529137.0,452.988,179282
2021-09-03,453.91,454.53,451.55,452.75,34854423.0,452.869,180219
2021-09-07,452.0,453.61,450.74,451.11,37908362.0,451.68,196370
2021-09-08,450.5,451.8,448.86,450.41,43908909.0,450.446,238141
2021-09-09,450.3,452.57,448.3,448.79,47756965.0,450.209,248293
2021-09-10,450.38,451.49,445.23,445.34,67583939.0,447.598,346368
2021-09-13,447.0,448.92,444.11,447.22,63891021.0,446.079,354849
2021-09-14,446.84,448.59,443.22,444.72,61045588.0,444.903,319610
2021-09-15,444.61,448.41,443.44,448.18,58442823.0,446.421,308550
2021-09-16,447.97,448.36,444.02,446.51,54847456.0,446.374,297747
2021-09-17,447.02,447.02,440.07,440.91,80578300.0,442.249,441491
2021-09-20,436.91,439.49,428.86,435.05,134136425.0,433.006,715490
2021-09-21,435.0,438.93,432.4,432.56,75863985.0,435.243,428723
2021-09-22,434.02,440.03,433.02,438.6,80553692.0,438.021,459388
2021-09-23,439.02,444.89,438.96,443.52,62052815.0,443.205,333087
2021-09-24,442.69,444.67,440.52,444.21,47645748.0,443.29,255182
2021-09-27,445.02,446.14,441.9,442.33,46725459.0,442.97,262727
2021-09-28,442.0,443.72,432.94,434.89,105323078.0,435.285,579968
2021-09-29,436.7,437.14,433.85,435.62,69093278.0,435.375,371536
2021-09-30,437.02,438.0,428.78,430.05,107413204.0,432.113,546310
2021-10-01,427.22,436.04,425.65,434.88,98730256.0,431.824,521499
2021-10-04,432.99,434.57,426.36,428.79,103354023.0,428.656,568284
2021-10-05,428.43,435.49,428.25,432.4,71594656.0,433.575,374618
2021-10-06,428.92,436.67,426.95,436.12,91616608.0,431.493,477184
2021-10-07,437.01,441.68,436.55,439.58,58804777.0,440.058,319305
2021-10-08,438.66,440.34,434.87,437.35,56762306.0,438.456,303987
2021-10-11,436.5,440.26,433.82,434.4,49514668.0,437.196,260016
2021-10-12,433.47,436.1,431.99,432.4,55098347.0,434.386,285855
2021-10-13,433.52,436.05,431.54,435.86,55868676.0,434.058,301847
2021-10-14,436.65,443.46,436.16,443.2,54069986.0,441.338,273749
2021-10-15,443.57,446.26,442.83,445.87,47639606.0,445.354,237686
2021-10-18,445.1,447.55,443.25,447.29,43341011.0,446.309,215280
2021-10-19,448.14,451.22,447.3,451.06,39351199.0,449.911,207614
2021-10-20,449.11,452.74,449.11,451.59,37593013.0,451.995,203153
2021-10-21,451.33,453.83,450.8,452.54,32444918.0,452.473,170453
2021-10-22,453.19,454.67,451.05,452.3,46614228.0,453.007,260309
2021-10-25,453.04,456.2,452.39,456.16,34282730.0,454.773,185523
2021-10-26,456.92,458.49,455.0,456.46,45141991.0,456.981,249854
2021-10-27,456.77,457.16,453.82,454.85,59861893.0,455.126,234105
2021-10-28,454.53,458.48,454.28,457.0,38476957.0,457.31,196082
2021-10-29,456.6,459.79,455.45,459.7,48142804.0,458.246,254652
2021-11-01,459.92,461.42,458.2,459.84,35400657.0,459.476,198401
2021-11-02,459.84,462.23,459.38,461.42,34934475.0,461.484,175592
2021-11-03,461.4,465.5,460.83,465.46,40598989.0,463.002,213287
2021-11-04,465.13,467.22,464.74,467.19,37675145.0,466.146,197244
2021-11-05,466.6,470.65,466.5,467.79,49716896.0,469.018,269087
2021-11-08,468.05,470.23,467.6,467.77,32373712.0,469.081,179446
2021-11-09,468.62,469.57,465.88,466.48,39622796.0,467.196,232608
2021-11-10,466.51,467.38,462.04,464.31,54037012.0,464.665,304384
2021-11-11,464.66,465.66,463.75,465.0,27818720.0,464.411,149460
2021-11-12,464.6,468.04,464.0,467.6,39607395.0,466.527,194934
2021-11-15,468.05,469.22,466.23,467.57,34475776.0,467.392,201810
2021-11-16,467.0,470.49,466.63,469.35,36074693.0,469.32,183190
2021-11-17,469.48,469.48,467.48,468.37,33450374.0,468.304,176584
2021-11-18,469.25,470.25,466.34,470.1,38308901.0,468.836,199128
2021-11-19,470.53,472.0,468.0,469.17,35798457.0,469.417,195446
2021-11-22,470.03,473.54,466.95,468.11,58546597.0,470.645,332558
2021-11-23,466.66,469.1,464.45,468.05,59596018.0,466.943,329287
2021-11-24,468.02,470.27,465.19,470.22,47462873.0,468.014,250838
2021-11-26,465.0,465.39,456.86,457.1,80224913.0,460.147,445810
2021-11-29,461.01,466.56,457.03,466.12,64265242.0,464.505,310066
2021-11-30,460.2,465.03,455.3,457.4,109513502.0,458.264,591805
2021-12-01,460.0,464.67,449.5,451.98,104749511.0,457.736,529316
2021-12-02,453.1,459.07,450.24,456.23,99820422.0,456.051,524134
2021-12-03,456.27,460.3,448.92,453.53,106533114.0,452.664,617991
2021-12-06,455.5,460.79,453.0,458.96,74189950.0,458.053,422112
2021-12-07,460.11,469.63,459.75,469.58,75287102.0,467.566,369208
2021-12-08,469.59,470.98,466.83,469.22,46118456.0,468.678,270318
2021-12-09,468.58,469.88,465.9,466.53,45415101.0,467.705,271135
2021-12-10,467.57,471.0,466.33,471.0,54824964.0,469.202,300426
2021-12-13,471.53,472.54,466.1,467.45,60443953.0,467.861,365860
2021-12-14,467.48,468.0,460.25,463.71,65538155.0,462.64,362338
2021-12-15,463.66,471.7,460.74,470.91,83452513.0,465.919,435093
2021-12-16,472.51,474.86,464.8,466.96,82506481.0,468.524,453756
2021-12-17,464.91,465.05,458.06,461.56,88079424.0,461.293,484921
2021-12-20,453.6,460.22,451.14,456.46,80432759.0,453.611,411010
2021-12-21,457.56,463.44,455.32,462.71,53974895.0,460.592,307949
2021-12-22,461.98,468.3,461.68,468.0,44002848.0,465.933,238050
2021-12-23,468.2,472.19,468.2,470.51,39376992.0,470.958,200468
2021-12-27,471.03,477.4,470.6,476.98,41059829.0,475.609,216152
2021-12-28,477.81,478.81,476.06,477.58,31721609.0,477.269,178286
2021-12-29,477.9,478.56,475.92,477.05,35259244.0,477.363,191960
2021-12-30,477.85,479.0,474.1,474.53,37824957.0,477.44,189244
2021-12-31,475.83,476.86,474.67,475.32,42730101.0,475.665,239956
2022-01-03,476.38,478.09,473.85,477.6,49745382.0,476.522,274220
2022-01-04,478.49,479.98,475.58,476.84,49016075.0,477.917,287098
2022-01-05,477.06,477.98,467.41,468.95,74673528.0,472.825,419367
2022-01-06,468.46,470.82,465.43,469.59,65325464.0,468.516,389145
2022-01-07,468.89,469.3,464.65,465.9,59044340.0,466.887,313823
2022-01-10,466.5,467.0,456.59,465.98,86472815.0,460.868,478144
2022-01-11,465.99,470.17,462.05,469.93,58743688.0,466.537,325305
2022-01-12,469.0,473.2,468.91,470.77,52414221.0,471.061,304756
2022-01-13,470.82,472.88,463.44,464.68,68168829.0,467.63,386505
2022-01-14,464.87,465.95,459.9,465.31,76559997.0,462.824,428292
2022-01-18,461.45,462.93,455.31,455.82,80265381.0,457.289,466409
2022-01-19,456.0,459.62,450.88,452.08,79398098.0,455.581,439184
2022-01-20,453.15,458.74,443.16,444.64,101731963.0,452.455,547898
2022-01-21,445.51,448.06,436.45,436.55,137576914.0,442.232,785342
2022-01-24,439.02,441.79,420.76,436.18,179231639.0,430.343,1047747
2022-01-25,434.95,440.17,427.15,433.59,120154517.0,433.112,675071
2022-01-26,436.0,444.04,428.86,432.95,143897894.0,437.189,879499
2022-01-27,432.27,441.59,426.85,433.34,111380050.0,434.664,667172
2022-01-28,432.21,442.74,426.2,442.3,125401721.0,435.241,733677
2022-01-31,442.0,450.28,439.15,448.96,99315296.0,446.576,577497
2022-02-01,450.2,455.16,446.93,455.11,80386195.0,450.813,472874
2022-02-02,455.0,458.12,452.53,452.69,79540187.0,455.943,479437
2022-02-03,453.28,457.7,445.71,451.29,87843383.0,449.546,528645
2022-02-04,450.19,452.78,443.49,448.66,87456923.0,448.484,510852
2022-02-07,448.37,450.99,445.85,448.13,66278549.0,448.594,419334
2022-02-08,448.5,452.2,445.22,451.58,63708388.0,449.242,381094
2022-02-09,453.43,458.02,451.27,456.78,66878376.0,456.509,388444
2022-02-10,456.7,457.89,446.99,447.5,102335749.0,452.515,593737
2022-02-11,446.72,451.61,438.94,440.5,121666778.0,443.983,700798
2022-02-14,440.36,442.0,435.24,439.39,97724576.0,438.848,586913
2022-02-15,443.9,446.3,437.94,444.69,69547329.0,445.067,395684
2022-02-16,446.99,448.06,441.94,445.82,65584937.0,444.852,382345
2022-02-17,445.69,446.03,436.09,437.18,77632605.0,439.549,428641
2022-02-18,439.44,440.0,431.82,432.22,89550336.0,434.986,509097
2022-02-22,430.25,435.5,425.86,432.14,97008039.0,430.588,557445
2022-02-23,433.45,434.16,418.78,418.85,99539507.0,425.871,569571
2022-02-24,415.56,428.76,410.1,425.91,153917967.0,419.353,966488
2022-02-25,423.47,438.4,422.82,437.7,96487275.0,434.696,563039
2022-02-28,430.1,438.2,427.67,436.59,113438962.0,434.258,664947
2022-03-01,436.74,439.56,427.11,431.6,101217075.0,431.225,599229
2022-03-02,429.3,439.56,427.87,437.28,89692429.0,436.63,516440
2022-03-03,437.89,441.54,428.1,429.21,86107077.0,436.901,493488
2022-03-04,431.62,436.1,427.88,431.28,88811259.0,430.671,519102
2022-03-07,425.95,432.43,417.89,419.04,100036012.0,423.665,582840
2022-03-08,420.0,427.21,414.0,417.45,128175496.0,419.831,724578
2022-03-09,421.5,429.51,417.73,427.24,86748003.0,426.654,480609
2022-03-10,424.49,426.87,420.44,425.05,71799367.0,423.664,412543
2022-03-11,425.67,433.22,419.53,419.95,75148927.0,423.999,434537
2022-03-14,422.7,425.05,415.79,417.89,77269140.0,419.137,438825
2022-03-15,415.71,426.84,413.61,425.4,77258252.0,423.277,436871
2022-03-16,429.17,437.2,424.8,436.25,106907522.0,431.71,597174
2022-03-17,436.06,441.15,432.65,438.51,69490313.0,437.774,372417
2022-03-18,438.0,445.67,435.71,445.49,69244588.0,441.715,370509
2022-03-21,443.34,446.46,440.68,443.7,66944779.0,443.76,375144
2022-03-22,444.69,450.58,443.1,450.08,58150554.0,448.818,305674
2022-03-23,449.66,450.3,443.4,444.34,57227115.0,445.924,304063
2022-03-24,445.29,450.79,444.76,450.23,48801708.0,448.038,260191
2022-03-25,450.8,453.01,448.43,452.9,53213844.0,450.934,321318
2022-03-28,451.96,456.2,450.06,455.81,50030139.0,453.236,271637
2022-03-29,456.89,462.07,456.1,461.1,66642832.0,459.855,358755
2022-03-30,460.36,461.9,456.46,458.88,56254645.0,458.95,313719
2022-03-31,459.6,459.98,451.16,453.2,77062238.0,455.0,390578
2022-04-01,453.68,454.57,449.14,453.29,63178775.0,451.743,319779
2022-04-04,452.53,456.93,452.19,456.35,44424857.0,455.331,232158
2022-04-05,457.3,457.83,449.82,451.27,61148767.0,453.275,331200
2022-04-06,451.27,451.55,443.47,445.2,82336662.0,446.06,450822
2022-04-07,445.74,450.69,443.53,449.24,63379462.0,447.089,328660
2022-04-08,450.53,451.0,445.94,447.24,55035260.0,448.251,282574
2022-04-11,446.71,446.92,439.39,439.67,67409141.0,441.807,344530
2022-04-12,438.59,445.75,436.65,439.7,71040544.0,440.939,376432
2022-04-13,440.05,444.11,437.5,443.02,55635698.0,441.516,307248
2022-04-14,443.46,444.74,437.6,437.82,64653487.0,440.199,335237
2022-04-18,436.18,440.21,435.32,440.12,49747653.0,437.812,270745
2022-04-19,438.99,445.8,436.38,443.42,61681052.0,443.231,322955
2022-04-20,443.34,447.57,442.72,446.19,55172794.0,445.643,315148
2022-04-21,447.94,450.01,436.8,436.95,70204608.0,442.772,399200
2022-04-22,438.01,438.34,423.95,424.23,97760412.0,429.707,490762
2022-04-25,422.26,429.0,418.84,428.4,92905593.0,423.814,479856
2022-04-26,426.65,429.25,413.0,416.6,83323404.0,419.967,423448
2022-04-27,419.0,422.92,415.01,420.57,93128597.0,419.106,525029
2022-04-28,423.06,429.64,417.6,423.91,85581695.0,424.558,435710
2022-04-29,425.51,427.0,411.21,413.35,109395117.0,416.7,561832
2022-05-02,413.0,415.92,405.02,414.11,113063136.0,411.007,617715
2022-05-03,415.64,418.93,412.42,416.92,84330524.0,416.162,442723
2022-05-04,417.36,429.66,413.7,428.16,111492110.0,421.389,624202
2022-05-05,427.16,429.09,409.44,414.23,139974840.0,415.114,799517
2022-05-06,412.58,414.8,405.73,410.7,112372911.0,410.28,658899
2022-05-09,406.64,411.35,396.5,399.47,117308997.0,401.257,640624
2022-05-10,400.73,406.08,394.82,398.66,101249950.0,399.898,597993
2022-05-11,400.57,404.54,391.96,393.85,108770973.0,397.439,652836
2022-05-12,392.49,395.8,385.15,393.85,95504626.0,389.917,525365
2022-05-13,396.25,403.18,395.46,401.6,80224477.0,400.262,422926
2022-05-16,399.98,403.97,397.6,400.42,60061549.0,400.574,313940
2022-05-17,402.02,409.1,400.84,408.19,63930701.0,406.137,327008
2022-05-18,406.99,407.68,389.5,389.51,86889468.0,395.151,426021
2022-05-19,388.77,394.14,385.41,390.52,76537800.0,390.255,404055
2022-05-20,389.5,397.03,380.54,390.62,92576112.0,386.557,488465
2022-05-23,394.1,397.9,390.38,394.5,63041946.0,395.189,337945
2022-05-24,392.38,396.05,386.96,395.57,71052294.0,391.187,357479
2022-05-25,394.62,399.45,391.17,396.69,64405399.0,395.9,334792
2022-05-26,398.7,407.04,396.0,405.42,61418418.0,404.591,305139
2022-05-27,405.01,416.8,404.72,416.7,66018893.0,412.615,335522
2022-05-31,413.9,417.05,410.03,414.57,72613205.0,413.345,364294
2022-06-01,413.87,416.24,406.93,408.46,66995067.0,410.663,349304
2022-06-02,410.64,418.6,407.04,418.0,62419610.0,413.256,315885
2022-06-03,416.78,418.2,409.51,410.3,56874602.0,411.406,289689
2022-06-06,414.35,416.61,410.55,411.9,47015030.0,413.19,250646
2022-06-07,410.5,416.22,407.42,414.55,46884813.0,412.962,247739
2022-06-08,414.0,415.82,410.38,411.6,48662778.0,412.651,264553
2022-06-09,411.28,414.2,401.28,402.1,65274214.0,406.687,333641
2022-06-10,400.9,402.35,389.53,390.29,95355125.0,391.929,528116
2022-06-13,382.07,385.44,373.3,376.04,112913984.0,377.212,597281
2022-06-14,379.29,380.3,370.59,375.66,75351461.0,374.236,440880
2022-06-15,375.74,383.9,372.12,381.71,96160862.0,378.317,523826
2022-06-16,371.83,380.59,364.07,367.67,100756186.0,367.217,526968
2022-06-17,367.67,369.51,362.17,366.33,78097403.0,366.413,431615
2022-06-21,372.4,376.53,370.69,374.67,58799976.0,374.896,316613
2022-06-22,368.07,378.72,367.65,372.67,65803281.0,375.274,346052
2022-06-23,372.55,378.83,372.0,376.77,60345123.0,376.152,325281
2022-06-24,380.77,390.08,377.31,389.63,71318047.0,387.081,331520
2022-06-27,392.57,392.94,387.44,389.09,52193418.0,389.076,272001
2022-06-28,389.63,393.16,380.41,381.2,64832818.0,384.901,322018
2022-06-29,380.71,382.27,378.42,380.04,54406305.0,380.383,285282
2022-06-30,377.48,380.66,372.56,377.37,84136296.0,376.814,430187
2022-07-01,374.69,381.7,373.5,381.07,59605724.0,378.157,316647
2022-07-05,381.44,383.3,372.9,380.95,64977931.0,377.206,341143
2022-07-06,382.25,385.87,379.6,383.58,54303550.0,382.489,294617
2022-07-07,384.49,389.83,383.43,388.16,48438774.0,387.977,244384
2022-07-08,387.93,390.64,385.35,388.69,53333664.0,388.584,261637
2022-07-11,385.86,387.06,383.5,384.84,45818760.0,384.749,239469
2022-07-12,381.82,386.16,378.99,380.64,47826283.0,382.636,257538
2022-07-13,380.8,385.71,373.18,376.44,65489032.0,378.72,346847
2022-07-14,376.44,379.56,371.04,379.56,62323138.0,374.946,333564
2022-07-15,378.14,385.37,377.0,385.2,51740193.0,383.727,270386
2022-07-18,388.24,389.45,380.66,383.01,48419068.0,385.265,245605
2022-07-19,382.62,393.38,382.47,393.0,59421936.0,390.129,293648
2022-07-20,393.11,396.26,390.89,394.21,53886708.0,394.238,271911
2022-07-21,394.0,399.03,391.63,397.01,50672511.0,396.045,263203
2022-07-22,397.24,400.16,392.75,394.4,51125888.0,395.908,273727
2022-07-25,394.42,397.5,393.0,394.21,42174723.0,395.019,213581
2022-07-26,394.88,395.23,389.95,394.06,42838323.0,391.739,213256
2022-07-27,394.5,402.88,393.93,400.5,62518351.0,398.672,323006
2022-07-28,401.04,409.72,398.15,408.31,56586565.0,403.681,286974
2022-07-29,408.71,413.03,406.77,411.46,59275855.0,410.846,285154
2022-08-01,411.19,413.41,408.4,410.13,53559228.0,411.026,269592
2022-08-02,408.68,413.0,406.82,408.16,49350369.0,409.674,247168
2022-08-03,408.64,415.68,408.09,413.76,49247153.0,413.482,241542
2022-08-04,414.45,416.1,412.44,414.23,33328017.0,414.055,174086
2022-08-05,414.54,415.08,409.24,412.95,45475118.0,412.191,232612
2022-08-08,414.72,417.62,411.83,414.13,41034605.0,414.544,216096
2022-08-09,413.51,413.91,410.22,411.79,36472858.0,411.304,187340
2022-08-10,411.65,420.2,410.95,420.08,52245815.0,418.831,256901
2022-08-11,421.0,424.95,419.21,420.4,45360008.0,421.746,230912
2022-08-12,422.0,427.21,420.71,427.19,45026412.0,424.747,210587
2022-08-15,425.0,429.41,423.7,428.49,40133696.0,427.617,191213
2022-08-16,428.49,431.73,426.88,429.7,44471145.0,429.329,209566
2022-08-17,428.76,429.87,424.54,425.93,47082435.0,426.767,233067
2022-08-18,425.67,428.61,425.41,427.62,38020047.0,427.195,168538
2022-08-19,426.49,427.15,421.22,421.4,50209237.0,422.792,237001
2022-08-22,419.97,421.13,412.4,414.39,53078420.0,414.374,236884
2022-08-23,414.18,415.42,411.75,412.1,40932617.0,413.114,198754
2022-08-24,411.15,415.12,410.86,413.82,37163900.0,413.419,168122
2022-08-25,417.63,419.56,414.09,418.97,40034951.0,417.13,170999
2022-08-26,419.1,421.02,403.7,403.9,77276197.0,410.43,370347
2022-08-29,403.39,405.84,401.02,403.62,50902408.0,403.427,261900
2022-08-30,404.9,406.73,396.0,398.34,65933809.0,398.839,335205
2022-08-31,398.98,401.24,392.52,393.18,56542566.0,397.341,276045
2022-09-01,392.79,397.67,390.04,396.6,63120407.0,392.914,325519
2022-09-02,395.88,401.56,390.33,392.76,75477916.0,395.672,373368
2022-09-06,394.83,395.98,388.42,390.36,60680810.0,391.193,289502
2022-09-07,391.01,398.59,389.0,397.46,58200026.0,395.337,264531
2022-09-08,397.25,401.02,394.12,400.77,63229917.0,398.261,298633
2022-09-09,402.02,407.51,401.1,406.2,57978810.0,405.694,276556
2022-09-12,406.74,411.94,406.7,411.38,52566149.0,410.313,246848
2022-09-13,412.42,415.02,391.92,393.91,89599737.0,397.55,419937
2022-09-14,394.71,396.2,391.12,395.32,55435988.0,393.865,285063
2022-09-15,395.62,395.96,387.08,387.67,64873950.0,391.835,326220
2022-09-16,385.5,388.0,382.11,387.4,71114133.0,384.324,364369
2022-09-19,382.87,389.81,381.5,389.77,53547114.0,386.102,261656
2022-09-20,388.33,390.18,381.19,384.34,59015920.0,383.932,299565
2022-09-21,383.96,389.31,375.0,375.1,84625163.0,383.329,438703
2022-09-22,378.23,380.32,373.44,375.0,66961122.0,375.325,335341
2022-09-23,372.84,374.14,363.29,368.24,88856484.0,367.059,439013
2022-09-26,367.17,370.21,363.02,365.1,71463429.0,365.889,351032
2022-09-27,369.22,370.4,360.87,363.57,82611574.0,364.735,421284
2022-09-28,361.77,372.3,358.72,370.0,80713329.0,368.077,384092
2022-09-29,366.02,370.85,359.7,364.21,90652897.0,362.567,456170
2022-09-30,366.02,366.75,357.02,357.88,100141445.0,360.704,469432
2022-10-03,358.0,368.55,356.3,367.69,71837763.0,365.052,348649
2022-10-04,372.0,378.26,369.18,377.05,79397164.0,376.308,378704
2022-10-05,375.32,379.46,370.95,378.59,69106421.0,375.259,329819
2022-10-06,377.06,379.4,371.81,372.19,65046974.0,374.902,318846
2022-10-07,372.2,374.47,360.94,361.95,83168317.0,364.638,383719
2022-10-10,361.44,364.43,357.67,360.9,58524524.0,360.805,286283
2022-10-11,357.49,363.03,355.71,358.24,76716311.0,358.747,373132
2022-10-12,359.22,361.19,356.3,357.58,59663996.0,358.056,291028
2022-10-13,357.35,367.51,348.11,365.72,122242060.0,359.787,596586
2022-10-14,366.81,371.2,356.5,356.6,95575211.0,361.161,437487
2022-10-17,360.02,370.02,358.88,369.78,72758791.0,366.497,357735
2022-10-18,373.05,375.45,367.52,374.1,79323796.0,371.246,368105
2022-10-19,371.79,373.9,365.55,367.49,63114667.0,368.544,301355
2022-10-20,367.49,372.67,363.63,364.13,69134289.0,367.829,340514
2022-10-21,364.0,375.6,362.2,375.45,85751814.0,370.384,396191
2022-10-24,373.95,380.06,371.63,378.86,65818147.0,377.382,317798
2022-10-25,378.0,385.25,376.92,381.15,63809170.0,383.022,307046
2022-10-26,382.15,387.58,381.06,383.86,72091682.0,383.641,349067
2022-10-27,382.8,385.0,373.8,377.5,62943080.0,381.314,305584
2022-10-28,376.33,390.28,376.0,390.2,69964623.0,386.062,346420
2022-10-31,388.8,389.45,385.26,386.79,67917772.0,386.619,310831
2022-11-01,388.37,390.73,383.29,384.49,65073341.0,385.578,311242
2022-11-02,385.05,388.63,373.8,374.08,96368189.0,381.275,479346
2022-11-03,375.05,376.35,368.79,370.42,64494164.0,371.949,323339
2022-11-04,371.76,378.87,368.99,376.0,80880455.0,374.32,370379
2022-11-07,375.0,381.11,374.5,380.83,54295456.0,378.422,260056
2022-11-08,379.39,385.12,377.72,381.8,69313796.0,382.046,309611
2022-11-09,382.12,382.44,373.61,374.81,60754148.0,377.014,295638
2022-11-10,374.88,396.0,373.68,395.29,109034774.0,390.961,519657
2022-11-11,398.0,399.35,393.61,398.51,65916176.0,397.005,314189
2022-11-14,398.0,400.18,394.83,395.68,52455308.0,397.586,264724
2022-11-15,397.67,403.54,394.49,396.65,73815760.0,398.888,351656
2022-11-16,398.52,400.03,394.79,396.4,53295578.0,396.044,253915
2022-11-17,396.27,397.12,390.04,394.66,58645313.0,392.653,271451
2022-11-18,394.49,398.09,393.04,396.25,60576597.0,395.369,280335
2022-11-21,394.36,400.0,392.66,395.1,38665552.0,394.483,193861
2022-11-22,394.2,400.27,393.82,399.86,45539011.0,398.317,212076
2022-11-23,400.07,403.25,399.2,403.07,51189984.0,401.604,249319
2022-11-25,402.97,403.38,401.52,402.01,18198859.0,402.315,88817
2022-11-28,400.91,400.91,395.11,396.44,50855593.0,397.426,228838
2022-11-29,397.75,398.14,393.3,395.52,42086335.0,395.197,198201
2022-11-30,395.65,408.7,393.48,408.0,96833917.0,401.989,458369
2022-12-01,407.46,410.0,404.75,406.15,58392516.0,407.367,293296
2022-12-02,407.15,407.86,400.01,405.93,60844068.0,404.76,297084
2022-12-05,406.91,406.91,398.17,400.41,57844846.0,400.989,268982
2022-12-06,400.65,400.72,391.64,394.08,62521282.0,394.643,306333
2022-12-07,395.0,395.64,390.99,392.23,47667960.0,393.415,240054
2022-12-08,393.9,397.36,393.08,395.9,46777057.0,395.814,227980
2022-12-09,397.1,398.7,392.55,392.55,53766423.0,395.309,251134
2022-12-12,393.16,398.98,392.78,398.76,54333945.0,396.622,226134
2022-12-13,398.9,414.1,398.8,402.6,93160812.0,404.138,487363
2022-12-14,402.37,405.5,396.31,400.75,77331370.0,401.127,408817
2022-12-15,396.33,400.07,387.88,389.55,86041842.0,390.305,418682
2022-12-16,383.94,387.9,381.04,382.5,78138929.0,383.286,366528
2022-12-19,383.27,385.39,378.28,380.7,57760597.0,380.561,269617
2022-12-20,379.69,382.4,376.2,382.03,53022343.0,380.623,255771
2022-12-21,382.41,387.41,381.65,386.89,53803749.0,385.723,237598
2022-12-22,386.97,387.49,374.77,379.72,73077833.0,378.934,360173
2022-12-23,381.07,383.06,378.03,383.0,42059429.0,381.457,208789
2022-12-27,384.17,385.71,379.65,381.09,37828910.0,381.735,199344
2022-12-28,382.0,383.39,376.42,377.07,49953551.0,378.812,241589
2022-12-29,377.09,384.35,377.03,382.73,49379941.0,382.912,242005
2022-12-30,381.12,383.29,378.43,383.23,58523524.0,380.875,281391
2023-01-03,384.0,386.83,377.83,380.77,53962027.0,380.886,274415
2023-01-04,382.5,385.88,380.0,383.37,66602009.0,383.272,318016
2023-01-05,383.0,384.92,378.76,380.34,57894016.0,380.086,265353
2023-01-06,380.0,390.0,378.43,387.58,78640395.0,385.841,374516
2023-01-09,388.37,393.7,386.8,387.15,58688657.0,390.506,277317
2023-01-10,387.86,391.15,385.74,391.07,51325629.0,389.072,225129
2023-01-11,390.45,395.85,390.2,395.33,49599642.0,393.649,237806
2023-01-12,395.36,398.78,392.0,397.05,72170766.0,396.303,336127
2023-01-13,396.92,399.1,392.97,398.4,48635768.0,396.73,235907
2023-01-17,397.95,400.23,396.44,396.72,50857838.0,398.198,226285
2023-01-18,398.22,400.12,390.77,390.86,76199327.0,394.664,364023
2023-01-19,390.22,391.19,387.26,389.38,68008513.0,389.16,319988
2023-01-20,389.37,396.29,388.0,396.29,61600878.0,393.038,293493
2023-01-23,389.05,402.65,389.05,400.4,64279354.0,400.026,310079
2023-01-24,400.18,401.81,397.64,398.54,45398307.0,399.884,227620
2023-01-25,398.8,401.08,393.56,400.7,67335788.0,397.537,336099
2023-01-26,401.37,404.92,400.03,403.7,53881516.0,402.77,275510
2023-01-27,403.42,408.16,403.11,405.35,51985154.0,405.849,255259
2023-01-30,402.68,405.13,400.28,401.44,57477960.0,402.105,273099
2023-01-31,399.95,406.53,398.25,405.09,62188661.0,404.182,282241
2023-02-01,405.23,413.67,402.35,412.12,80165972.0,407.864,402070
2023-02-02,413.32,418.31,411.95,414.45,78381449.0,415.54,393513
2023-02-03,413.6,416.97,410.84,411.5,67137879.0,413.603,347703
2023-02-06,410.25,411.29,408.1,410.97,45873611.0,409.908,226900
2023-02-07,410.0,416.49,407.57,414.76,71263146.0,411.985,375192
2023-02-08,414.35,415.7,409.93,411.41,57365186.0,411.64,301696
2023-02-09,413.59,414.92,405.81,407.04,62906039.0,409.79,325192
2023-02-10,407.37,408.44,404.15,408.2,55960553.0,406.935,273666
2023-02-13,408.02,413.09,406.36,412.64,49890198.0,411.589,239967
2023-02-14,412.66,416.67,408.51,411.57,71788661.0,412.057,376039
2023-02-15,410.64,414.5,409.47,414.37,46114665.0,412.077,233553
2023-02-16,414.25,414.81,407.0,407.3,65415042.0,410.292,349787
2023-02-17,405.84,408.35,404.05,407.38,64373995.0,405.898,325084
2023-02-21,403.67,405.65,398.82,399.74,62992009.0,400.699,304498
2023-02-22,399.31,401.13,397.02,399.66,65967579.0,398.946,328368
2023-02-23,400.53,402.2,396.25,400.57,79855648.0,399.604,443717
2023-02-24,399.8,400.48,393.64,396.2,85895370.0,395.438,471210
2023-02-27,397.86,401.29,396.56,398.25,65459102.0,398.732,363017
2023-02-28,397.1,399.3,394.77,394.82,69034016.0,397.502,368023
2023-03-01,397.38,398.08,393.38,394.53,79572427.0,395.105,429458
2023-03-02,392.88,398.69,391.94,397.2,68496208.0,395.383,364229
2023-03-03,397.56,405.0,397.0,404.73,70966226.0,402.211,372005
2023-03-06,404.58,407.45,403.62,404.75,57599357.0,405.546,309269
2023-03-07,405.33,405.73,397.4,398.24,85193898.0,400.124,458657
2023-03-08,398.74,399.71,396.59,398.64,61184712.0,398.221,332726
2023-03-09,398.18,401.48,390.0,390.11,92648403.0,395.465,487590
2023-03-10,389.34,393.8,384.32,387.06,147261412.0,388.358,799563
2023-03-13,391.75,393.25,380.49,385.73,117503603.0,386.042,654728
2023-03-14,386.93,393.45,384.7,391.63,113453098.0,390.666,648935
2023-03-15,391.63,392.59,383.31,388.78,128047265.0,386.737,755259
2023-03-16,390.54,396.52,386.29,396.02,109399516.0,392.967,612802
2023-03-17,395.02,395.98,388.55,391.1,97482362.0,390.794,528887
2023-03-20,387.49,394.17,385.18,393.68,73163585.0,392.532,401610
2023-03-21,394.78,399.41,393.99,398.89,66090546.0,397.494,356395
2023-03-22,397.94,402.49,391.87,392.76,88172547.0,397.701,461658
2023-03-23,395.02,399.29,390.35,393.91,93790769.0,394.778,511134
2023-03-24,394.84,396.55,389.33,396.46,83754750.0,392.939,450825
2023-03-27,397.25,398.92,395.56,397.01,58630990.0,397.035,302119
2023-03-28,396.65,397.9,393.69,396.61,49673355.0,395.204,274966
2023-03-29,398.81,401.6,397.54,400.9,60300479.0,400.226,313100
2023-03-30,402.78,404.35,401.5,404.22,55064633.0,403.305,295729
2023-03-31,403.81,409.85,403.53,409.76,76835466.0,407.484,385100
2023-04-03,409.0,411.37,408.1,410.58,52972340.0,409.999,294928
2023-04-04,410.7,412.75,407.24,409.09,53504610.0,409.132,284362
2023-04-05,408.43,409.04,405.88,407.28,51587882.0,407.251,274973
2023-04-06,407.62,409.48,405.67,408.76,48755429.0,408.023,254586
2023-04-10,409.07,410.19,405.97,410.18,49276079.0,407.928,249117
2023-04-11,409.9,411.18,408.92,409.94,42750894.0,410.05,217968
2023-04-12,409.91,413.75,407.15,407.2,70390450.0,409.745,354905
2023-04-13,409.0,413.84,408.02,413.15,62548736.0,411.851,332322
2023-04-14,413.28,415.09,410.06,413.15,61972253.0,412.19,341246
2023-04-17,413.32,414.29,411.08,413.88,51350148.0,412.599,257278
2023-04-18,414.15,416.06,412.78,413.9,50337861.0,414.088,271969
2023-04-19,413.09,415.08,411.46,412.94,46054568.0,413.621,239782
2023-04-20,411.55,413.7,410.27,411.75,60949613.0,411.927,315023
2023-04-21,411.48,412.68,410.17,412.07,53004873.0,411.718,274216
2023-04-24,410.5,413.07,410.25,412.25,48089774.0,412.051,248917
2023-04-25,410.67,412.27,405.96,407.9,69215457.0,408.096,361218
2023-04-26,407.35,408.38,403.78,405.42,63292296.0,405.665,330274
2023-04-27,406.06,413.57,405.73,411.86,72628858.0,410.31,366695
2023-04-28,411.51,416.31,410.22,416.17,70615363.0,414.39,346436
2023-05-01,416.15,417.62,414.78,415.0,50701639.0,416.21,272170
2023-05-02,415.16,416.1,407.82,411.0,81521853.0,410.553,432741
2023-05-03,411.34,413.87,405.03,406.59,75889316.0,410.679,402812
2023-05-04,408.73,409.06,403.74,406.25,72942410.0,405.4,401697
2023-05-05,406.48,413.72,406.25,412.2,66099731.0,411.517,335745
2023-05-08,412.72,413.6,411.28,412.54,41602501.0,412.504,224128
2023-05-09,412.01,412.44,410.68,411.35,37908743.0,411.293,207953
2023-05-10,410.32,414.91,408.87,413.32,74173985.0,412.016,397321
2023-05-11,414.1,414.55,409.97,412.4,55426166.0,411.446,291064
2023-05-12,413.21,414.27,409.07,410.77,54458553.0,411.059,278356
2023-05-15,413.18,413.5,410.23,412.56,43125770.0,412.093,228413
2023-05-16,412.83,413.17,409.97,410.83,46096679.0,411.39,252914
2023-05-17,410.76,415.86,410.25,414.97,63904486.0,413.866,333670
2023-05-18,415.69,420.65,414.31,419.9,70315229.0,417.313,367670
2023-05-19,419.74,420.87,417.35,418.6,65254307.0,418.926,365403
2023-05-22,418.05,420.39,417.35,419.92,48829668.0,419.061,263545
2023-05-23,418.53,419.53,413.68,414.73,63763040.0,415.817,338384
2023-05-24,413.85,414.87,409.87,412.9,69193766.0,411.148,367910
2023-05-25,412.59,416.16,412.28,413.92,67417490.0,414.164,368653
2023-05-26,413.84,421.0,413.8,420.49,65538958.0,419.181,340606
2023-05-30,421.51,422.99,418.73,420.32,56712219.0,420.486,311565
2023-05-31,419.23,420.31,416.22,418.41,74230923.0,417.738,369712
2023-06-01,418.5,422.92,416.79,422.0,69851704.0,420.519,374481
2023-06-02,422.75,428.74,422.47,428.03,70600795.0,427.063,351968
2023-06-05,427.98,429.67,426.37,426.64,51428245.0,428.011,275097
2023-06-06,427.02,428.58,425.99,428.48,48969460.0,427.558,266690
2023-06-07,427.71,429.62,426.11,426.62,62971472.0,427.304,344433
2023-06-08,426.53,429.6,425.75,428.84,49921510.0,428.264,268972
2023-06-09,428.41,431.99,428.0,430.03,58435495.0,430.344,333584
2023-06-12,431.34,434.24,430.17,433.9,54645899.0,432.07,287535
2023-06-13,434.74,437.33,433.0,436.77,68171212.0,436.242,383970
2023-06-14,437.53,439.07,433.59,437.24,72022471.0,436.624,402112
2023-06-15,437.11,443.9,434.92,441.91,80410267.0,441.009,429211
2023-06-16,440.77,443.25,438.97,439.55,69022814.0,440.882,373061
2023-06-20,438.66,439.46,435.03,437.39,57795031.0,437.038,307834
2023-06-21,437.01,437.64,434.0,435.0,57249473.0,435.457,318019
2023-06-22,434.46,436.89,433.48,436.58,49117975.0,435.388,261003
2023-06-23,434.63,435.4,432.47,432.73,62769602.0,433.59,335329
2023-06-26,432.85,434.61,431.19,432.22,54040543.0,432.52,289637
2023-06-27,432.45,436.81,431.59,435.45,54929285.0,434.874,284534
2023-06-28,435.52,437.44,434.41,436.95,59532410.0,435.694,319168
2023-06-29,436.33,438.39,435.54,438.28,51497987.0,437.266,276642
2023-06-30,438.65,444.3,438.35,442.81,74413524.0,443.109,365773
2023-07-03,443.5,444.1,442.63,443.95,24882414.0,443.535,127122
2023-07-05,442.93,443.89,441.44,442.83,39840764.0,443.228,216305
2023-07-06,441.5,442.0,437.06,439.49,60907254.0,438.815,333994
2023-07-07,439.02,442.64,438.3,438.73,66016115.0,440.076,320306
2023-07-10,437.14,439.9,436.5,439.7,44986700.0,438.931,232893
2023-07-11,439.68,442.97,439.13,442.41,49130519.0,441.262,250705
2023-07-12,443.12,447.48,442.4,446.4,65868071.0,446.138,336355
2023-07-13,447.32,450.38,447.07,449.37,48815283.0,448.864,255177
2023-07-14,449.51,451.36,448.49,449.19,50281384.0,449.885,278417
2023-07-17,449.22,451.93,448.25,450.29,38253504.0,450.508,204996
2023-07-18,450.52,454.86,450.01,454.04,58164363.0,453.245,302773
2023-07-19,454.09,456.43,453.69,454.01,49643592.0,455.485,288337
2023-07-20,454.55,455.1,451.44,452.25,54604824.0,453.273,313383
2023-07-21,453.0,454.75,451.91,451.95,51664490.0,452.986,273849
2023-07-24,453.02,455.04,452.33,454.28,39945744.0,454.049,215459
2023-07-25,454.41,456.74,453.84,455.31,41026112.0,455.471,214269
2023-07-26,455.78,456.99,453.38,455.6,56203286.0,454.951,308974
2023-07-27,457.44,459.55,451.55,452.79,70814339.0,455.486,381497
2023-07-28,454.21,457.78,452.17,457.01,59846153.0,456.634,319804
2023-07-31,456.63,458.16,456.04,457.83,46849524.0,457.147,232817
2023-08-01,457.3,458.15,453.54,455.02,41235192.0,456.344,226700
2023-08-02,452.78,454.8,449.34,450.9,67084276.0,451.114,363268
2023-08-03,447.91,451.14,447.37,449.88,51322840.0,449.146,285326
2023-08-04,450.86,452.9,446.0,446.82,74479457.0,449.205,384643
2023-08-07,448.94,451.06,447.44,450.75,45791608.0,449.603,243295
2023-08-08,449.85,449.96,445.27,448.62,53616761.0,447.135,294797
2023-08-09,449.96,450.63,444.96,446.81,63248733.0,447.012,336537
2023-08-10,448.51,451.7,444.7,446.46,76880790.0,447.689,407014
2023-08-11,446.25,446.71,443.34,445.81,55561144.0,445.238,297997
2023-08-14,447.06,448.83,444.38,448.56,39654115.0,446.748,215271
2023-08-15,446.03,448.92,442.3,443.2,59139117.0,444.036,317401
2023-08-16,443.71,444.33,439.0,439.54,59776739.0,441.677,330637
2023-08-17,440.16,441.5,435.54,436.06,64152029.0,438.498,345034
2023-08-18,435.87,437.57,433.01,436.22,68860361.0,435.514,390344
2023-08-21,437.02,440.11,435.32,438.67,54504004.0,437.971,310094
2023-08-22,440.55,442.06,437.57,438.24,51320650.0,438.874,285988
2023-08-23,439.81,445.79,438.17,445.09,52078156.0,442.099,274246
2023-08-24,445.8,446.6,436.29,437.21,73633075.0,440.151,365485
2023-08-25,437.48,441.3,435.0,439.85,82597000.0,438.698,417630
2023-08-28,437.3,443.4,437.3,442.84,52318301.0,442.069,271799
2023-08-29,442.68,449.66,441.95,449.45,68411053.0,447.367,343116
2023-08-30,449.32,451.67,448.31,451.07,57747327.0,450.666,284700
2023-08-31,451.93,452.96,450.16,450.67,51295753.0,451.417,245303
2023-09-01,451.53,453.67,449.68,450.92,47405890.0,451.3,248346
2023-09-05,449.8,451.06,448.9,449.15,43814205.0,450.005,248591
2023-09-06,448.09,449.12,443.81,446.13,57198787.0,445.957,313760
2023-09-07,445.6,446.07,442.75,445.03,55749057.0,444.455,290539
2023-09-08,445.75,447.11,443.78,445.11,45841664.0,445.754,228390
2023-09-11,446.61,448.77,446.03,448.0,46027603.0,447.805,242714
2023-09-12,447.6,448.53,445.39,446.05,49752447.0,446.713,262334
2023-09-13,446.06,447.71,444.2,447.0,49501627.0,446.567,273911
2023-09-14,447.19,451.08,447.16,450.67,58572710.0,449.79,304354
2023-09-15,445.0,449.93,442.92,443.29,83294116.0,444.544,407421
2023-09-18,444.0,444.97,437.18,443.9,43085105.0,443.677,222413
2023-09-19,444.06,444.56,439.94,442.89,49016053.0,441.831,257849
2023-09-20,442.98,444.45,437.85,437.9,59958767.0,441.654,303366
2023-09-21,437.73,437.85,430.81,431.12,80468123.0,433.468,398956
2023-09-22,432.46,434.1,429.99,430.6,76680914.0,431.901,395265
2023-09-25,431.88,432.64,428.23,432.1,55771354.0,430.867,282743
2023-09-26,430.21,431.03,425.02,426.55,74413016.0,426.98,368974
2023-09-27,428.0,428.1,422.29,426.66,82029021.0,425.392,413484
2023-09-28,426.28,430.25,424.87,428.67,73011722.0,427.989,373707
2023-09-29,429.71,432.0,425.91,427.43,91832207.0,428.604,459471
2023-10-02,429.0,430.19,424.46,427.4,72291531.0,426.306,389395
2023-10-03,427.46,428.46,420.18,421.57,87448637.0,422.168,450878
2023-10-04,420.33,425.43,418.81,424.19,73927639.0,423.116,411507
2023-10-05,424.06,425.45,421.17,423.96,57457999.0,423.492,318110
2023-10-06,424.65,431.13,419.7,430.15,92744080.0,426.961,480260
2023-10-09,426.08,432.88,425.5,432.26,61009324.0,430.179,318598
2023-10-10,432.64,437.22,432.02,434.65,65130624.0,435.085,346641
2023-10-11,434.86,437.36,433.18,437.35,52225548.0,435.151,261242
2023-10-12,437.5,438.6,431.23,433.97,68894722.0,434.45,368673
2023-10-13,434.48,436.45,429.88,430.45,74561109.0,432.3,409064
2023-10-16,432.09,437.14,431.3,436.03,62534615.0,435.84,320476
2023-10-17,436.02,438.14,432.45,435.06,64350807.0,435.351,353641
2023-10-18,435.18,435.6,429.09,430.4,78365758.0,432.037,426923
2023-10-19,429.0,432.82,425.32,425.75,102652709.0,428.956,573681
2023-10-20,425.78,426.73,420.6,420.6,88676607.0,423.082,454452
2023-10-23,420.42,424.45,417.8,421.81,75948233.0,421.443,415780
2023-10-24,421.88,425.5,420.74,423.24,64139344.0,423.145,357805
2023-10-25,422.24,422.95,415.27,415.72,77813445.0,418.895,449673
2023-10-26,414.88,417.33,411.6,414.83,94136130.0,414.085,522398
2023-10-27,414.5,415.4,409.21,410.35,84690644.0,411.545,493177
2023-10-30,412.42,416.68,412.22,415.18,68995633.0,414.721,384516
2023-10-31,414.7,418.53,413.83,417.28,64789304.0,416.93,336355
2023-11-01,417.5,423.63,416.24,423.63,80249390.0,421.042,444619
2023-11-02,423.94,431.04,423.52,429.91,72841526.0,429.237,373168
2023-11-03,430.35,436.29,429.84,435.29,74111091.0,434.746,377566
2023-11-06,435.02,436.15,433.68,434.75,53409293.0,435.062,280505
2023-11-07,434.96,437.59,433.94,436.71,50751825.0,436.597,282317
2023-11-08,436.64,438.09,434.87,436.63,49409658.0,436.821,261685
2023-11-09,437.58,438.8,433.07,433.64,65464112.0,435.551,362245
2023-11-10,434.51,441.09,433.31,440.2,68339804.0,438.32,345774
2023-11-13,439.4,441.33,438.42,440.39,39361159.0,440.013,215024
2023-11-14,440.5,450.06,439.92,449.26,75884219.0,448.379,371984
2023-11-15,450.66,451.76,448.8,449.55,61142218.0,450.073,315670
2023-11-16,449.69,450.85,448.12,450.54,52154684.0,449.458,287490
2023-11-17,451.12,451.94,449.29,450.36,46612602.0,450.463,244000
2023-11-20,450.62,455.13,450.12,454.43,53598026.0,453.467,268332
2023-11-21,454.4,454.51,451.88,452.98,40128866.0,452.968,209591
2023-11-22,453.27,456.38,453.0,454.85,48185130.0,455.076,261498
2023-11-24,455.18,455.79,454.73,455.4,16972181.0,455.086,88041
2023-11-27,454.62,455.5,453.77,454.7,37176481.0,454.772,210069
2023-11-28,454.12,456.27,453.3,455.29,48032099.0,454.742,258649
2023-11-29,455.89,458.32,454.2,454.93,48610620.0,455.923,258990
2023-11-30,455.09,456.76,453.34,456.18,61459861.0,455.129,294308
2023-12-01,456.2,459.9,455.16,459.82,66327836.0,457.999,349506
2023-12-04,458.06,459.0,454.34,455.82,57704160.0,455.922,301121
2023-12-05,455.63,457.59,454.62,457.47,52215096.0,456.262,285448
2023-12-06,457.62,458.94,454.31,454.51,52388089.0,456.153,274987
2023-12-07,454.47,458.9,454.2,458.05,51550621.0,457.778,271503
2023-12-08,458.02,460.75,455.63,460.59,59658392.0,459.38,321138
2023-12-11,459.82,462.42,456.99,462.3,49064479.0,460.984,254478
2023-12-12,462.98,464.77,460.6,464.72,47404322.0,462.934,249182
2023-12-13,464.88,473.38,464.1,472.03,72666475.0,467.732,395419
2023-12-14,472.05,473.73,469.25,471.67,81584476.0,471.897,405931
2023-12-15,471.18,472.58,468.44,470.1,78686451.0,469.627,368635
2023-12-18,470.61,472.98,470.01,471.79,55092461.0,472.018,237555
2023-12-19,472.43,474.92,472.13,474.67,43934019.0,474.06,211020
2023-12-20,474.89,475.9,467.36,468.73,77458308.0,471.409,379297
2023-12-21,470.7,473.04,468.26,472.38,68928978.0,471.36,329796
2023-12-22,472.15,475.38,471.7,473.18,49290749.0,473.905,254096
2023-12-26,474.41,476.58,473.83,475.59,34111820.0,475.356,177096
2023-12-27,475.64,476.9,474.89,476.9,44383542.0,475.788,225046
2023-12-28,477.05,477.58,476.26,477.05,38162069.0,476.935,196884
2023-12-29,477.4,477.63,473.3,475.07,74759173.0,475.224,378265
2024-01-02,476.25,476.36,470.49,472.5,78816098.0,472.077,387959
2024-01-03,472.07,472.53,468.17,469.35,72887442.0,469.601,390385
2024-01-04,469.4,470.96,467.05,467.8,58850907.0,468.719,305151
2024-01-05,466.86,470.44,464.61,468.45,63964296.0,468.197,321956
2024-01-08,467.7,474.75,466.13,474.21,59486178.0,472.127,279096
2024-01-09,473.88,474.93,471.35,473.79,48115785.0,473.337,237451
2024-01-10,473.91,477.45,473.23,477.08,50436666.0,475.705,257937
2024-01-11,478.46,478.5,472.26,475.46,62947426.0,475.246,315157
2024-01-12,476.12,478.6,474.17,475.65,47181235.0,476.594,251834
2024-01-16,474.25,476.61,473.06,474.75,62228358.0,474.751,336992
2024-01-17,472.6,474.77,469.87,472.32,55217842.0,471.652,282170
2024-01-18,472.64,477.06,472.04,476.74,64422564.0,474.834,318045
2024-01-19,477.84,482.75,476.49,482.64,71688228.0,480.3,333646
2024-01-22,483.67,485.22,482.78,483.54,54714159.0,483.913,306650
2024-01-23,483.35,485.99,482.89,485.97,37683716.0,484.057,200260
2024-01-24,486.86,488.77,484.41,485.47,64463745.0,486.857,352539
2024-01-25,485.79,488.31,485.39,486.94,56443572.0,487.051,312150
2024-01-26,486.21,489.12,485.71,486.75,51637820.0,487.716,278316
2024-01-29,487.7,491.42,486.94,491.29,45031777.0,489.255,231696
2024-01-30,491.15,491.62,488.15,489.21,46164230.0,490.841,241059
2024-01-31,489.15,489.81,482.69,484.02,92032719.0,485.594,467322
2024-02-01,484.71,492.61,483.7,491.74,69712543.0,486.889,377492
2024-02-02,491.95,496.05,488.95,493.61,75758853.0,493.295,383538
2024-02-05,493.65,494.17,490.23,492.57,54074879.0,492.621,295079
2024-02-06,492.99,494.32,492.03,493.82,43338569.0,493.037,256430
2024-02-07,493.98,498.53,493.5,497.76,51848432.0,497.428,290029
2024-02-08,497.98,498.71,497.2,498.06,41220921.0,498.042,222571
2024-02-09,498.96,501.65,498.28,501.0,47719604.0,500.349,259458
2024-02-12,500.98,503.5,500.02,500.2,41140941.0,501.635,220035
2024-02-13,499.54,500.93,490.71,494.27,87540158.0,493.695,437878
2024-02-14,495.0,499.33,494.37,498.65,54910265.0,496.892,296549
2024-02-15,499.7,502.5,498.79,501.61,48434628.0,500.827,269790
2024-02-16,502.41,503.3,498.29,498.35,51529307.0,500.883,287451
2024-02-20,498.33,499.51,494.45,496.06,55727523.0,496.165,309702
2024-02-21,495.33,501.16,493.56,500.9,44360617.0,495.68,255328
2024-02-22,503.12,508.49,501.1,507.34,61794356.0,506.218,335317
2024-02-23,507.47,510.13,507.01,507.05,47211595.0,508.508,243324
2024-02-26,507.32,508.75,505.26,505.74,37941952.0,507.104,204283
2024-02-27,506.0,507.31,504.75,506.7,35998995.0,506.201,185895
2024-02-28,505.78,506.98,504.5,505.77,40946133.0,505.933,211001
2024-02-29,505.2,509.74,504.5,508.58,60806403.0,508.022,285599
2024-03-01,509.0,513.29,507.39,512.01,50961398.0,511.551,276775
2024-03-04,512.74,514.2,511.41,511.59,38553881.0,512.733,215961
2024-03-05,510.73,511.4,504.91,506.97,56573469.0,507.486,302639
2024-03-06,508.58,512.07,507.51,508.93,54798813.0,510.109,313095
2024-03-07,508.7,515.89,508.0,514.91,46167601.0,514.448,269099
2024-03-08,515.75,518.23,511.13,511.64,66390854.0,514.194,386603
2024-03-11,511.3,512.69,508.5,512.69,44997686.0,510.529,259259
2024-03-12,513.39,517.38,510.1,517.01,56987316.0,515.149,303948
2024-03-13,517.36,517.49,514.49,516.55,40211917.0,516.295,231612
2024-03-14,517.0,518.32,511.82,514.25,73771132.0,514.309,398737
2024-03-15,512.65,514.55,508.36,509.79,63859131.0,509.951,358537
2024-03-18,511.41,515.48,509.83,512.47,56285908.0,513.797,294300
2024-03-19,512.45,516.0,510.29,515.45,45596048.0,514.009,250898
2024-03-20,515.52,522.05,515.04,521.88,52191084.0,517.942,285337
2024-03-21,523.48,524.11,521.91,522.85,44137375.0,523.086,243625
2024-03-22,522.22,523.09,520.75,520.75,52172231.0,521.79,236213
2024-03-25,520.85,521.38,519.39,520.47,36087681.0,520.272,198389
2024-03-26,520.98,522.25,518.36,519.71,42755464.0,520.017,212803
2024-03-27,520.32,523.54,519.48,522.43,53612983.0,521.352,279060
2024-03-28,522.82,524.61,522.41,522.95,52592929.0,523.546,264708
2024-04-01,525.57,526.09,520.97,521.67,37224738.0,522.403,184164
2024-04-02,521.79,522.4,516.48,518.72,52654785.0,517.966,285976
2024-04-03,517.82,521.24,517.39,520.7,45161267.0,519.714,248068
2024-04-04,520.61,523.87,512.56,513.38,74523109.0,517.817,416403
2024-04-05,514.42,520.44,512.51,518.51,59940058.0,517.672,350143
2024-04-08,518.83,520.18,517.09,518.81,36724395.0,518.945,213708
2024-04-09,518.32,520.75,514.35,519.55,47683943.0,517.51,266379
2024-04-10,519.99,521.35,511.27,513.21,65951587.0,513.882,378296
2024-04-11,514.2,519.48,511.48,518.25,55686018.0,516.327,293196
2024-04-12,518.51,518.62,509.08,509.98,71321688.0,511.813,381528
2024-04-15,513.63,515.33,503.58,504.49,72549653.0,508.53,407659
2024-04-16,504.4,506.5,502.21,504.91,61266013.0,504.17,331957
2024-04-17,504.15,506.32,499.12,501.06,60338683.0,502.088,343103
2024-04-18,502.68,504.13,498.38,498.68,54525744.0,500.773,298545
2024-04-19,497.0,500.46,493.86,494.71,72410725.0,496.642,392210
2024-04-22,496.7,502.38,495.43,499.35,56428142.0,498.925,299276
2024-04-23,499.8,507.0,499.22,506.43,48385623.0,504.698,264734
2024-04-24,506.74,507.6,501.63,502.45,43201615.0,505.267,233125
2024-04-25,502.45,508.5,497.49,507.09,54156237.0,501.315,307043
2024-04-26,507.33,509.88,505.7,508.69,47202122.0,508.477,241225
2024-04-29,509.67,510.75,507.25,509.83,35056006.0,509.564,194620
2024-04-30,509.71,510.0,500.15,501.3,56611046.0,505.368,281282
2024-05-01,500.76,508.19,499.48,502.29,65053007.0,502.661,358062
2024-05-02,503.42,507.53,499.55,506.49,52080545.0,503.46,269410
2024-05-03,506.25,512.56,505.86,512.32,56652611.0,510.75,291043
2024-05-06,511.93,516.63,511.68,516.45,35394429.0,514.919,187391
2024-05-07,516.35,518.57,516.2,517.32,40012797.0,517.51,196716
2024-05-08,517.37,517.74,514.97,516.99,32804827.0,516.893,165501
2024-05-09,516.49,520.78,515.85,520.56,36741621.0,519.141,186902
2024-05-10,521.0,522.64,519.59,519.92,38516260.0,520.938,193288
2024-05-13,521.2,522.73,519.74,520.79,29031719.0,521.083,156729
2024-05-14,521.03,523.83,518.18,523.6,40387386.0,522.36,201808
2024-05-15,523.5,530.31,523.12,530.18,46809490.0,528.107,239954
2024-05-16,530.8,531.53,528.24,528.71,37868236.0,529.913,191866
2024-05-17,528.8,529.71,527.32,529.6,35018116.0,528.811,171107
2024-05-20,529.82,531.57,529.17,529.9,27339013.0,530.355,126274
2024-05-21,530.12,531.52,529.07,531.4,22759263.0,530.503,109401
2024-05-22,531.11,531.54,527.6,531.0,33415317.0,529.65,148396
2024-05-23,532.0,534.0,524.72,526.1,42637996.0,528.035,186964
2024-05-24,526.64,530.27,526.16,529.38,28929256.0,528.986,136164
2024-05-28,530.28,531.24,527.11,529.27,26671923.0,529.295,124106
2024-05-29,527.7,529.0,523.77,524.12,31618159.0,526.302,145238
2024-05-30,523.5,525.2,521.33,521.82,32453949.0,523.515,153208
2024-05-31,521.98,528.36,518.36,528.22,61679136.0,523.605,251844
2024-06-03,527.42,529.31,522.6,527.53,35380728.0,526.65,166976
2024-06-04,526.81,529.17,524.27,529.1,28113467.0,527.086,136719
2024-06-05,528.91,535.19,528.72,534.98,34051444.0,532.504,173306
2024-06-06,534.67,535.42,532.68,534.49,23949297.0,534.353,117017
2024-06-07,535.0,536.89,531.3,533.35,30256367.0,534.483,138303
2024-06-10,533.49,535.99,532.5,535.15,28090658.0,534.739,133151
2024-06-11,535.92,537.21,532.05,537.03,26745518.0,535.061,132696
2024-06-12,537.26,544.12,536.95,542.23,44575623.0,542.146,207879
2024-06-13,542.55,544.03,539.59,542.5,28874480.0,541.945,133777
2024-06-14,542.53,543.16,538.87,542.85,29581003.0,541.64,132233
2024-06-17,542.55,548.53,541.6,547.54,35191683.0,545.907,164857
2024-06-18,546.88,548.98,546.61,548.8,24907412.0,547.887,115578
2024-06-20,550.12,551.12,545.18,547.17,38511576.0,547.566,195394
2024-06-21,544.93,546.09,543.02,544.36,37896749.0,544.458,157443
2024-06-24,545.12,546.95,542.21,543.08,31472621.0,544.334,147028
2024-06-25,542.69,545.2,542.44,544.69,25279611.0,544.156,112454
2024-06-26,546.19,546.55,543.03,543.98,25185309.0,544.684,124591
2024-06-27,544.7,547.19,543.92,547.08,24002038.0,545.795,125630
2024-06-28,547.78,550.28,542.95,545.12,49292440.0,546.062,236798
2024-07-01,544.85,546.02,542.52,544.9,29596020.0,544.762,142494
2024-07-02,543.98,549.01,542.44,548.26,26000782.0,546.908,124247
2024-07-03,548.71,551.83,548.27,551.14,21148098.0,550.397,99026
2024-07-05,551.95,555.05,551.0,554.12,27527446.0,553.627,127143
2024-07-08,553.85,556.45,553.75,556.4,22782694.0,555.165,102128
2024-07-09,556.34,557.18,555.52,556.01,20121505.0,556.165,102024
2024-07-10,556.27,561.67,555.95,561.05,26957618.0,559.419,122443
2024-07-11,561.1,563.52,555.83,556.43,39122049.0,558.077,175366
2024-07-12,557.09,563.67,555.19,559.77,37555599.0,560.664,164993
2024-07-15,560.93,564.84,559.63,562.22,30691513.0,562.076,141625
2024-07-16,561.5,565.39,560.51,564.4,26225809.0,563.695,122754
2024-07-17,562.5,564.18,556.42,558.08,37364537.0,558.072,173033
2024-07-18,558.27,559.52,550.43,553.6,42747502.0,554.102,193286
2024-07-19,551.62,554.33,547.91,549.05,37231617.0,549.922,170974
2024-07-22,550.51,555.27,550.17,554.28,30322921.0,553.616,134477
2024-07-23,553.02,556.74,551.25,551.34,23566033.0,554.845,100880
2024-07-24,549.9,550.9,540.29,542.46,48176160.0,543.738,214741
2024-07-25,541.88,547.46,537.45,539.33,48153141.0,541.584,232165
2024-07-26,541.5,547.19,540.6,544.27,40345638.0,544.062,196810
2024-07-29,545.24,547.91,542.72,543.45,26619777.0,545.296,128315
2024-07-30,545.05,547.34,537.97,542.72,34180122.0,542.353,166776
2024-07-31,544.98,553.64,543.9,553.46,49026336.0,550.57,217622
2024-08-01,552.26,554.87,539.43,541.11,56022983.0,544.821,265430
2024-08-02,538.9,539.92,528.6,531.25,61617227.0,531.975,307994
2024-08-05,523.78,524.5,507.83,522.92,109874786.0,517.025,536801
2024-08-06,523.91,529.75,517.87,519.94,60947466.0,524.168,287464
2024-08-07,524.05,531.59,514.14,515.95,55238769.0,523.709,260781
2024-08-08,516.59,532.07,516.26,531.59,48303175.0,527.962,241602
2024-08-09,531.69,534.51,528.09,532.99,34969334.0,531.699,166083
2024-08-12,533.5,535.73,530.95,533.28,32140165.0,533.232,159383
2024-08-13,535.12,542.28,533.29,541.94,35439266.0,539.9,163978
2024-08-14,542.04,544.96,540.12,543.73,31780095.0,543.1,149151
2024-08-15,545.37,554.0,543.5,553.55,45151934.0,551.591,205198
2024-08-16,553.87,555.02,550.13,553.9,25692578.0,553.47,118046
2024-08-19,554.15,559.64,553.24,559.31,28229758.0,557.3,131503
2024-08-20,560.0,560.84,557.32,558.54,25159501.0,558.858,119242
2024-08-21,559.0,562.11,557.99,561.17,28397066.0,560.219,134972
2024-08-22,561.01,563.18,554.98,557.17,35182035.0,558.006,168182
2024-08-23,558.13,563.09,557.29,562.29,37368150.0,560.894,192609
2024-08-26,562.13,563.91,559.05,560.29,25648189.0,561.117,126330
2024-08-27,561.03,562.06,558.32,560.76,22506720.0,560.972,113099
2024-08-28,561.19,562.25,553.38,554.46,28329452.0,558.251,135706
2024-08-29,557.22,563.68,556.38,558.86,29649473.0,560.286,152468
2024-08-30,560.76,564.2,557.14,563.45,44486243.0,561.644,180378
2024-09-03,563.5,564.22,549.51,551.0,41999054.0,554.544,209339
2024-09-04,550.13,554.43,548.66,550.28,35638294.0,551.478,163759
2024-09-05,551.94,553.8,547.1,549.05,33997566.0,549.846,168133
2024-09-06,547.0,551.6,537.86,538.8,50957593.0,542.67,247860
2024-09-09,542.72,547.71,541.97,547.13,30108278.0,545.538,151054
2024-09-10,547.08,549.15,543.38,548.3,29656489.0,547.213,142418
2024-09-11,546.52,555.36,539.96,554.31,51716515.0,548.1,252267
2024-09-12,554.87,559.54,552.74,559.24,35311611.0,557.058,178232
2024-09-13,559.38,563.03,559.23,561.65,28011360.0,561.666,136990
2024-09-16,562.21,563.11,559.9,562.44,24116900.0,561.79,118182
2024-09-17,563.3,566.58,560.79,563.46,32937176.0,563.582,156166
2024-09-18,563.27,568.69,560.83,565.0,41317598.0,563.657,215290
2024-09-19,567.22,572.88,566.22,570.25,45933574.0,570.923,214492
2024-09-20,568.99,569.31,565.17,568.15,40440661.0,567.59,179335
2024-09-23,569.19,570.34,567.0,569.3,25824810.0,569.328,112791
2024-09-24,570.22,571.41,567.6,571.22,32366640.0,570.281,136133
2024-09-25,570.4,571.89,568.91,570.94,27505490.0,570.388,134176
2024-09-26,573.72,575.0,569.9,572.4,29574204.0,572.348,153913
2024-09-27,571.44,574.22,570.42,570.67,26726679.0,572.266,127995
2024-09-30,571.5,574.38,568.08,573.24,39941211.0,571.986,180079
2024-10-01,573.5,574.38,566.0,567.76,53293643.0,568.691,280894
2024-10-02,567.59,570.1,565.27,569.75,25313157.0,568.446,132037
2024-10-03,567.78,569.81,565.49,567.8,29784869.0,567.373,141710
2024-10-04,568.73,573.36,567.55,572.31,32910062.0,571.087,157613
2024-10-07,571.78,572.55,565.8,567.7,31868905.0,569.207,151643
2024-10-08,568.09,573.78,567.07,572.68,27306367.0,571.928,133744
2024-10-09,571.8,577.71,571.52,577.0,27952973.0,575.932,126850
2024-10-10,576.37,577.58,574.49,576.77,28755074.0,575.94,134778
2024-10-11,575.68,580.33,575.27,578.61,26962406.0,579.058,126210
2024-10-14,579.34,585.27,579.2,584.71,24789299.0,583.601,109452
2024-10-15,584.4,584.93,578.54,579.86,32832678.0,581.231,156703
2024-10-16,580.14,582.83,578.96,581.54,21975287.0,581.284,101084
2024-10-17,583.0,586.3,581.07,582.9,24591387.0,583.482,108216
2024-10-18,583.0,585.39,582.48,584.72,19916282.0,584.227,85762
2024-10-21,584.28,584.85,580.6,583.61,23850017.0,582.945,112930
2024-10-22,582.78,584.5,580.05,583.07,23821131.0,582.639,101235
2024-10-23,582.9,583.43,574.41,578.56,35606864.0,578.144,156222
2024-10-24,579.72,581.21,576.57,579.36,25703398.0,578.998,109561
2024-10-25,580.1,584.46,577.55,577.95,32106236.0,580.921,140089
2024-10-28,581.22,582.98,580.49,580.73,22064604.0,581.397,102671
2024-10-29,581.19,583.26,578.43,583.05,24658969.0,581.368,110464
2024-10-30,582.89,583.32,577.8,577.9,27821268.0,580.975,127349
2024-10-31,576.78,580.01,568.44,569.4,41057567.0,571.302,188506
2024-11-01,570.19,575.55,569.37,571.3,30823772.0,572.548,144664
2024-11-04,571.87,573.0,567.89,569.58,23833531.0,570.283,112956
2024-11-05,570.77,579.93,569.93,579.09,26114084.0,575.169,129724
2024-11-06,583.0,591.93,582.5,590.46,49225523.0,589.412,232830
2024-11-07,591.95,596.65,591.26,595.73,31221061.0,594.919,134122
2024-11-08,596.37,599.64,594.72,598.0,30479311.0,597.921,133350
2024-11-11,599.22,601.0,597.0,598.14,24020580.0,598.765,110413
2024-11-12,598.57,599.29,594.37,596.12,26500929.0,597.279,122023
2024-11-13,596.4,599.23,594.96,597.42,30242699.0,597.534,135164
2024-11-14,597.74,598.26,591.7,591.93,27179169.0,594.742,119423
2024-11-15,590.35,592.23,583.86,586.2,37955659.0,586.381,182663
2024-11-18,587.66,589.49,584.79,588.04,23549709.0,587.705,105341
2024-11-19,588.4,591.74,581.9,591.39,28167464.0,588.384,132693
2024-11-20,591.57,592.03,584.63,588.51,30727066.0,588.257,155729
2024-11-21,588.85,595.12,587.23,592.97,32390350.0,592.464,166073
2024-11-22,593.74,596.75,591.06,596.45,24543299.0,595.081,107021
2024-11-25,598.01,600.86,595.2,595.27,30956462.0,597.972,139139
2024-11-26,597.13,601.33,596.73,601.1,29738039.0,600.039,118165
2024-11-27,600.11,602.03,597.28,599.4,22650419.0,599.004,103744
2024-11-29,599.88,603.35,599.34,603.12,19975372.0,602.151,79275
2024-12-02,601.9,604.32,601.1,603.62,22055266.0,603.471,98641
2024-12-03,604.01,604.6,602.34,604.19,18459102.0,603.492,80189
2024-12-04,604.68,607.91,603.91,606.88,25725466.0,606.733,109808
2024-12-05,607.27,608.48,605.76,606.22,20411224.0,607.227,92954
2024-12-06,606.39,609.07,605.74,607.37,20237110.0,607.758,80639
2024-12-09,608.5,608.52,604.08,604.42,23926951.0,605.375,108317
2024-12-10,604.5,605.8,602.13,603.16,22639208.0,603.784,100958
2024-12-11,603.34,608.44,602.8,606.76,20030415.0,607.207,87715
2024-12-12,606.58,607.16,603.91,605.38,21174406.0,605.485,89776
2024-12-13,606.11,607.16,602.81,603.85,22765989.0,604.507,103936
2024-12-16,604.12,607.88,604.12,605.98,26474041.0,606.766,110588
2024-12-17,605.35,606.46,602.87,604.09,33007757.0,604.087,143223
2024-12-18,604.89,606.41,583.16,587.82,68981585.0,594.15,308136
2024-12-19,588.61,593.0,584.14,584.31,53364773.0,588.61,251382
2024-12-20,581.98,595.75,577.74,592.12,73642262.0,590.005,314077
2024-12-23,593.58,595.3,587.66,594.65,36184632.0,592.936,146349
2024-12-24,595.05,602.2,594.5,601.1,19702890.0,599.447,78538
2024-12-26,600.5,602.48,598.08,600.41,25468868.0,601.013,92187
2024-12-27,599.25,600.59,590.76,595.03,40432764.0,594.157,178028
2024-12-30,593.45,593.95,584.41,587.3,31874535.0,588.37,157376
2024-12-31,587.5,590.99,584.42,586.51,39769297.0,586.659,177384
2025-01-02,588.22,592.06,580.5,585.86,36675425.0,585.2,197163
2025-01-03,586.0,592.6,585.4,592.04,28636596.0,590.329,138817
2025-01-06,593.73,599.7,591.89,595.55,30671808.0,596.54,153041
2025-01-07,595.67,597.75,586.78,589.48,37521908.0,590.906,168639
2025-01-08,589.8,590.84,585.19,588.17,29334697.0,588.329,143556
2025-01-10,588.11,589.61,578.55,579.78,48772197.0,581.524,240492
2025-01-13,578.23,583.93,575.04,583.2,33641375.0,578.943,153008
2025-01-14,583.98,585.99,578.35,582.65,34326135.0,581.997,159627
2025-01-15,582.11,594.02,582.11,593.66,38854224.0,591.931,168364
2025-01-16,594.75,595.56,590.35,591.51,24576806.0,592.606,118120
2025-01-17,593.4,599.36,592.2,597.69,31202372.0,597.697,134691
2025-01-21,598.27,604.4,597.98,604.36,27530105.0,601.706,119103
2025-01-22,604.71,607.82,604.12,605.87,26547566.0,606.701,114856
2025-01-23,604.85,609.75,604.67,609.02,26136731.0,607.774,101549
2025-01-24,609.16,610.78,606.8,607.49,21352551.0,608.516,98543
2025-01-27,598.78,602.3,589.75,599.17,44601390.0,597.475,227857
2025-01-28,601.0,605.37,597.25,604.1,28780125.0,602.932,138357
2025-01-29,605.96,605.96,599.22,603.06,25703458.0,602.003,125595
2025-01-30,605.0,606.6,600.71,605.89,28419219.0,604.103,130025
2025-01-31,606.27,609.96,598.81,598.98,44236190.0,604.763,203471
2025-02-03,593.91,602.05,589.5,600.44,49041038.0,596.498,230590
2025-02-04,596.78,602.3,594.49,600.4,25155369.0,600.731,113409
2025-02-05,598.43,605.07,597.66,604.74,21394580.0,602.277,100792
2025-02-06,605.59,606.47,602.63,605.99,24931007.0,605.278,108307
2025-02-07,605.6,608.13,600.05,600.23,33340982.0,602.809,168095
2025-02-10,602.35,605.5,602.25,603.98,18383233.0,604.473,85824
2025-02-11,603.2,605.86,601.91,605.31,19660321.0,604.528,89966
2025-02-12,604.89,605.72,598.23,604.59,28594851.0,602.18,131571
2025-02-13,602.44,609.94,601.65,609.65,30546655.0,607.559,146570
2025-02-14,609.97,611.02,608.62,609.78,18302050.0,610.06,92831
2025-02-18,610.77,612.31,608.38,611.95,19087352.0,610.198,90382
2025-02-19,611.75,613.23,609.56,612.3,19107466.0,611.743,90107
2025-02-20,611.45,612.15,607.02,610.39,23789478.0,609.243,108424
2025-02-21,610.3,611.17,599.47,600.24,41419225.0,603.034,183958
2025-02-24,601.74,603.78,596.49,598.03,35156331.0,599.08,165952
2025-02-25,595.95,598.22,589.56,596.0,38255617.0,593.877,195542
2025-02-26,596.77,600.0,591.85,593.66,30899045.0,595.665,153432
2025-02-27,597.61,598.68,584.65,584.89,48000653.0,590.576,234639
2025-02-28,586.1,594.72,582.44,594.3,59062978.0,588.49,272577
2025-03-03,593.88,597.63,579.9,585.4,53814548.0,587.833,275214
2025-03-04,584.63,586.0,572.25,580.43,69842083.0,577.86,359339
2025-03-05,580.7,584.88,573.07,581.9,51364889.0,579.731,247936
2025-03-06,581.38,583.05,570.12,574.37,55761986.0,574.046,278431
2025-03-07,574.34,578.22,565.63,574.71,59041861.0,572.588,291981
2025-03-10,572.7,574.12,555.59,558.58,64682115.0,562.303,319724
2025-03-11,561.79,564.02,552.02,557.8,61928101.0,557.687,316351
2025-03-12,558.17,567.0,553.69,560.67,50264008.0,559.498,249539
2025-03-13,556.63,559.67,549.68,553.89,51078203.0,553.105,233514
2025-03-14,554.68,563.83,554.23,562.08,41836351.0,560.658,201279
2025-03-17,559.83,569.71,559.18,566.98,35329497.0,566.322,169858
2025-03-18,565.93,567.3,559.06,561.2,43490684.0,561.098,173356
2025-03-19,562.09,570.95,560.13,568.7,46567267.0,566.336,206962
2025-03-20,568.27,570.57,562.5,565.68,39741542.0,566.339,185284
2025-03-21,563.09,565.11,558.03,565.0,43550013.0,562.034,206337
2025-03-24,568.27,575.15,567.35,573.83,40387477.0,573.343,174820
2025-03-25,573.52,576.41,572.91,576.0,27199313.0,574.999,118582
2025-03-26,575.1,576.33,566.03,567.62,35713861.0,570.346,156229
2025-03-27,568.46,570.9,564.94,566.57,32790561.0,568.127,151809
2025-03-28,566.48,567.85,553.7,554.15,50882178.0,558.023,216189
2025-03-31,552.6,560.72,546.87,557.0,61862580.0,555.552,283894
2025-04-01,557.55,563.0,553.68,561.78,38867241.0,559.001,193735
2025-04-02,559.66,570.74,542.2,544.83,56821189.0,560.567,244304
2025-04-03,548.0,550.09,534.91,536.38,86734894.0,541.59,414684
2025-04-04,535.28,537.0,502.19,505.5,154952129.0,513.58,771891
2025-04-07,486.9,523.17,480.0,509.53,198161206.0,500.928,1137222
2025-04-08,510.22,524.98,486.2,490.57,130559290.0,507.171,680200
2025-04-09,490.62,548.62,482.86,545.9,174819913.0,523.094,903586
2025-04-10,540.14,543.01,509.32,522.1,119810959.0,523.567,636721
2025-04-11,525.2,536.43,520.07,534.29,66965238.0,529.345,344842
2025-04-14,540.0,544.48,533.86,536.9,52411374.0,539.707,256547
2025-04-15,539.27,543.23,532.39,533.58,38692186.0,539.293,179112
2025-04-16,530.0,537.44,520.29,525.95,54424876.0,527.381,263658
2025-04-17,531.5,532.31,523.91,527.1,44954600.0,527.726,217964
2025-04-21,522.78,523.05,508.46,516.05,50980969.0,513.064,239186
2025-04-22,518.71,537.83,515.9,536.65,57727638.0,525.545,281661
2025-04-23,536.79,545.43,533.88,536.7,66083501.0,538.978,334291
2025-04-24,533.01,549.33,531.22,548.37,46874451.0,543.747,209501
2025-04-25,549.35,551.77,543.69,551.23,41487034.0,548.357,199865
2025-04-28,548.92,553.55,545.02,551.1,35643070.0,549.661,155723
2025-04-29,552.81,555.45,547.95,552.99,33916452.0,552.954,159530
2025-04-30,553.29,559.74,541.52,559.28,63274328.0,550.26,264300
2025-05-01,560.07,564.07,554.12,557.18,42977815.0,560.763,208792
2025-05-02,560.98,568.38,559.4,566.83,41613118.0,566.305,197788
2025-05-05,563.85,566.65,561.7,562.81,29454534.0,564.297,142883
2025-05-06,560.39,565.06,556.82,563.4,37873585.0,559.944,174086
2025-05-07,562.68,563.82,556.04,561.01,38930772.0,560.106,196677
2025-05-08,556.5,570.31,556.5,564.32,48391514.0,566.492,233323
2025-05-09,565.38,567.99,562.76,565.0,27799916.0,564.805,135693
