date,equity,cash,holdings
2018-02-08,99809.90500000003,4809.905000000028,95000.0
2018-02-09,100797.50703295859,4809.905000000028,95987.60203295856
2018-02-12,101690.00664792856,4809.905000000028,96880.10164792853
2018-02-13,102253.30558524566,4809.905000000028,97443.40058524563
2018-02-14,103431.11245418145,4809.905000000028,98621.20745418142
2018-02-15,104872.2798652395,4809.905000000028,100062.37486523947
2018-02-16,104591.94476320653,104591.94476320653,0
2018-02-20,104591.94476320653,104591.94476320653,0
2018-02-21,104591.94476320653,104591.94476320653,0
2018-02-22,104591.94476320653,104591.94476320653,0
2018-02-23,104591.94476320653,104591.94476320653,0
2018-02-26,104591.94476320653,104591.94476320653,0
2018-02-27,104591.94476320653,104591.94476320653,0
2018-02-28,104591.94476320653,104591.94476320653,0
2018-03-01,104591.94476320653,104591.94476320653,0
2018-03-02,104591.94476320653,104591.94476320653,0
2018-03-05,104591.94476320653,104591.94476320653,0
2018-03-06,104591.94476320653,104591.94476320653,0
2018-03-07,104591.94476320653,104591.94476320653,0
2018-03-08,104591.94476320653,104591.94476320653,0
2018-03-09,104591.94476320653,104591.94476320653,0
2018-03-12,104591.94476320653,104591.94476320653,0
2018-03-13,104591.94476320653,104591.94476320653,0
2018-03-14,104591.94476320653,104591.94476320653,0
2018-03-15,104393.12070580893,5030.773180762742,99362.34752504619
2018-03-16,104115.58231717655,5030.773180762742,99084.80913641381
2018-03-19,102616.15413963025,5030.773180762742,97585.3809588675
2018-03-20,102771.14310990548,5030.773180762742,97740.36992914273
2018-03-21,102619.7585342878,5030.773180762742,97588.98535352506
2018-03-22,99465.91320891996,5030.773180762742,94435.14002815721
2018-03-23,98258.44099863626,5030.773180762742,93227.66781787352
2018-03-26,100666.17662988852,5030.773180762742,95635.40344912578
2018-03-27,99044.19903398506,5030.773180762742,94013.42585322232
2018-03-28,98936.06719425815,5030.773180762742,93905.29401349541
2018-03-29,99700.19886166157,5030.773180762742,94669.42568089883
2018-04-02,97977.29821534634,5030.773180762742,92946.5250345836
2018-04-03,98845.95732781907,5030.773180762742,93815.18414705632
2018-04-04,100392.24263591372,5030.773180762742,95361.46945515097
2018-04-05,99703.80325631915,5030.773180762742,94673.03007555641
2018-04-06,98550.3969658989,5030.773180762742,93519.62378513615
2018-04-09,99148.7264790544,5030.773180762742,94117.95329829166
2018-04-10,100309.34155878975,5030.773180762742,95278.568378027
2018-04-11,100284.11079618681,5030.773180762742,95253.33761542407
2018-04-12,100619.3194993402,5030.773180762742,95588.54631857746
2018-04-13,100666.17662988852,5030.773180762742,95635.40344912578
2018-04-16,101495.18740112807,5030.773180762742,96464.41422036533
2018-04-17,102244.81867893395,102244.81867893395,0
2018-04-18,102244.81867893395,102244.81867893395,0
2018-04-19,102244.81867893395,102244.81867893395,0
2018-04-20,102050.45639086625,4917.878645878998,97132.57774498725
2018-04-23,102054.0928169733,4917.878645878998,97136.2141710943
2018-04-24,100719.52443569178,4917.878645878998,95801.64578981278
2018-04-25,101192.2598296062,4917.878645878998,96274.38118372721
2018-04-26,101977.72786872559,4917.878645878998,97059.84922284659
2018-04-27,101846.81652887235,4917.878645878998,96928.93788299336
2018-04-30,101148.6227163218,4917.878645878998,96230.7440704428
2018-05-01,101439.53680488453,4917.878645878998,96521.65815900553
2018-05-02,100450.42890377126,4917.878645878998,95532.55025789226
2018-05-03,100395.88251216576,4917.878645878998,95478.00386628676
2018-05-04,101777.7244328387,4917.878645878998,96859.8457869597
2018-05-07,101861.36223330048,4917.878645878998,96943.48358742148
2018-05-08,101915.90862490599,4917.878645878998,96998.029979027
2018-05-09,102915.92580434037,4917.878645878998,97998.04715846137
2018-05-10,103803.21377445669,4917.878645878998,98885.33512857769
2018-05-11,104246.85775951482,4917.878645878998,99328.97911363583
2018-05-14,104174.12923737415,4917.878645878998,99256.25059149515
2018-05-15,103334.11480664928,4917.878645878998,98416.23616077028
2018-05-16,103988.67150591542,4917.878645878998,99070.79286003642
2018-05-17,103915.94298377474,4917.878645878998,98998.06433789575
2018-05-18,103555.93679917837,4917.878645878998,98638.05815329937
2018-05-21,104283.22202058518,4917.878645878998,99365.34337470618
2018-05-22,104017.76291477168,4917.878645878998,99099.88426889268
2018-05-23,104210.4934984445,4917.878645878998,99292.6148525655
2018-05-24,104243.2213334078,4917.878645878998,99325.3426875288
2018-05-25,103937.76154041695,4917.878645878998,99019.88289453795
2018-05-29,102774.10518616604,4917.878645878998,97856.22654028704
2018-05-30,103923.2158359888,4917.878645878998,99005.3371901098
2018-05-31,103501.39040757286,4917.878645878998,98583.51176169387
2018-06-01,104541.40827418459,4917.878645878998,99623.5296283056
2018-06-04,104839.59521496139,4917.878645878998,99921.71656908239
2018-06-05,105072.32648581157,4917.878645878998,100154.44783993257
2018-06-06,105821.4302638606,4917.878645878998,100903.5516179816
2018-06-07,105854.1580988239,4917.878645878998,100936.2794529449
2018-06-08,106163.2543179218,4917.878645878998,101245.3756720428
2018-06-11,106326.89349273834,4917.878645878998,101409.01484685934
2018-06-12,106454.16840648453,4917.878645878998,101536.28976060553
2018-06-13,106017.79727364043,4917.878645878998,101099.91862776144
2018-06-14,106268.71067502578,4917.878645878998,101350.83202914678
2018-06-15,105479.6062097994,4917.878645878998,100561.7275639204
2018-06-18,105050.50792916937,4917.878645878998,100132.62928329037
2018-06-19,105155.96428627335,4917.878645878998,100238.08564039435
2018-06-20,105374.14985269541,4917.878645878998,100456.27120681641
2018-06-21,104632.31892686045,4917.878645878998,99714.44028098145
2018-06-22,104737.77528396444,4917.878645878998,99819.89663808544
2018-06-25,103494.11755535878,4917.878645878998,98576.23890947978
2018-06-26,103814.12305277778,4917.878645878998,98896.24440689878
2018-06-27,103101.3835357991,4917.878645878998,98183.5048899201
2018-06-28,103555.93679917837,4917.878645878998,98638.05815329937
2018-06-29,103523.20896421507,4917.878645878998,98605.33031833607
2018-07-02,103795.94092224262,4917.878645878998,98878.06227636362
2018-07-03,103221.38559733122,4917.878645878998,98303.50695145222
2018-07-05,104017.76291477168,4917.878645878998,99099.88426889268
2018-07-06,105075.96291191861,4917.878645878998,100158.08426603962
2018-07-09,106145.07218738663,4917.878645878998,101227.19354150763
2018-07-10,105552.33473194008,4917.878645878998,100634.45608606108
2018-07-11,105686.88249790034,4917.878645878998,100769.00385202134
2018-07-12,106552.35191137444,4917.878645878998,101634.47326549544
2018-07-13,106661.44469458547,4917.878645878998,101743.56604870647
2018-07-16,106406.89486709307,4917.878645878998,101489.01622121407
2018-07-17,107043.26943582404,4917.878645878998,102125.39078994504
2018-07-18,107112.36153185768,4917.878645878998,102194.48288597868
2018-07-19,106777.81033001056,4917.878645878998,101859.93168413156
2018-07-20,106621.44400740809,4917.878645878998,101703.5653615291
2018-07-23,107112.36153185768,4917.878645878998,102194.48288597868
2018-07-24,107210.54503674762,4917.878645878998,102292.66639086862
2018-07-25,107836.01032715746,4917.878645878998,102918.13168127846
2018-07-26,108094.19658075689,4917.878645878998,103176.3179348779
2018-07-27,107217.81788896168,4917.878645878998,102299.93924308268
2018-07-30,106777.81033001056,4917.878645878998,101859.93168413156
2018-07-31,107232.36359338982,4917.878645878998,102314.48494751082
2018-08-01,107108.72510575065,4917.878645878998,102190.84645987165
2018-08-02,107654.18902180577,4917.878645878998,102736.31037592677
2018-08-03,108054.19589357953,4917.878645878998,103136.31724770053
2018-08-06,108428.74778260401,4917.878645878998,103510.86913672501
2018-08-07,108759.66255834413,4917.878645878998,103841.78391246514
2018-08-08,108399.65824287078,108399.65824287078,0
2018-08-09,108399.65824287078,108399.65824287078,0
2018-08-10,108193.59591253402,5213.920581806786,102979.67533072723
2018-08-13,107768.900036126,5213.920581806786,102554.97945431921
2018-08-14,108291.60265324356,5213.920581806786,103077.68207143678
2018-08-15,107551.1072789937,5213.920581806786,102337.18669718692
2018-08-16,108331.53132538447,5213.920581806786,103117.61074357768
2018-08-17,108687.25949536725,5213.920581806786,103473.33891356047
2018-08-20,108854.23394250202,5213.920581806786,103640.31336069523
2018-08-21,108549.32408251679,5213.920581806786,103335.40350071
2018-08-22,108886.15008444588,108886.15008444588,0
2018-08-23,108886.15008444588,108886.15008444588,0
2018-08-24,108886.15008444588,108886.15008444588,0
2018-08-27,108886.15008444588,108886.15008444588,0
2018-08-28,108886.15008444588,108886.15008444588,0
2018-08-29,108886.15008444588,108886.15008444588,0
2018-08-30,108886.15008444588,108886.15008444588,0
2018-08-31,108886.15008444588,108886.15008444588,0
2018-09-04,108886.15008444588,108886.15008444588,0
2018-09-05,108679.16295744287,5237.320377219279,103441.84258022359
2018-09-06,108403.279826319,5237.320377219279,103165.95944909973
2018-09-07,108202.637549138,5237.320377219279,102965.31717191872
2018-09-10,108535.84704517073,5237.320377219279,103298.52666795145
2018-09-11,108901.30262146468,5237.320377219279,103663.9822442454
2018-09-12,108790.23278945377,5237.320377219279,103552.9124122345
2018-09-13,109431.5714968716,5237.320377219279,104194.25111965233
2018-09-14,109470.98337274644,5237.320377219279,104233.66299552716
2018-09-17,108521.51545394352,5237.320377219279,103284.19507672424
2018-09-18,109503.22945300768,5237.320377219279,104265.9090757884
2018-09-19,109707.45462799547,5237.320377219279,104470.13425077619
2018-09-20,110535.10402136708,5237.320377219279,105297.7836441478
2018-09-21,109746.8665038703,5237.320377219279,104509.54612665102
2018-09-24,109556.97292010974,5237.320377219279,104319.65254289046
2018-09-25,109503.22945300768,5237.320377219279,104265.9090757884
2018-09-26,109137.77387671372,5237.320377219279,103900.45349949444
2018-09-27,109438.73729248521,5237.320377219279,104201.41691526593
2018-09-28,109499.64655520087,5237.320377219279,104262.3261779816
2018-10-01,109746.8665038703,5237.320377219279,104509.54612665102
2018-10-02,109721.78621922269,5237.320377219279,104484.46584200341
2018-10-03,109607.13348940498,5237.320377219279,104369.8131121857
2018-10-04,109098.36200083888,5237.320377219279,103861.0416236196
2018-10-05,108464.18908903467,5237.320377219279,103226.86871181539
2018-10-08,108403.279826319,5237.320377219279,103165.95944909973
2018-10-09,108342.37056360334,5237.320377219279,103105.05018638406
2018-10-10,104376.10269147187,5237.320377219279,99138.78231425259
2018-10-11,103695.35210817921,5237.320377219279,98458.03173095993
2018-10-12,104526.58439935763,5237.320377219279,99289.26402213835
2018-10-15,103648.77443669077,5237.320377219279,98411.45405947149
2018-10-16,105880.91977032933,5237.320377219279,100643.59939311005
2018-10-17,105551.29317210343,5237.320377219279,100313.97279488415
2018-10-18,104322.35922436984,5237.320377219279,99085.03884715056
2018-10-19,104200.5406989385,5237.320377219279,98963.22032171921
2018-10-22,103595.03096958871,5237.320377219279,98357.71059236943
2018-10-23,103405.13738582813,5237.320377219279,98167.81700860885
2018-10-24,100431.33220618124,5237.320377219279,95194.01182896196
2018-10-25,100918.6063079065,5237.320377219279,95681.28593068723
2018-10-26,100674.96925704388,5237.320377219279,95437.6488798246
2018-10-29,99736.25003166136,5237.320377219279,94498.92965444208
2018-10-30,101334.2224534957,5237.320377219279,96096.90207627643
2018-10-31,102251.4442920374,5237.320377219279,97014.12391481812
2018-11-01,103014.60152488654,5237.320377219279,97777.28114766727
2018-11-02,102627.64856175178,5237.320377219279,97390.3281845325
2018-11-05,103437.38346608936,5237.320377219279,98200.06308887008
2018-11-06,103767.01006431528,5237.320377219279,98529.689687096
2018-11-07,105981.24090891985,5237.320377219279,100743.92053170057
2018-11-08,105497.37069984405,105497.37069984405,0
2018-11-09,105497.37069984405,105497.37069984405,0
2018-11-12,105497.37069984405,105497.37069984405,0
2018-11-13,105497.37069984405,105497.37069984405,0
2018-11-14,105497.37069984405,105497.37069984405,0
2018-11-15,105497.37069984405,105497.37069984405,0
2018-11-16,105497.37069984405,105497.37069984405,0
2018-11-19,105497.37069984405,105497.37069984405,0
2018-11-20,105296.82547301221,5074.3233081603685,100222.50216485185
2018-11-21,105763.55907009979,5074.3233081603685,100689.23576193942
2018-11-23,104845.27020428522,5074.3233081603685,99770.94689612485
2018-11-26,105926.7260999759,5074.3233081603685,100852.40279181553
2018-11-27,107011.97657775675,5074.3233081603685,101937.65326959638
2018-11-28,109042.07799598317,5074.3233081603685,103967.7546878228
2018-11-29,108898.62539861148,108898.62539861148,0
2018-11-30,108898.62539861148,108898.62539861148,0
2018-12-03,108898.62539861148,108898.62539861148,0
2018-12-04,108898.62539861148,108898.62539861148,0
2018-12-06,108898.62539861148,108898.62539861148,0
2018-12-07,108691.61455666002,5237.920427979116,103453.6941286809
2018-12-10,108774.12291474373,5237.920427979116,103536.20248676461
2018-12-11,109410.61596281809,5237.920427979116,104172.69553483897
2018-12-12,109693.50176196227,5237.920427979116,104455.58133398315
2018-12-13,109096.29840821346,5237.920427979116,103858.37798023435
2018-12-14,107324.33319412987,5237.920427979116,102086.41276615075
2018-12-17,105949.19389273462,5237.920427979116,100711.2734647555
2018-12-18,105316.62981409281,5237.920427979116,100078.7093861137
2018-12-19,104079.00444283709,5237.920427979116,98841.08401485797
2018-12-20,102888.52670477206,5237.920427979116,97650.60627679294
2018-12-21,99670.70073950717,5237.920427979116,94432.78031152805
2018-12-24,96814.33996203761,5237.920427979116,91576.4195340585
2018-12-26,101517.31637280938,5237.920427979116,96279.39594483026
2018-12-27,102680.29132484649,5237.920427979116,97442.37089686737
2018-12-28,102507.41666981395,5237.920427979116,97269.49624183483
2018-12-31,103497.51696681853,5237.920427979116,98259.59653883941
2019-01-02,101971.83790505491,101971.83790505491,0
2019-01-03,101971.83790505491,101971.83790505491,0
2019-01-04,101971.83790505491,101971.83790505491,0
2019-01-07,101971.83790505491,101971.83790505491,0
2019-01-08,101971.83790505491,101971.83790505491,0
2019-01-09,101971.83790505491,101971.83790505491,0
2019-01-10,101971.83790505491,101971.83790505491,0
2019-01-11,101971.83790505491,101971.83790505491,0
2019-01-14,101971.83790505491,101971.83790505491,0
2019-01-15,101971.83790505491,101971.83790505491,0
2019-01-16,101971.83790505491,101971.83790505491,0
2019-01-17,101971.83790505491,101971.83790505491,0
2019-01-18,101971.83790505491,101971.83790505491,0
2019-01-22,101971.83790505491,101971.83790505491,0
2019-01-23,101971.83790505491,101971.83790505491,0
2019-01-24,101971.83790505491,101971.83790505491,0
2019-01-25,101971.83790505491,101971.83790505491,0
2019-01-28,101971.83790505491,101971.83790505491,0
2019-01-29,101971.83790505491,101971.83790505491,0
2019-01-30,101971.83790505491,101971.83790505491,0
2019-01-31,101971.83790505491,101971.83790505491,0
2019-02-01,101971.83790505491,101971.83790505491,0
2019-02-04,101971.83790505491,101971.83790505491,0
2019-02-05,101971.83790505491,101971.83790505491,0
2019-02-06,101971.83790505491,101971.83790505491,0
2019-02-07,101777.99453978932,4904.748529987162,96873.24600980215
2019-02-08,102151.88371016784,4904.748529987162,97247.13518018067
2019-02-11,102381.96935347769,4904.748529987162,97477.22082349053
2019-02-12,103694.1765379792,4904.748529987162,98789.42800799204
2019-02-13,103579.13371632429,4904.748529987162,98674.38518633712
2019-02-14,103069.73618153254,103069.73618153254,0
2019-02-15,103069.73618153254,103069.73618153254,0
2019-02-19,103069.73618153254,103069.73618153254,0
2019-02-20,103069.73618153254,103069.73618153254,0
2019-02-21,103069.73618153254,103069.73618153254,0
2019-02-22,103069.73618153254,103069.73618153254,0
2019-02-25,103069.73618153254,103069.73618153254,0
2019-02-26,103069.73618153254,103069.73618153254,0
2019-02-27,103069.73618153254,103069.73618153254,0
2019-02-28,103069.73618153254,103069.73618153254,0
2019-03-01,103069.73618153254,103069.73618153254,0
2019-03-04,102873.80576653828,4957.556394082363,97916.24937245592
2019-03-05,102712.40728332143,4957.556394082363,97754.85088923907
2019-03-06,102063.30468777534,4957.556394082363,97105.74829369297
2019-03-07,101351.04616401398,4957.556394082363,96393.48976993162
2019-03-08,101449.28871901555,4957.556394082363,96491.73232493318
2019-03-11,102982.57430957574,4957.556394082363,98025.01791549337
2019-03-12,102943.97902011083,4957.556394082363,97986.42262602846
2019-03-13,103807.1100390532,4957.556394082363,98849.55364497083
2019-03-14,103631.67690512181,4957.556394082363,98674.12051103945
2019-03-15,103589.57295297828,4957.556394082363,98632.01655889592
2019-03-18,104140.43299352279,4957.556394082363,99182.87659944042
2019-03-19,103915.87858209063,4957.556394082363,98958.32218800827
2019-03-20,103691.32417065847,4957.556394082363,98733.7677765761
2019-03-21,104880.76081871318,4957.556394082363,99923.20442463082
2019-03-22,102936.96169475358,4957.556394082363,97979.40530067122
2019-03-25,103091.34285261318,4957.556394082363,98133.78645853081
2019-03-26,103543.96033815613,4957.556394082363,98586.40394407377
2019-03-27,102979.06564689711,4957.556394082363,98021.50925281475
2019-03-28,103722.90213476613,4957.556394082363,98765.34574068377
2019-03-29,103907.14993458118,103907.14993458118,0
2019-04-01,103907.14993458118,103907.14993458118,0
2019-04-02,103907.14993458118,103907.14993458118,0
2019-04-03,103907.14993458118,103907.14993458118,0
2019-04-04,103907.14993458118,103907.14993458118,0
2019-04-05,103907.14993458118,103907.14993458118,0
2019-04-08,103907.14993458118,103907.14993458118,0
2019-04-09,103709.62763791306,4997.835200060945,98711.79243785211
2019-04-10,104054.42055095521,104054.42055095521,0
2019-04-11,104054.42055095521,104054.42055095521,0
2019-04-12,104054.42055095521,104054.42055095521,0
2019-04-15,104054.42055095521,104054.42055095521,0
2019-04-16,104054.42055095521,104054.42055095521,0
2019-04-17,104054.42055095521,104054.42055095521,0
2019-04-18,104054.42055095521,104054.42055095521,0
2019-04-22,104054.42055095521,104054.42055095521,0
2019-04-23,104054.42055095521,104054.42055095521,0
2019-04-24,104054.42055095521,104054.42055095521,0
2019-04-25,104054.42055095521,104054.42055095521,0
2019-04-26,104054.42055095521,104054.42055095521,0
2019-04-29,104054.42055095521,104054.42055095521,0
2019-04-30,104054.42055095521,104054.42055095521,0
2019-05-01,104054.42055095521,104054.42055095521,0
2019-05-02,103856.6183002089,5004.918776801453,98851.69952340744
2019-05-03,104864.23592585504,5004.918776801453,99859.31714905359
2019-05-06,103826.08443276507,5004.918776801453,98821.16565596362
2019-05-07,102730.25785672566,5004.918776801453,97725.3390799242
2019-05-08,102618.30034276498,5004.918776801453,97613.38156596353
2019-05-09,102394.3853148436,5004.918776801453,97389.46653804215
2019-05-10,102879.53454200657,5004.918776801453,97874.61576520512
2019-05-13,100036.49221779284,5004.918776801453,95031.57344099139
2019-05-14,101325.6999543098,5004.918776801453,96320.78117750835
2019-05-15,101685.32105975928,5004.918776801453,96680.40228295783
2019-05-16,102720.07990091103,5004.918776801453,97715.16112410958
2019-05-17,102143.3290714166,5004.918776801453,97138.41029461515
2019-05-20,101627.64597680983,5004.918776801453,96622.72720000838
2019-05-21,102241.7159776245,5004.918776801453,97236.79720082304
2019-05-22,101821.02713728737,5004.918776801453,96816.10836048592
2019-05-23,100779.4829922592,5004.918776801453,95774.56421545775
2019-05-24,101003.39802018055,5004.918776801453,95998.4792433791
2019-05-28,100162.02033950633,5004.918776801453,95157.10156270488
2019-05-29,99415.63691310176,5004.918776801453,94410.7181363003
2019-05-30,98886.38321074218,5004.918776801453,93881.46443394072
2019-05-31,98404.62663551742,5004.918776801453,93399.70785871596
2019-06-03,98404.62663551742,5004.918776801453,93399.70785871596
2019-06-04,100470.75166588275,5004.918776801453,95465.8328890813
2019-06-05,100806.6242077648,5004.918776801453,95801.70543096335
2019-06-06,101597.112109366,5004.918776801453,96592.19333256455
2019-06-07,102726.86520478746,5004.918776801453,97721.94642798601
2019-06-10,103011.84796759646,5004.918776801453,98006.92919079501
2019-06-11,102984.70675209085,5004.918776801453,97979.7879752894
2019-06-12,102994.88470790544,5004.918776801453,97989.96593110399
2019-06-13,103208.62178001221,5004.918776801453,98203.70300321076
2019-06-14,103164.51730481557,5004.918776801453,98159.59852801412
2019-06-17,103262.90421102346,5004.918776801453,98257.985434222
2019-06-18,104149.96490677343,104149.96490677343,0
2019-06-19,104149.96490677343,104149.96490677343,0
2019-06-20,104149.96490677343,104149.96490677343,0
2019-06-21,104149.96490677343,104149.96490677343,0
2019-06-24,104149.96490677343,104149.96490677343,0
2019-06-25,104149.96490677343,104149.96490677343,0
2019-06-26,104149.96490677343,104149.96490677343,0
2019-06-27,104149.96490677343,104149.96490677343,0
2019-06-28,103951.98103098392,5009.5143695491715,98942.46666143475
2019-07-01,104203.98242330259,5009.5143695491715,99194.46805375342
2019-07-02,104671.02500373316,5009.5143695491715,99661.51063418399
2019-07-03,105396.78901361089,5009.5143695491715,100387.27464406172
2019-07-05,105185.10784406323,5009.5143695491715,100175.59347451405
2019-07-08,104627.34476239793,5009.5143695491715,99617.83039284876
2019-07-09,104828.94587625285,5009.5143695491715,99819.43150670368
2019-07-10,105346.38873514716,5009.5143695491715,100336.87436559799
2019-07-11,105635.35033167257,5009.5143695491715,100625.8359621234
2019-07-12,105957.91211384046,5009.5143695491715,100948.39774429129
2019-07-15,106119.1930049244,5009.5143695491715,101109.67863537522
2019-07-16,105689.11062870054,5009.5143695491715,100679.59625915137
2019-07-17,104879.3461547166,5009.5143695491715,99869.83178516742
2019-07-18,105537.90979330934,5009.5143695491715,100528.39542376017
2019-07-19,104587.02453962695,5009.5143695491715,99577.51017007777
2019-07-22,105164.94773267773,5009.5143695491715,100155.43336312856
2019-07-23,105732.79087003578,5009.5143695491715,100723.27650048661
2019-07-24,106256.95376605859,5009.5143695491715,101247.43939650942
2019-07-25,105870.55163116999,5009.5143695491715,100861.03726162082
2019-07-26,106061.26673847926,106061.26673847926,0
2019-07-29,106061.26673847926,106061.26673847926,0
2019-07-30,106061.26673847926,106061.26673847926,0
2019-07-31,106061.26673847926,106061.26673847926,0
2019-08-01,106061.26673847926,106061.26673847926,0
2019-08-02,106061.26673847926,106061.26673847926,0
2019-08-05,106061.26673847926,106061.26673847926,0
2019-08-06,106061.26673847926,106061.26673847926,0
2019-08-07,106061.26673847926,106061.26673847926,0
2019-08-08,106061.26673847926,106061.26673847926,0
2019-08-09,106061.26673847926,106061.26673847926,0
2019-08-12,106061.26673847926,106061.26673847926,0
2019-08-13,106061.26673847926,106061.26673847926,0
2019-08-14,106061.26673847926,106061.26673847926,0
2019-08-15,106061.26673847926,106061.26673847926,0
2019-08-16,106061.26673847926,106061.26673847926,0
2019-08-19,106061.26673847926,106061.26673847926,0
2019-08-20,106061.26673847926,106061.26673847926,0
2019-08-21,106061.26673847926,106061.26673847926,0
2019-08-22,106061.26673847926,106061.26673847926,0
2019-08-23,106061.26673847926,106061.26673847926,0
2019-08-26,106061.26673847926,106061.26673847926,0
2019-08-27,106061.26673847926,106061.26673847926,0
2019-08-28,106061.26673847926,106061.26673847926,0
2019-08-29,106061.26673847926,106061.26673847926,0
2019-08-30,106061.26673847926,106061.26673847926,0
2019-09-03,106061.26673847926,106061.26673847926,0
2019-09-04,106061.26673847926,106061.26673847926,0
2019-09-05,106061.26673847926,106061.26673847926,0
2019-09-06,106061.26673847926,106061.26673847926,0
2019-09-09,106061.26673847926,106061.26673847926,0
2019-09-10,106061.26673847926,106061.26673847926,0
2019-09-11,106061.26673847926,106061.26673847926,0
2019-09-12,106061.26673847926,106061.26673847926,0
2019-09-13,106061.26673847926,106061.26673847926,0
2019-09-16,105859.64957347277,5101.446171917472,100758.20340155529
2019-09-17,105966.94616278556,5101.446171917472,100865.49999086809
2019-09-18,105966.94616278556,5101.446171917472,100865.49999086809
2019-09-19,106104.4199178426,5101.446171917472,101002.97374592513
2019-09-20,104773.27160668062,5101.446171917472,99671.82543476314
2019-09-23,105571.28998969459,5101.446171917472,100469.84381777712
2019-09-24,104505.0301333986,5101.446171917472,99403.58396148113
2019-09-25,104857.09706708124,5101.446171917472,99755.65089516377
2019-09-26,104632.44483320756,5101.446171917472,99530.99866129008
2019-09-27,104293.78997318902,5101.446171917472,99192.34380127155
2019-09-30,104813.50782767292,5101.446171917472,99712.06165575545
2019-10-01,103589.65610582376,5101.446171917472,98488.20993390628
2019-10-02,101628.14033244904,5101.446171917472,96526.69416053157
2019-10-03,102362.45136555855,5101.446171917472,97261.00519364107
2019-10-04,103898.13380009805,5101.446171917472,98796.68762818057
2019-10-07,103358.29783511802,5101.446171917472,98256.85166320055
2019-10-08,101846.08652949067,5101.446171917472,96744.6403575732
2019-10-09,102077.44480019642,5101.446171917472,96975.99862827895
2019-10-10,103723.77684246475,5101.446171917472,98622.33067054728
2019-10-11,104635.79785162359,5101.446171917472,99534.35167970612
2019-10-14,104575.44352013514,5101.446171917472,99473.99734821767
2019-10-15,105316.46059007669,5101.446171917472,100215.01441815922
2019-10-16,105105.2204298671,5101.446171917472,100003.77425794963
2019-10-17,105410.3451057254,5101.446171917472,100308.89893380793
2019-10-18,105028.10100629852,5101.446171917472,99926.65483438104
2019-10-21,105705.41072633561,5101.446171917472,100603.96455441814
2019-10-22,105219.22305601195,5101.446171917472,100117.77688409448
2019-10-23,105759.059020992,5101.446171917472,100657.61284907453
2019-10-24,105601.46715543883,5101.446171917472,100500.02098352136
2019-10-25,106312.30705963616,5101.446171917472,101210.86088771869
2019-10-28,106865.5550982803,5101.446171917472,101764.10892636282
2019-10-29,106761.61152738352,5101.446171917472,101660.16535546604
2019-10-30,106996.76021775765,106996.76021775765,0
2019-10-31,106996.76021775765,106996.76021775765,0
2019-11-01,106996.76021775765,106996.76021775765,0
2019-11-04,106996.76021775765,106996.76021775765,0
2019-11-05,106996.76021775765,106996.76021775765,0
2019-11-06,106996.76021775765,106996.76021775765,0
2019-11-07,106996.76021775765,106996.76021775765,0
2019-11-08,106996.76021775765,106996.76021775765,0
2019-11-11,106996.76021775765,106996.76021775765,0
2019-11-12,106793.36472642173,5146.4425195519725,101646.92220686976
2019-11-13,107020.78488311025,5146.4425195519725,101874.34236355827
2019-11-14,107320.40949592378,107320.40949592378,0
2019-11-15,107320.40949592378,107320.40949592378,0
2019-11-18,107320.40949592378,107320.40949592378,0
2019-11-19,107116.39876349253,5162.009742364942,101954.38902112759
2019-11-20,106494.28642763235,5162.009742364942,101332.27668526741
2019-11-21,106851.18245188898,5162.009742364942,101689.17270952403
2019-11-22,107041.09042809892,5162.009742364942,101879.08068573398
2019-11-25,107869.48211742855,5162.009742364942,102707.4723750636
2019-11-26,107905.98191312057,107905.98191312057,0
2019-11-27,107905.98191312057,107905.98191312057,0
2019-11-29,107905.98191312057,107905.98191312057,0
2019-12-02,107905.98191312057,107905.98191312057,0
2019-12-03,107700.85803680285,5190.1752193383145,102510.68281746453
2019-12-04,108340.61751243004,5190.1752193383145,103150.44229309172
2019-12-05,108761.59913628834,5190.1752193383145,103571.42391695002
2019-12-06,109610.19201587673,5190.1752193383145,104420.01679653842
2019-12-09,109159.37704859539,5190.1752193383145,103969.20182925707
2019-12-10,109106.33999362112,5190.1752193383145,103916.1647742828
2019-12-11,109490.8586421846,5190.1752193383145,104300.68342284628
2019-12-12,110737.22943408007,5190.1752193383145,105547.05421474176
2019-12-13,110352.71078551657,5190.1752193383145,105162.53556617825
2019-12-16,111045.50731611802,5190.1752193383145,105855.3320967797
2019-12-17,111058.76657986159,5190.1752193383145,105868.59136052328
2019-12-18,111244.39627227155,5190.1752193383145,106054.22105293324
2019-12-19,111642.1741845786,5190.1752193383145,106451.99896524029
2019-12-20,111695.2112395529,5190.1752193383145,106505.03602021458
2019-12-23,111711.78531923235,5190.1752193383145,106521.61009989404
2019-12-24,111675.32234393754,5190.1752193383145,106485.14712459923
2019-12-26,112388.00777015433,5190.1752193383145,107197.83255081602
2019-12-27,112056.52617656512,5190.1752193383145,106866.35095722681
2019-12-30,111721.72976704003,5190.1752193383145,106531.55454770171
2019-12-31,112043.26691282156,5190.1752193383145,106853.09169348325
2020-01-02,112968.10055893546,5190.1752193383145,107777.92533959715
2020-01-03,112142.71139089832,5190.1752193383145,106952.53617156
2020-01-06,112480.82261635934,5190.1752193383145,107290.64739702102
2020-01-07,110690.82201097756,5190.1752193383145,105500.64679163924
2020-01-08,113044.34132546099,5190.1752193383145,107854.16610612268
2020-01-09,113440.75592689957,113440.75592689957,0
2020-01-10,113440.75592689957,113440.75592689957,0
2020-01-13,113440.75592689957,113440.75592689957,0
2020-01-14,113440.75592689957,113440.75592689957,0
2020-01-15,113440.75592689957,113440.75592689957,0
2020-01-16,113440.75592689957,113440.75592689957,0
2020-01-17,113225.11072192035,5456.392591365773,107768.71813055458
2020-01-21,113192.61110849134,5456.392591365773,107736.21851712557
2020-01-22,113030.11304134635,5456.392591365773,107573.72044998058
2020-01-23,113345.35929160764,5456.392591365773,107888.96670024187
2020-01-24,112139.62363339184,5456.392591365773,106683.23104202606
2020-01-27,110729.14041057337,5456.392591365773,105272.7478192076
2020-01-28,111661.87931598558,5456.392591365773,106205.48672461981
2020-01-29,111444.1319060113,5456.392591365773,105987.73931464553
2020-01-30,112250.12231905044,5456.392591365773,106793.72972768467
2020-01-31,110056.39841259313,5456.392591365773,104600.00582122736
2020-02-03,110813.63940548876,5456.392591365773,105357.24681412299
2020-02-04,112269.62208710784,5456.392591365773,106813.22949574207
2020-02-05,113689.855193955,5456.392591365773,108233.46260258922
2020-02-06,113668.10438242294,113668.10438242294,0
2020-02-07,113668.10438242294,113668.10438242294,0
2020-02-10,113668.10438242294,113668.10438242294,0
2020-02-11,113668.10438242294,113668.10438242294,0
2020-02-12,113668.10438242294,113668.10438242294,0
2020-02-13,113668.10438242294,113668.10438242294,0
2020-02-14,113668.10438242294,113668.10438242294,0
2020-02-18,113668.10438242294,113668.10438242294,0
2020-02-19,113668.10438242294,113668.10438242294,0
2020-02-20,113452.02699939719,5467.327836095399,107984.69916330179
2020-02-21,112590.72047035657,5467.327836095399,107123.39263426117
2020-02-24,109797.90191163903,5467.327836095399,104330.57407554363
2020-02-25,106198.41193952897,5467.327836095399,100731.08410343358
2020-02-26,104877.52767297787,5467.327836095399,99410.19983688247
2020-02-27,100885.95040033439,5467.327836095399,95418.62256423899
2020-02-28,101512.64731512142,5467.327836095399,96045.31947902602
2020-03-02,104903.23831563578,5467.327836095399,99435.91047954038
2020-03-03,102579.63898542547,5467.327836095399,97112.31114933007
2020-03-04,105202.12453653422,5467.327836095399,99734.79670043882
2020-03-05,102743.54433236977,5467.327836095399,97276.21649627437
2020-03-06,100436.01415382064,5467.327836095399,94968.68631772524
2020-03-09,95534.92289715292,5467.327836095399,90067.59506105752
2020-03-10,96463.7198631706,5467.327836095399,90996.3920270752
2020-03-11,93494.1406361798,5467.327836095399,88026.8128000844
2020-03-12,84157.96352101934,5467.327836095399,78690.63568492394
2020-03-13,91421.22007188428,5467.327836095399,85953.89223578888
2020-03-16,84174.03267268055,5467.327836095399,78706.70483658515
2020-03-17,83495.91447257766,5467.327836095399,78028.58663648226
2020-03-18,84524.34017889482,5467.327836095399,79057.01234279943
2020-03-19,81692.9556561904,5467.327836095399,76225.627820095
2020-03-20,78228.44655803447,5467.327836095399,72761.11872193907
2020-03-23,78077.39653241914,5467.327836095399,72610.06869632374
2020-03-24,83393.07190194595,5467.327836095399,77925.74406585055
2020-03-25,84836.08172112222,5467.327836095399,79368.75388502682
2020-03-26,90103.54963566542,5467.327836095399,84636.22179957002
2020-03-27,86487.99051189415,5467.327836095399,81020.66267579875
2020-03-30,89647.18572848718,5467.327836095399,84179.85789239178
2020-03-31,87198.24701531944,5467.327836095399,81730.91917922405
2020-04-01,85009.62855906323,5467.327836095399,79542.30072296783
2020-04-02,86066.97873837056,5467.327836095399,80599.65090227516
2020-04-03,85144.60943301735,5467.327836095399,79677.28159692195
2020-04-06,90960.73171161833,90960.73171161833,0
2020-04-07,90960.73171161833,90960.73171161833,0
2020-04-08,90960.73171161833,90960.73171161833,0
2020-04-09,90960.73171161833,90960.73171161833,0
2020-04-13,90960.73171161833,90960.73171161833,0
2020-04-14,90960.73171161833,90960.73171161833,0
2020-04-15,90960.73171161833,90960.73171161833,0
2020-04-16,90960.73171161833,90960.73171161833,0
2020-04-17,90960.73171161833,90960.73171161833,0
2020-04-20,90960.73171161833,90960.73171161833,0
2020-04-21,90960.73171161833,90960.73171161833,0
2020-04-22,90960.73171161833,90960.73171161833,0
2020-04-23,90960.73171161833,90960.73171161833,0
2020-04-24,90960.73171161833,90960.73171161833,0
2020-04-27,90960.73171161833,90960.73171161833,0
2020-04-28,90960.73171161833,90960.73171161833,0
2020-04-29,90960.73171161833,90960.73171161833,0
2020-04-30,90960.73171161833,90960.73171161833,0
2020-05-01,90960.73171161833,90960.73171161833,0
2020-05-04,90960.73171161833,90960.73171161833,0
2020-05-05,90960.73171161833,90960.73171161833,0
2020-05-06,90787.81990867114,4375.124782633735,86412.6951260374
2020-05-07,92563.7153281043,4375.124782633735,88188.59054547056
2020-05-08,93852.22950035169,4375.124782633735,89477.10471771796
2020-05-11,93303.92559726769,4375.124782633735,88928.80081463396
2020-05-12,90672.06686246453,4375.124782633735,86296.9420798308
2020-05-13,90282.1618647159,4375.124782633735,85907.03708208217
2020-05-14,91397.04646765336,4375.124782633735,87021.92168501962
2020-05-15,91403.13873324318,4375.124782633735,87028.01395060944
2020-05-18,94196.25226299906,94196.25226299906,0
2020-05-19,94196.25226299906,94196.25226299906,0
2020-05-20,94196.25226299906,94196.25226299906,0
2020-05-21,94196.25226299906,94196.25226299906,0
2020-05-22,94196.25226299906,94196.25226299906,0
2020-05-26,94196.25226299906,94196.25226299906,0
2020-05-27,94196.25226299906,94196.25226299906,0
2020-05-28,94196.25226299906,94196.25226299906,0
2020-05-29,94196.25226299906,94196.25226299906,0
2020-06-01,94196.25226299906,94196.25226299906,0
2020-06-02,94196.25226299906,94196.25226299906,0
2020-06-03,94196.25226299906,94196.25226299906,0
2020-06-04,94196.25226299906,94196.25226299906,0
2020-06-05,94196.25226299906,94196.25226299906,0
2020-06-08,94196.25226299906,94196.25226299906,0
2020-06-09,94196.25226299906,94196.25226299906,0
2020-06-10,94196.25226299906,94196.25226299906,0
2020-06-11,94017.18989725973,4530.750247410615,89486.43964984911
2020-06-12,94164.81831162202,4530.750247410615,89634.0680642114
2020-06-15,96104.65567634258,4530.750247410615,91573.90542893196
2020-06-16,97197.10594262357,4530.750247410615,92666.35569521296
2020-06-17,96193.23272495996,4530.750247410615,91662.48247754935
2020-06-18,96925.46966019695,4530.750247410615,92394.71941278633
2020-06-19,94908.865520008,4530.750247410615,90378.11527259738
2020-06-22,96563.9726498964,96563.9726498964,0
2020-06-23,96563.9726498964,96563.9726498964,0
2020-06-24,96563.9726498964,96563.9726498964,0
2020-06-25,96563.9726498964,96563.9726498964,0
2020-06-26,96563.9726498964,96563.9726498964,0
2020-06-29,96563.9726498964,96563.9726498964,0
2020-06-30,96563.9726498964,96563.9726498964,0
2020-07-01,96563.9726498964,96563.9726498964,0
2020-07-02,96563.9726498964,96563.9726498964,0
2020-07-06,96563.9726498964,96563.9726498964,0
2020-07-07,96563.9726498964,96563.9726498964,0
2020-07-08,96563.9726498964,96563.9726498964,0
2020-07-09,96563.9726498964,96563.9726498964,0
2020-07-10,96563.9726498964,96563.9726498964,0
2020-07-13,96563.9726498964,96563.9726498964,0
2020-07-14,96563.9726498964,96563.9726498964,0
2020-07-15,96563.9726498964,96563.9726498964,0
2020-07-16,96563.9726498964,96563.9726498964,0
2020-07-17,96563.9726498964,96563.9726498964,0
2020-07-20,96563.9726498964,96563.9726498964,0
2020-07-21,96563.9726498964,96563.9726498964,0
2020-07-22,96563.9726498964,96563.9726498964,0
2020-07-23,96380.4093660876,4644.635348686017,91735.77401740158
2020-07-24,95458.6555693445,4644.635348686017,90814.02022065848
2020-07-27,96451.31350429861,4644.635348686017,91806.6781556126
2020-07-28,95912.44205389495,4644.635348686017,91267.80670520893
2020-07-29,96859.72134039401,4644.635348686017,92215.085991708
2020-07-30,97341.86948022885,4644.635348686017,92697.23413154283
2020-07-31,97228.42285909125,4644.635348686017,92583.78751040524
2020-08-03,97719.83641987616,97719.83641987616,0
2020-08-04,97719.83641987616,97719.83641987616,0
2020-08-05,97719.83641987616,97719.83641987616,0
2020-08-06,97719.83641987616,97719.83641987616,0
2020-08-07,97719.83641987616,97719.83641987616,0
2020-08-10,97719.83641987616,97719.83641987616,0
2020-08-11,97719.83641987616,97719.83641987616,0
2020-08-12,97719.83641987616,97719.83641987616,0
2020-08-13,97719.83641987616,97719.83641987616,0
2020-08-14,97534.0758968338,4700.231297951454,92833.84459888235
2020-08-17,98093.9472709744,4700.231297951454,93393.71597302295
2020-08-18,98173.92889585164,4700.231297951454,93473.69759790019
2020-08-19,97443.06232369762,4700.231297951454,92742.83102574617
2020-08-20,98187.71883117531,4700.231297951454,93487.48753322386
2020-08-21,98375.26195157708,4700.231297951454,93675.03065362562
2020-08-24,99406.74911378688,4700.231297951454,94706.51781583542
2020-08-25,99536.71775110943,99536.71775110943,0
2020-08-26,99536.71775110943,99536.71775110943,0
2020-08-27,99536.71775110943,99536.71775110943,0
2020-08-28,99536.71775110943,99536.71775110943,0
2020-08-31,99536.71775110943,99536.71775110943,0
2020-09-01,99536.71775110943,99536.71775110943,0
2020-09-02,99536.71775110943,99536.71775110943,0
2020-09-03,99347.50342750047,4787.621563946508,94559.88186355396
2020-09-04,98997.65913593199,4787.621563946508,94210.03757198548
2020-09-08,96325.6200585979,4787.621563946508,91537.99849465139
2020-09-09,98694.64439520337,4787.621563946508,93907.02283125687
2020-09-10,97019.79928281253,4787.621563946508,92232.17771886602
2020-09-11,96769.12345184614,4787.621563946508,91981.50188789963
2020-09-14,98074.84151644031,4787.621563946508,93287.2199524938
2020-09-15,98523.85426861088,4787.621563946508,93736.23270466438
2020-09-16,98231.85824572697,4787.621563946508,93444.23668178046
2020-09-17,97350.36081815283,4787.621563946508,92562.73925420632
2020-09-18,96039.1333946363,4787.621563946508,91251.5118306898
2020-09-21,95168.65468490685,4787.621563946508,90381.03312096035
2020-09-22,95736.1186539077,4787.621563946508,90948.4970899612
2020-09-23,93405.65982975857,4787.621563946508,88618.03826581207
2020-09-24,94411.11783308533,4787.621563946508,89623.49626913882
2020-09-25,95157.63596706218,4787.621563946508,90370.01440311567
2020-09-28,97171.30665317683,4787.621563946508,92383.68508923032
2020-09-29,96669.95499124404,4787.621563946508,91882.33342729753
2020-09-30,97372.39825384218,4787.621563946508,92584.77668989568
2020-10-01,97556.96177774051,4787.621563946508,92769.340213794
2020-10-02,96419.27916027764,4787.621563946508,91631.65759633113
2020-10-05,97940.59464803687,97940.59464803687,0
2020-10-06,97940.59464803687,97940.59464803687,0
2020-10-07,97940.59464803687,97940.59464803687,0
2020-10-08,97940.59464803687,97940.59464803687,0
2020-10-09,97940.59464803687,97940.59464803687,0
2020-10-12,97940.59464803687,97940.59464803687,0
2020-10-13,97940.59464803687,97940.59464803687,0
2020-10-14,97940.59464803687,97940.59464803687,0
2020-10-15,97940.59464803687,97940.59464803687,0
2020-10-16,97754.41447464071,4710.849559005699,93043.56491563501
2020-10-19,97128.22948214071,4710.849559005699,92417.37992313501
2020-10-20,97265.29143328877,4710.849559005699,92554.44187428307
2020-10-21,96445.60721563855,4710.849559005699,91734.75765663285
2020-10-22,97456.10316920081,4710.849559005699,92745.25361019511
2020-10-23,97577.0401849197,4710.849559005699,92866.190625914
2020-10-26,95894.67192180807,4710.849559005699,91183.82236280237
2020-10-27,95158.29987054196,4710.849559005699,90447.45031153626
2020-10-28,92919.62133512346,4710.849559005699,88208.77177611776
2020-10-29,92766.43444854619,4710.849559005699,88055.58488954049
2020-10-30,92672.37232520929,4710.849559005699,87961.52276620359
2020-11-02,93822.6177191578,4710.849559005699,89111.7681601521
2020-11-03,94443.42773318142,4710.849559005699,89732.57817417572
2020-11-04,97093.68568871813,97093.68568871813,0
2020-11-05,97093.68568871813,97093.68568871813,0
2020-11-06,97093.68568871813,97093.68568871813,0
2020-11-09,97093.68568871813,97093.68568871813,0
2020-11-10,97093.68568871813,97093.68568871813,0
2020-11-11,97093.68568871813,97093.68568871813,0
2020-11-12,97093.68568871813,97093.68568871813,0
2020-11-13,97093.68568871813,97093.68568871813,0
2020-11-16,97093.68568871813,97093.68568871813,0
2020-11-17,97093.68568871813,97093.68568871813,0
2020-11-18,97093.68568871813,97093.68568871813,0
2020-11-19,97093.68568871813,97093.68568871813,0
2020-11-20,97093.68568871813,97093.68568871813,0
2020-11-23,97093.68568871813,97093.68568871813,0
2020-11-24,97093.68568871813,97093.68568871813,0
2020-11-25,97093.68568871813,97093.68568871813,0
2020-11-27,97093.68568871813,97093.68568871813,0
2020-11-30,97093.68568871813,97093.68568871813,0
2020-12-01,97093.68568871813,97093.68568871813,0
2020-12-02,97093.68568871813,97093.68568871813,0
2020-12-03,97093.68568871813,97093.68568871813,0
2020-12-04,97093.68568871813,97093.68568871813,0
2020-12-07,97093.68568871813,97093.68568871813,0
2020-12-08,97093.68568871813,97093.68568871813,0
2020-12-09,96909.11544690818,4670.114042625952,92239.00140428223
2020-12-10,96806.2093501034,4670.114042625952,92136.09530747744
2020-12-11,96557.72877489188,4670.114042625952,91887.61473226592
2020-12-14,96434.74343968616,4670.114042625952,91764.62939706021
2020-12-15,97305.68040532658,4670.114042625952,92635.56636270063
2020-12-16,97619.41850534115,4670.114042625952,92949.3044627152
2020-12-17,97983.35470135804,4670.114042625952,93313.24065873209
2020-12-18,97606.86898134057,4670.114042625952,92936.75493871461
2020-12-21,96813.73906450375,4670.114042625952,92143.6250218778
2020-12-22,96336.85715248162,4670.114042625952,91666.74310985567
2020-12-23,96974.37297171121,4670.114042625952,92304.25892908526
2020-12-24,97280.58135732543,4670.114042625952,92610.46731469948
2020-12-28,98324.70175417389,4670.114042625952,93654.58771154794
2020-12-29,97870.4089853528,4670.114042625952,93200.29494272685
2020-12-30,98106.34003656376,4670.114042625952,93436.22599393781
2020-12-31,98638.43985418846,4670.114042625952,93968.3258115625
2021-01-04,97370.93793012961,4670.114042625952,92700.82388750366
2021-01-05,97890.48822375375,4670.114042625952,93220.3741811278
2021-01-06,98791.54404699558,4670.114042625952,94121.43000436963
2021-01-07,99825.78040862232,99825.78040862232,0
2021-01-08,99825.78040862232,99825.78040862232,0
2021-01-11,99825.78040862232,99825.78040862232,0
2021-01-12,99825.78040862232,99825.78040862232,0
2021-01-13,99825.78040862232,99825.78040862232,0
2021-01-14,99825.78040862232,99825.78040862232,0
2021-01-15,99825.78040862232,99825.78040862232,0
2021-01-19,99825.78040862232,99825.78040862232,0
2021-01-20,99825.78040862232,99825.78040862232,0
2021-01-21,99825.78040862232,99825.78040862232,0
2021-01-22,99825.78040862232,99825.78040862232,0
2021-01-25,99825.78040862232,99825.78040862232,0
2021-01-26,99825.78040862232,99825.78040862232,0
2021-01-27,99636.01659135458,4801.525203163386,94834.49138819119
2021-01-28,100586.2466802117,4801.525203163386,95784.72147704831
2021-01-29,98920.15960752388,4801.525203163386,94118.63440436049
2021-02-01,100688.14803022318,4801.525203163386,95886.6228270598
2021-02-02,102263.46732626455,102263.46732626455,0
2021-02-03,102263.46732626455,102263.46732626455,0
2021-02-04,102263.46732626455,102263.46732626455,0
2021-02-05,102263.46732626455,102263.46732626455,0
2021-02-08,102263.46732626455,102263.46732626455,0
2021-02-09,102263.46732626455,102263.46732626455,0
2021-02-10,102263.46732626455,102263.46732626455,0
2021-02-11,102263.46732626455,102263.46732626455,0
2021-02-12,102263.46732626455,102263.46732626455,0
2021-02-16,102069.06958805071,4918.775628099393,97150.29395995132
2021-02-17,102471.10161148831,4918.775628099393,97552.32598338892
2021-02-18,101815.93831403443,4918.775628099393,96897.16268593504
2021-02-19,101629.81237725775,4918.775628099393,96711.03674915836
2021-02-22,100887.7903093081,4918.775628099393,95969.0146812087
2021-02-23,100984.57579643198,4918.775628099393,96065.80016833259
2021-02-24,102356.9443702653,4918.775628099393,97438.1687421659
2021-02-25,99751.18125539189,4918.775628099393,94832.4056272925
2021-02-26,99150.6148993925,4918.775628099393,94231.83927129311
2021-03-01,101716.67114775354,4918.775628099393,96797.89551965415
2021-03-02,101153.32997910948,4918.775628099393,96234.55435101008
2021-03-03,99448.41639823517,4918.775628099393,94529.64077013578
2021-03-04,97721.16770494766,4918.775628099393,92802.39207684826
2021-03-05,100012.37400357344,100012.37400357344,0
2021-03-08,100012.37400357344,100012.37400357344,0
2021-03-09,100012.37400357344,100012.37400357344,0
2021-03-10,100012.37400357344,100012.37400357344,0
2021-03-11,100012.37400357344,100012.37400357344,0
2021-03-12,100012.37400357344,100012.37400357344,0
2021-03-15,100012.37400357344,100012.37400357344,0
2021-03-16,100012.37400357344,100012.37400357344,0
2021-03-17,100012.37400357344,100012.37400357344,0
2021-03-18,100012.37400357344,100012.37400357344,0
2021-03-19,100012.37400357344,100012.37400357344,0
2021-03-22,100012.37400357344,100012.37400357344,0
2021-03-23,100012.37400357344,100012.37400357344,0
2021-03-24,100012.37400357344,100012.37400357344,0
2021-03-25,100012.37400357344,100012.37400357344,0
2021-03-26,100012.37400357344,100012.37400357344,0
2021-03-29,100012.37400357344,100012.37400357344,0
2021-03-30,100012.37400357344,100012.37400357344,0
2021-03-31,100012.37400357344,100012.37400357344,0
2021-04-01,100012.37400357344,100012.37400357344,0
2021-04-05,100012.37400357344,100012.37400357344,0
2021-04-06,100012.37400357344,100012.37400357344,0
2021-04-07,100012.37400357344,100012.37400357344,0
2021-04-08,100012.37400357344,100012.37400357344,0
2021-04-09,100012.37400357344,100012.37400357344,0
2021-04-12,100012.37400357344,100012.37400357344,0
2021-04-13,100012.37400357344,100012.37400357344,0
2021-04-14,100012.37400357344,100012.37400357344,0
2021-04-15,100012.37400357344,100012.37400357344,0
2021-04-16,100012.37400357344,100012.37400357344,0
2021-04-19,100012.37400357344,100012.37400357344,0
2021-04-20,99822.25548121137,4810.500177816604,95011.75530339476
2021-04-21,100546.7258834762,4810.500177816604,95736.2257056596
2021-04-22,100004.52669706779,4810.500177816604,95194.02651925119
2021-04-23,100848.97308951663,4810.500177816604,96038.47291170002
2021-04-26,101241.20228819504,4810.500177816604,96430.70211037844
2021-04-27,101169.67814020073,4810.500177816604,96359.17796238413
2021-04-28,101361.17827837903,4810.500177816604,96550.67810056242
2021-04-29,101370.80389439073,101370.80389439073,0
2021-04-30,101370.80389439073,101370.80389439073,0
2021-05-03,101370.80389439073,101370.80389439073,0
2021-05-04,101178.10306472771,4875.839365056512,96302.2636996712
2021-05-05,101201.27604314334,4875.839365056512,96325.43667808683
2021-05-06,101998.42650064098,4875.839365056512,97122.58713558447
2021-05-07,102763.13478835675,4875.839365056512,97887.29542330024
2021-05-10,101729.61995101967,4875.839365056512,96853.78058596316
2021-05-11,100869.90245179985,4875.839365056512,95994.06308674334
2021-05-12,98990.57390229232,4875.839365056512,94114.73453723581
2021-05-13,100116.7806532919,4875.839365056512,95240.9412882354
2021-05-14,101609.12046325841,4875.839365056512,96733.2810982019
2021-05-17,101328.72742442931,4875.839365056512,96452.8880593728
2021-05-18,100024.0887396294,4875.839365056512,95148.24937457289
2021-05-19,99841.02221014592,4875.839365056512,94965.18284508941
2021-05-20,101236.03551076679,4875.839365056512,96360.19614571027
2021-05-21,101145.66089494583,4875.839365056512,96269.82152988932
2021-05-24,102158.32005170883,4875.839365056512,97282.48068665231
2021-05-25,101996.10920279942,4875.839365056512,97120.2698377429
2021-05-26,101970.61892654223,4875.839365056512,97094.77956148572
2021-05-27,102461.88606895356,4875.839365056512,97586.04670389705
2021-05-28,102211.61790206477,4875.839365056512,97335.77853700826
2021-06-01,102037.82056394756,4875.839365056512,97161.98119889105
2021-06-02,102348.33847471698,4875.839365056512,97472.49910966046
2021-06-03,101824.62916252376,4875.839365056512,96948.78979746725
2021-06-04,102809.480745188,4875.839365056512,97933.64138013149
2021-06-07,102730.69261857486,4875.839365056512,97854.85325351835
2021-06-08,102753.8655969905,4875.839365056512,97878.02623193398
2021-06-09,102631.04881138766,4875.839365056512,97755.20944633115
2021-06-10,103015.7202530871,4875.839365056512,98139.88088803059
2021-06-11,103224.27705882776,4875.839365056512,98348.43769377125
2021-06-14,103384.1706098956,4875.839365056512,98508.3312448391
2021-06-15,103231.22895235245,4875.839365056512,98355.38958729594
2021-06-16,102283.45413515322,4875.839365056512,97407.61477009671
2021-06-17,102737.64451209955,4875.839365056512,97861.80514704304
2021-06-18,100719.27809209826,4875.839365056512,95843.43872704175
2021-06-21,102287.62555166107,102287.62555166107,0
2021-06-22,102287.62555166107,102287.62555166107,0
2021-06-23,102287.62555166107,102287.62555166107,0
2021-06-24,102287.62555166107,102287.62555166107,0
2021-06-25,102287.62555166107,102287.62555166107,0
2021-06-28,102287.62555166107,102287.62555166107,0
2021-06-29,102287.62555166107,102287.62555166107,0
2021-06-30,102287.62555166107,102287.62555166107,0
2021-07-01,102287.62555166107,102287.62555166107,0
2021-07-02,102287.62555166107,102287.62555166107,0
2021-07-06,102287.62555166107,102287.62555166107,0
2021-07-07,102287.62555166107,102287.62555166107,0
2021-07-08,102093.18188986866,4919.937615790652,97173.24427407801
2021-07-09,103113.81841760804,103113.81841760804,0
2021-07-12,103113.81841760804,103113.81841760804,0
2021-07-13,103113.81841760804,103113.81841760804,0
2021-07-14,103113.81841760804,103113.81841760804,0
2021-07-15,103113.81841760804,103113.81841760804,0
2021-07-16,103113.81841760804,103113.81841760804,0
2021-07-19,102917.80420448711,4959.676707759485,97958.12749672763
2021-07-20,104355.82721530226,4959.676707759485,99396.15050754277
2021-07-21,105036.87491322431,4959.676707759485,100077.19820546483
2021-07-22,105391.20378308916,4959.676707759485,100431.52707532968
2021-07-23,106026.23474466513,4959.676707759485,101066.55803690564
2021-07-26,106364.45775680886,4959.676707759485,101404.78104904937
2021-07-27,105906.59123016532,4959.676707759485,100946.91452240583
2021-07-28,105950.30712969409,4959.676707759485,100990.6304219346
2021-07-29,105782.34604203087,4959.676707759485,100822.66933427138
2021-07-30,105975.61633468444,4959.676707759485,101015.93962692496
2021-08-02,105775.44353157897,4959.676707759485,100815.76682381949
2021-08-03,106288.53014183781,4959.676707759485,101328.85343407832
2021-08-04,106042.34060238625,4959.676707759485,101082.66389462676
2021-08-05,106497.9062922125,4959.676707759485,101538.22958445302
2021-08-06,106741.79499484674,4959.676707759485,101782.11828708726
2021-08-09,106679.67240077953,4959.676707759485,101719.99569302004
2021-08-10,106748.69750529865,4959.676707759485,101789.02079753917
2021-08-11,106813.88103373162,106813.88103373162,0
2021-08-12,106813.88103373162,106813.88103373162,0
2021-08-13,106813.88103373162,106813.88103373162,0
2021-08-16,106813.88103373162,106813.88103373162,0
2021-08-17,106610.83318658057,5137.646204535529,101473.18698204504
2021-08-18,105651.07550383842,5137.646204535529,100513.4292993029
2021-08-19,105722.08382881458,5137.646204535529,100584.43762427905
2021-08-20,106755.14042766113,5137.646204535529,101617.4942231256
2021-08-23,107550.99440410218,107550.99440410218,0
2021-08-24,107550.99440410218,107550.99440410218,0
2021-08-25,107550.99440410218,107550.99440410218,0
2021-08-26,107550.99440410218,107550.99440410218,0
2021-08-27,107550.99440410218,107550.99440410218,0
2021-08-30,107550.99440410218,107550.99440410218,0
2021-08-31,107550.99440410218,107550.99440410218,0
2021-09-01,107550.99440410218,107550.99440410218,0
2021-09-02,107550.99440410218,107550.99440410218,0
2021-09-03,107550.99440410218,107550.99440410218,0
2021-09-07,107346.54534128973,5173.100657392672,102173.44468389706
2021-09-08,107187.99995041228,5173.100657392672,102014.89929301961
2021-09-09,106821.08061723875,5173.100657392672,101647.97995984608
2021-09-10,106039.67833362843,5173.100657392672,100866.57767623576
2021-09-13,106465.48595484218,5173.100657392672,101292.38529744951
2021-09-14,105899.25241599412,5173.100657392672,100726.15175860145
2021-09-15,106682.91963375983,5173.100657392672,101509.81897636715
2021-09-16,106304.67562980932,5173.100657392672,101131.57497241665
2021-09-17,105036.3125027897,5173.100657392672,99863.21184539703
2021-09-20,103709.06108772987,5173.100657392672,98535.9604303372
2021-09-21,103145.09248303722,5173.100657392672,97971.99182564455
2021-09-22,104513.1127128941,5173.100657392672,99340.01205550143
2021-09-23,105627.46031734705,5173.100657392672,100454.35965995438
2021-09-24,105783.74077406911,5173.100657392672,100610.64011667644
2021-09-27,105357.93315285539,5173.100657392672,100184.83249546272
2021-09-28,103672.8221412436,5173.100657392672,98499.72148385092
2021-09-29,103838.16233458724,5173.100657392672,98665.06167719456
2021-09-30,102576.59401003378,5173.100657392672,97403.4933526411
2021-10-01,103670.5572070882,5173.100657392672,98497.45654969553
2021-10-04,102291.21230645437,5173.100657392672,97118.1116490617
2021-10-05,103108.85353655093,5173.100657392672,97935.75287915826
2021-10-06,103951.40904235684,5173.100657392672,98778.30838496417
2021-10-07,104735.07626012253,5173.100657392672,99561.97560272986
2021-10-08,104229.99594347009,5173.100657392672,99056.89528607742
2021-10-11,103561.84036762938,5173.100657392672,98388.73971023671
2021-10-12,103108.85353655093,5173.100657392672,97935.75287915826
2021-10-13,103892.52075431665,5173.100657392672,98719.42009692398
2021-10-14,105354.31904272232,105354.31904272232,0
2021-10-15,105354.31904272232,105354.31904272232,0
2021-10-18,105354.31904272232,105354.31904272232,0
2021-10-19,105354.31904272232,105354.31904272232,0
2021-10-20,105354.31904272232,105354.31904272232,0
2021-10-21,105354.31904272232,105354.31904272232,0
2021-10-22,105354.31904272232,105354.31904272232,0
2021-10-25,105354.31904272232,105354.31904272232,0
2021-10-26,105354.31904272232,105354.31904272232,0
2021-10-27,105154.04574993807,5067.442659351873,100086.6030905862
2021-10-28,105627.13841047398,5067.442659351873,100559.69575112211
2021-10-29,106221.25477486792,5067.442659351873,101153.81211551605
2021-11-01,106252.06080857723,5067.442659351873,101184.61814922535
2021-11-02,106599.72890329665,5067.442659351873,101532.28624394478
2021-11-03,107488.70301890832,5067.442659351873,102421.26035955644
2021-11-04,107663.87651041328,107663.87651041328,0
2021-11-05,107663.87651041328,107663.87651041328,0
2021-11-08,107663.87651041328,107663.87651041328,0
2021-11-09,107663.87651041328,107663.87651041328,0
2021-11-10,107663.87651041328,107663.87651041328,0
2021-11-11,107663.87651041328,107663.87651041328,0
2021-11-12,107663.87651041328,107663.87651041328,0
2021-11-15,107663.87651041328,107663.87651041328,0
2021-11-16,107663.87651041328,107663.87651041328,0
2021-11-17,107663.87651041328,107663.87651041328,0
2021-11-18,107663.87651041328,107663.87651041328,0
2021-11-19,107663.87651041328,107663.87651041328,0
2021-11-22,107663.87651041328,107663.87651041328,0
2021-11-23,107663.87651041328,107663.87651041328,0
2021-11-24,107663.87651041328,107663.87651041328,0
2021-11-26,107459.21286436083,5178.530179468216,102280.68268489261
2021-11-29,109477.52780161248,5178.530179468216,104298.99762214426
2021-11-30,107526.34085562195,5178.530179468216,102347.81067615373
2021-12-01,106313.56181350401,5178.530179468216,101135.0316340358
2021-12-02,107264.54168970352,5178.530179468216,102086.0115102353
2021-12-03,106457.52753103506,106457.52753103506,0
2021-12-06,106457.52753103506,106457.52753103506,0
2021-12-07,106457.52753103506,106457.52753103506,0
2021-12-08,106457.52753103506,106457.52753103506,0
2021-12-09,106457.52753103506,106457.52753103506,0
2021-12-10,106457.52753103506,106457.52753103506,0
2021-12-13,106457.52753103506,106457.52753103506,0
2021-12-14,106457.52753103506,106457.52753103506,0
2021-12-15,106457.52753103506,106457.52753103506,0
2021-12-16,106457.52753103506,106457.52753103506,0
2021-12-17,106457.52753103506,106457.52753103506,0
2021-12-20,106457.52753103506,106457.52753103506,0
2021-12-21,106457.52753103506,106457.52753103506,0
2021-12-22,106457.52753103506,106457.52753103506,0
2021-12-23,106457.52753103506,106457.52753103506,0
2021-12-27,106457.52753103506,106457.52753103506,0
2021-12-28,106457.52753103506,106457.52753103506,0
2021-12-29,106457.52753103506,106457.52753103506,0
2021-12-30,106457.52753103506,106457.52753103506,0
2021-12-31,106457.52753103506,106457.52753103506,0
2022-01-03,106457.52753103506,106457.52753103506,0
2022-01-04,106457.52753103506,106457.52753103506,0
2022-01-05,106457.52753103506,106457.52753103506,0
2022-01-06,106457.52753103506,106457.52753103506,0
2022-01-07,106457.52753103506,106457.52753103506,0
2022-01-10,106255.15709407497,5120.505939591661,101134.6511544833
2022-01-11,107112.45112399086,5120.505939591661,101991.9451843992
2022-01-12,107294.76175313753,5120.505939591661,102174.25581354587
2022-01-13,105973.00969182416,5120.505939591661,100852.5037522325
2022-01-14,106109.74266368417,5120.505939591661,100989.23672409251
2022-01-18,104050.06662725331,5120.505939591661,98929.56068766165
2022-01-19,103238.35025462409,5120.505939591661,98117.84431503243
2022-01-20,101623.59896789643,5120.505939591661,96503.09302830476
2022-01-21,99867.77398004336,5120.505939591661,94747.2680404517
2022-01-24,99787.47048863352,5120.505939591661,94666.96454904186
2022-01-25,99225.34604876461,5120.505939591661,94104.84010917295
2022-01-26,99086.44271227192,5120.505939591661,93965.93677268026
2022-01-27,99171.08693294715,5120.505939591661,94050.58099335548
2022-01-28,101115.73364384499,5120.505939591661,95995.22770425332
2022-01-31,102561.19648922216,5120.505939591661,97440.6905496305
2022-02-01,103895.97073833173,5120.505939591661,98775.46479874007
2022-02-02,103370.7424972187,5120.505939591661,98250.23655762704
2022-02-03,103066.89144864092,5120.505939591661,97946.38550904926
2022-02-04,102496.08555024122,5120.505939591661,97375.57961064955
2022-02-07,102381.0562247082,5120.505939591661,97260.55028511654
2022-02-08,103129.83202298917,5120.505939591661,98009.32608339751
2022-02-09,104258.42163199236,5120.505939591661,99137.9156924007
2022-02-10,102244.32325284819,5120.505939591661,97123.81731325653
2022-02-11,100725.06800995926,5120.505939591661,95604.5620703676
2022-02-14,100484.15753572973,5120.505939591661,95363.65159613806
2022-02-15,101634.45079105992,5120.505939591661,96513.94485146826
2022-02-16,101879.70199455484,5120.505939591661,96759.19605496318
2022-02-17,100004.50695190337,5120.505939591661,94884.00101231171
2022-02-18,98928.00609408494,5120.505939591661,93807.50015449327
2022-02-22,98910.64317702333,5120.505939591661,93790.13723743167
2022-02-23,96026.22858016708,5120.505939591661,90905.72264057542
2022-02-24,97558.5060108522,5120.505939591661,92438.00007126054
2022-02-25,100117.36591280368,5120.505939591661,94996.85997321202
2022-02-28,99876.45543857415,5120.505939591661,94755.94949898249
2022-03-01,98793.44348685762,5120.505939591661,93672.93754726596
2022-03-02,100026.21059823035,5120.505939591661,94905.70465863869
2022-03-03,98274.72633964269,5120.505939591661,93154.22040005102
2022-03-04,98723.99181861126,5120.505939591661,93603.4858790196
2022-03-07,96067.46550818835,5120.505939591661,90946.95956859669
2022-03-08,95722.37753158929,5120.505939591661,90601.87159199762
2022-03-09,97847.16450700109,5120.505939591661,92726.65856740942
2022-03-10,97371.85465244013,5120.505939591661,92251.34871284847
2022-03-11,96264.9686897639,5120.505939591661,91144.46275017224
2022-03-14,95817.87357542802,5120.505939591661,90697.36763583636
2022-03-15,97447.81741458457,5120.505939591661,92327.31147499291
2022-03-16,99802.6630410624,5120.505939591661,94682.15710147074
2022-03-17,100102.91530169485,100102.91530169485,0
2022-03-18,100102.91530169485,100102.91530169485,0
2022-03-21,100102.91530169485,100102.91530169485,0
2022-03-22,100102.91530169485,100102.91530169485,0
2022-03-23,100102.91530169485,100102.91530169485,0
2022-03-24,100102.91530169485,100102.91530169485,0
2022-03-25,100102.91530169485,100102.91530169485,0
2022-03-28,100102.91530169485,100102.91530169485,0
2022-03-29,100102.91530169485,100102.91530169485,0
2022-03-30,100102.91530169485,100102.91530169485,0
2022-03-31,99912.62466485212,4814.8551282420085,95097.76953661011
2022-04-01,99931.50992358623,4814.8551282420085,95116.65479534422
2022-04-04,100573.60872054569,4814.8551282420085,95758.75359230368
2022-04-05,99507.64078310972,4814.8551282420085,94692.78565486771
2022-04-06,98233.93499959863,4814.8551282420085,93419.07987135662
2022-04-07,99081.67328055165,4814.8551282420085,94266.81815230964
2022-04-08,98662.00086423827,4814.8551282420085,93847.14573599627
2022-04-11,97073.54076849217,4814.8551282420085,92258.68564025016
2022-04-12,97079.83585473686,4814.8551282420085,92264.98072649485
2022-04-13,97776.49206581706,4814.8551282420085,92961.63693757505
2022-04-14,96685.34378340229,4814.8551282420085,91870.48865516028
2022-04-18,97167.96706216267,4814.8551282420085,92353.11193392066
2022-04-19,97860.42654907974,4814.8551282420085,93045.57142083773
2022-04-20,98441.67284567375,4814.8551282420085,93626.81771743174
2022-04-21,96502.78628230597,4814.8551282420085,91687.93115406396
2022-04-22,93833.66971455293,4814.8551282420085,89018.81458631092
2022-04-25,94708.68670256631,4814.8551282420085,89893.8315743243
2022-04-26,92232.61944631742,4814.8551282420085,87417.76431807541
2022-04-27,93065.66919269945,4814.8551282420085,88250.81406445745
2022-04-28,93766.5221279428,4814.8551282420085,88951.66699970078
2022-04-29,91550.65176980819,4814.8551282420085,86735.79664156618
2022-05-02,91710.12728800726,4814.8551282420085,86895.27215976526
2022-05-03,92299.76703292756,4814.8551282420085,87484.91190468555
2022-05-04,94658.32601260871,4814.8551282420085,89843.4708843667
2022-05-05,91735.30763298608,4814.8551282420085,86920.45250474407
2022-05-06,90994.58581819297,4814.8551282420085,86179.73068995096
2022-05-09,88638.1252005934,4814.8551282420085,83823.27007235138
2022-05-10,88468.15787198648,4814.8551282420085,83653.30274374447
2022-05-11,87458.84571075281,4814.8551282420085,82643.9905825108
2022-05-12,87458.84571075281,4814.8551282420085,82643.9905825108
2022-05-13,89085.07632396712,4814.8551282420085,84270.22119572511
2022-05-16,88837.46959834224,4814.8551282420085,84022.61447010023
2022-05-17,90467.89693571968,4814.8551282420085,85653.04180747767
2022-05-18,86548.15656735278,4814.8551282420085,81733.30143911077
2022-05-19,86760.09113759104,4814.8551282420085,81945.23600934903
2022-05-20,86781.07475840671,4814.8551282420085,81966.2196301647
2022-05-23,87595.23924605465,4814.8551282420085,82780.38411781265
2022-05-24,87819.7639887823,4814.8551282420085,83004.9088605403
2022-05-25,88054.78054191779,4814.8551282420085,83239.92541367578
2022-05-26,89886.65063912567,4814.8551282420085,85071.79551088366
2022-05-27,92253.60306713308,4814.8551282420085,87438.74793889107
2022-05-31,91632.75534192512,91632.75534192512,0
2022-06-01,91632.75534192512,91632.75534192512,0
2022-06-02,91632.75534192512,91632.75534192512,0
2022-06-03,91632.75534192512,91632.75534192512,0
2022-06-06,91632.75534192512,91632.75534192512,0
2022-06-07,91632.75534192512,91632.75534192512,0
2022-06-08,91632.75534192512,91632.75534192512,0
2022-06-09,91632.75534192512,91632.75534192512,0
2022-06-10,91632.75534192512,91632.75534192512,0
2022-06-13,91632.75534192512,91632.75534192512,0
2022-06-14,91632.75534192512,91632.75534192512,0
2022-06-15,91632.75534192512,91632.75534192512,0
2022-06-16,91632.75534192512,91632.75534192512,0
2022-06-17,91458.5660556579,4407.448480829029,87051.11757482887
2022-06-21,93440.40298021793,4407.448480829029,89032.9544993889
2022-06-22,92965.14232684622,4407.448480829029,88557.6938460172
2022-06-23,93939.42666625821,4407.448480829029,89531.97818542918
2022-06-24,96995.35266743829,4407.448480829029,92587.90418660926
2022-06-27,96867.03229102794,4407.448480829029,92459.5838101989
2022-06-28,94992.12901347654,4407.448480829029,90584.68053264752
2022-06-29,94716.47783452096,4407.448480829029,90309.02935369193
2022-06-30,94082.00486226972,4407.448480829029,89674.55638144069
2022-07-01,94961.23707100739,4407.448480829029,90553.78859017836
2022-07-05,94932.72143180508,4407.448480829029,90525.27295097605
2022-07-06,95557.68919098888,4407.448480829029,91150.24071015985
2022-07-07,96646.0360872101,4407.448480829029,92238.58760638107
2022-07-08,96771.98016035359,4407.448480829029,92364.53167952456
2022-07-11,95857.10340261305,4407.448480829029,91449.65492178402
2022-07-12,94859.05603053246,4407.448480829029,90451.60754970343
2022-07-13,93861.00865845189,4407.448480829029,89453.56017762286
2022-07-14,94602.41527771174,4407.448480829029,90194.96679688271
2022-07-15,95759.67145174302,95759.67145174302,0
2022-07-18,95759.67145174302,95759.67145174302,0
2022-07-19,95759.67145174302,95759.67145174302,0
2022-07-20,95759.67145174302,95759.67145174302,0
2022-07-21,95759.67145174302,95759.67145174302,0
2022-07-22,95759.67145174302,95759.67145174302,0
2022-07-25,95759.67145174302,95759.67145174302,0
2022-07-26,95759.67145174302,95759.67145174302,0
2022-07-27,95759.67145174302,95759.67145174302,0
2022-07-28,95759.67145174302,95759.67145174302,0
2022-07-29,95759.67145174302,95759.67145174302,0
2022-08-01,95759.67145174302,95759.67145174302,0
2022-08-02,95759.67145174302,95759.67145174302,0
2022-08-03,95759.67145174302,95759.67145174302,0
2022-08-04,95759.67145174302,95759.67145174302,0
2022-08-05,95577.63710429685,4605.949225140983,90971.68787915587
2022-08-08,95837.58768353745,4605.949225140983,91231.63845839647
2022-08-09,95322.09246707728,4605.949225140983,90716.1432419363
2022-08-10,97148.35543479299,4605.949225140983,92542.406209652
2022-08-11,97218.85050712942,4605.949225140983,92612.90128198844
2022-08-12,98526.54449479045,98526.54449479045,0
2022-08-15,98526.54449479045,98526.54449479045,0
2022-08-16,98526.54449479045,98526.54449479045,0
2022-08-17,98526.54449479045,98526.54449479045,0
2022-08-18,98526.54449479045,98526.54449479045,0
2022-08-19,98526.54449479045,98526.54449479045,0
2022-08-22,98526.54449479045,98526.54449479045,0
2022-08-23,98526.54449479045,98526.54449479045,0
2022-08-24,98339.2504600331,4739.033189982176,93600.21727005093
2022-08-25,99504.10744843571,4739.033189982176,94765.07425845353
2022-08-26,96095.4870959644,4739.033189982176,91356.45390598223
2022-08-29,96032.155065527,4739.033189982176,91293.12187554482
2022-08-30,94837.89392013558,4739.033189982176,90098.8607301534
2022-08-31,93670.77507350309,4739.033189982176,88931.74188352091
2022-09-01,94444.33058813162,4739.033189982176,89705.29739814944
2022-09-02,93575.77702784695,4739.033189982176,88836.74383786478
2022-09-06,93032.93105266905,4739.033189982176,88293.89786268688
2022-09-07,94638.85039590369,4739.033189982176,89899.81720592151
2022-09-08,95387.52547000322,4739.033189982176,90648.49228002105
2022-09-09,96615.71448884324,4739.033189982176,91876.68129886106
2022-09-12,97601.35345253554,97601.35345253554,0
2022-09-13,97601.35345253554,97601.35345253554,0
2022-09-14,97601.35345253554,97601.35345253554,0
2022-09-15,97601.35345253554,97601.35345253554,0
2022-09-16,97601.35345253554,97601.35345253554,0
2022-09-19,97601.35345253554,97601.35345253554,0
2022-09-20,97601.35345253554,97601.35345253554,0
2022-09-21,97601.35345253554,97601.35345253554,0
2022-09-22,97601.35345253554,97601.35345253554,0
2022-09-23,97601.35345253554,97601.35345253554,0
2022-09-26,97601.35345253554,97601.35345253554,0
2022-09-27,97601.35345253554,97601.35345253554,0
2022-09-28,97601.35345253554,97601.35345253554,0
2022-09-29,97601.35345253554,97601.35345253554,0
2022-09-30,97601.35345253554,97601.35345253554,0
2022-10-03,97601.35345253554,97601.35345253554,0
2022-10-04,97601.35345253554,97601.35345253554,0
2022-10-05,97601.35345253554,97601.35345253554,0
2022-10-06,97601.35345253554,97601.35345253554,0
2022-10-07,97601.35345253554,97601.35345253554,0
2022-10-10,97601.35345253554,97601.35345253554,0
2022-10-11,97601.35345253554,97601.35345253554,0
2022-10-12,97415.81815968995,4694.532379781202,92721.28577990875
2022-10-13,99526.53818387605,4694.532379781202,94832.00580409485
2022-10-14,97161.70198970196,4694.532379781202,92467.16960992076
2022-10-17,100579.30517382633,4694.532379781202,95884.77279404513
2022-10-18,101699.49073948775,4694.532379781202,97004.95835970655
2022-10-19,99985.50310314009,4694.532379781202,95290.97072335889
2022-10-20,99114.24766318122,4694.532379781202,94419.71528340002
2022-10-21,102049.54872875694,4694.532379781202,97355.01634897574
2022-10-24,102737.38904486709,102737.38904486709,0
2022-10-25,102737.38904486709,102737.38904486709,0
2022-10-26,102737.38904486709,102737.38904486709,0
2022-10-27,102737.38904486709,102737.38904486709,0
2022-10-28,102737.38904486709,102737.38904486709,0
2022-10-31,102737.38904486709,102737.38904486709,0
2022-11-01,102737.38904486709,102737.38904486709,0
2022-11-02,102737.38904486709,102737.38904486709,0
2022-11-03,102737.38904486709,102737.38904486709,0
2022-11-04,102737.38904486709,102737.38904486709,0
2022-11-07,102737.38904486709,102737.38904486709,0
2022-11-08,102737.38904486709,102737.38904486709,0
2022-11-09,102737.38904486709,102737.38904486709,0
2022-11-10,102737.38904486709,102737.38904486709,0
2022-11-11,102737.38904486709,102737.38904486709,0
2022-11-14,102737.38904486709,102737.38904486709,0
2022-11-15,102737.38904486709,102737.38904486709,0
2022-11-16,102737.38904486709,102737.38904486709,0
2022-11-17,102737.38904486709,102737.38904486709,0
2022-11-18,102737.38904486709,102737.38904486709,0
2022-11-21,102737.38904486709,102737.38904486709,0
2022-11-22,102737.38904486709,102737.38904486709,0
2022-11-23,102737.38904486709,102737.38904486709,0
2022-11-25,102737.38904486709,102737.38904486709,0
2022-11-28,102542.09040516226,4941.570812538543,97600.51959262372
2022-11-29,102315.59338663433,4941.570812538543,97374.02257409578
2022-11-30,105388.07468144802,4941.570812538543,100446.50386890948
2022-12-01,104932.61872027772,4941.570812538543,99991.04790773918
2022-12-02,104878.45638976018,4941.570812538543,99936.88557722163
2022-12-05,103519.47427859259,4941.570812538543,98577.90346605405
2022-12-06,101961.07631415581,4941.570812538543,97019.50550161727
2022-12-07,101505.62035298553,4941.570812538543,96564.04954044698
2022-12-08,102409.14650298281,4941.570812538543,97467.57569044427
2022-12-09,101584.40192464742,4941.570812538543,96642.83111210888
2022-12-12,103113.25679971096,4941.570812538543,98171.68598717242
2022-12-13,104058.63565965365,4941.570812538543,99117.0648471151
2022-12-14,103603.17969848333,4941.570812538543,98661.60888594479
2022-12-15,100845.8246903172,4941.570812538543,95904.25387777865
2022-12-16,99110.16818964119,4941.570812538543,94168.59737710265
2022-12-19,98667.02184904306,4941.570812538543,93725.45103650451
2022-12-20,98994.45775626278,4941.570812538543,94052.88694372424
2022-12-21,100190.95287587773,4941.570812538543,95249.38206333919
2022-12-22,98425.75328582853,4941.570812538543,93484.18247328998
2022-12-23,99233.26439536289,4941.570812538543,94291.69358282434
2022-12-27,98763.03688950598,4941.570812538543,93821.46607696744
2022-12-28,97773.34339550349,4941.570812538543,92831.77258296494
2022-12-29,99166.79244427317,4941.570812538543,94225.22163173463
2022-12-30,99289.88864999487,4941.570812538543,94348.31783745633
2023-01-03,98684.25531784409,4941.570812538543,93742.68450530554
2023-01-04,99324.35558759695,4941.570812538543,94382.7847750584
2023-01-05,98578.39258092342,4941.570812538543,93636.82176838488
2023-01-06,100360.82563977368,4941.570812538543,95419.25482723514
2023-01-09,100254.96290285302,4941.570812538543,95313.39209031448
2023-01-10,101220.03715571116,4941.570812538543,96278.46634317262
2023-01-11,102268.81682846007,4941.570812538543,97327.24601592153
2023-01-12,102692.26777614275,4941.570812538543,97750.6969636042
2023-01-13,102828.55950120994,102828.55950120994,0
2023-01-17,102828.55950120994,102828.55950120994,0
2023-01-18,102828.55950120994,102828.55950120994,0
2023-01-19,102828.55950120994,102828.55950120994,0
2023-01-20,102828.55950120994,102828.55950120994,0
2023-01-23,102828.55950120994,102828.55950120994,0
2023-01-24,102828.55950120994,102828.55950120994,0
2023-01-25,102828.55950120994,102828.55950120994,0
2023-01-26,102828.55950120994,102828.55950120994,0
2023-01-27,102828.55950120994,102828.55950120994,0
2023-01-30,102828.55950120994,102828.55950120994,0
2023-01-31,102828.55950120994,102828.55950120994,0
2023-02-01,102828.55950120994,102828.55950120994,0
2023-02-02,102828.55950120994,102828.55950120994,0
2023-02-03,102828.55950120994,102828.55950120994,0
2023-02-06,102828.55950120994,102828.55950120994,0
2023-02-07,102828.55950120994,102828.55950120994,0
2023-02-08,102828.55950120994,102828.55950120994,0
2023-02-09,102828.55950120994,102828.55950120994,0
2023-02-10,102828.55950120994,102828.55950120994,0
2023-02-13,102828.55950120994,102828.55950120994,0
2023-02-14,102828.55950120994,102828.55950120994,0
2023-02-15,102828.55950120994,102828.55950120994,0
2023-02-16,102633.08755102614,4945.956024876708,97687.13152614943
2023-02-17,102652.27480985768,4945.956024876708,97706.31878498098
2023-02-21,100819.89159144428,4945.956024876708,95873.93556656757
2023-02-22,100800.70433261273,4945.956024876708,95854.74830773602
2023-02-23,101018.95940182166,4945.956024876708,96073.00337694495
2023-02-24,99970.85538814802,4945.956024876708,95024.89936327131
2023-02-27,100462.5288957066,4945.956024876708,95516.57287082988
2023-02-28,99639.8751733037,4945.956024876708,94693.919148427
2023-03-01,99570.32136003932,4945.956024876708,94624.36533516261
2023-03-02,100210.69612354244,4945.956024876708,95264.74009866573
2023-03-03,102016.69686106246,4945.956024876708,97070.74083618575
2023-03-06,102021.49367577035,4945.956024876708,97075.53765089365
2023-03-07,100460.13048835265,4945.956024876708,95514.17446347594
2023-03-08,100556.06678251042,4945.956024876708,95610.11075763371
2023-03-09,98510.22530959597,4945.956024876708,93564.26928471927
2023-03-10,97778.71106664297,4945.956024876708,92832.75504176626
2023-03-13,97459.72288856839,4945.956024876708,92513.76686369168
2023-03-14,98874.78322739548,4945.956024876708,93928.82720251878
2023-03-15,98191.23713152137,4945.956024876708,93245.28110664466
2023-03-16,99927.68405577702,4945.956024876708,94981.72803090031
2023-03-17,98747.66763763645,4945.956024876708,93801.71161275974
2023-03-20,99366.45673495406,4945.956024876708,94420.50071007735
2023-03-21,100616.02696635902,4945.956024876708,95670.0709414823
2023-03-22,99145.80325839118,4945.956024876708,94199.84723351448
2023-03-23,99421.62010409479,4945.956024876708,94475.66407921808
2023-03-24,100033.21397935056,4945.956024876708,95087.25795447385
2023-03-27,100165.1263838175,4945.956024876708,95219.17035894078
2023-03-28,100069.19008965974,4945.956024876708,95123.23406478303
2023-03-29,101098.1068445018,4945.956024876708,96152.1508196251
2023-03-30,101700.5781903111,101700.5781903111,0
2023-03-31,101700.5781903111,101700.5781903111,0
2023-04-03,101700.5781903111,101700.5781903111,0
2023-04-04,101700.5781903111,101700.5781903111,0
2023-04-05,101700.5781903111,101700.5781903111,0
2023-04-06,101700.5781903111,101700.5781903111,0
2023-04-10,101507.25047620025,4891.701195404705,96615.54928079555
2023-04-11,101450.71985104204,4891.701195404705,96559.01865563734
2023-04-12,100805.32854715257,4891.701195404705,95913.62735174787
2023-04-13,102206.81696253298,4891.701195404705,97315.11576712827
2023-04-14,102206.81696253298,4891.701195404705,97315.11576712827
2023-04-17,102378.7642807225,4891.701195404705,97487.0630853178
2023-04-18,102383.47516615236,4891.701195404705,97491.77397074766
2023-04-19,102157.35266551956,4891.701195404705,97265.65147011486
2023-04-20,101877.05498244347,4891.701195404705,96985.35378703877
2023-04-21,101952.42914932108,4891.701195404705,97060.72795391637
2023-04-24,101994.82711818973,4891.701195404705,97103.12592278502
2023-04-25,100970.20953719733,4891.701195404705,96078.50834179262
2023-04-26,100386.05974389592,4891.701195404705,95494.35854849122
2023-04-27,101902.96485230766,4891.701195404705,97011.26365690296
2023-04-28,102722.20576996575,102722.20576996575,0
2023-05-01,102722.20576996575,102722.20576996575,0
2023-05-02,102526.93599290735,4940.840511439907,97586.09548146745
2023-05-03,101479.84431146386,4940.840511439907,96539.00380002396
2023-05-04,101399.11615461789,4940.840511439907,96458.27564317799
2023-05-05,102811.85889942259,4940.840511439907,97871.01838798268
2023-05-08,102696.78151492546,102696.78151492546,0
2023-05-09,102696.78151492546,102696.78151492546,0
2023-05-10,102696.78151492546,102696.78151492546,0
2023-05-11,102696.78151492546,102696.78151492546,0
2023-05-12,102696.78151492546,102696.78151492546,0
2023-05-15,102696.78151492546,102696.78151492546,0
2023-05-16,102696.78151492546,102696.78151492546,0
2023-05-17,102696.78151492546,102696.78151492546,0
2023-05-18,102696.78151492546,102696.78151492546,0
2023-05-19,102696.78151492546,102696.78151492546,0
2023-05-22,102696.78151492546,102696.78151492546,0
2023-05-23,102696.78151492546,102696.78151492546,0
2023-05-24,102696.78151492546,102696.78151492546,0
2023-05-25,102696.78151492546,102696.78151492546,0
2023-05-26,102696.78151492546,102696.78151492546,0
2023-05-30,102696.78151492546,102696.78151492546,0
2023-05-31,102696.78151492546,102696.78151492546,0
2023-06-01,102696.78151492546,102696.78151492546,0
2023-06-02,102696.78151492546,102696.78151492546,0
2023-06-05,102696.78151492546,102696.78151492546,0
2023-06-06,102696.78151492546,102696.78151492546,0
2023-06-07,102696.78151492546,102696.78151492546,0
2023-06-08,102696.78151492546,102696.78151492546,0
2023-06-09,102696.78151492546,102696.78151492546,0
2023-06-12,102696.78151492546,102696.78151492546,0
2023-06-13,102696.78151492546,102696.78151492546,0
2023-06-14,102696.78151492546,102696.78151492546,0
2023-06-15,102696.78151492546,102696.78151492546,0
2023-06-16,102696.78151492546,102696.78151492546,0
2023-06-20,102501.56006810469,4939.617628925509,97561.94243917918
2023-06-21,101968.45907715923,4939.617628925509,97028.84144823372
2023-06-22,102320.88567368384,4939.617628925509,97381.26804475833
2023-06-23,101462.124663165,4939.617628925509,96522.50703423949
2023-06-26,101348.36671112225,4939.617628925509,96408.74908219674
2023-06-27,102068.83374072636,4939.617628925509,97129.21611180085
2023-06-28,102403.41595261682,4939.617628925509,97463.79832369131
2023-06-29,102700.07884715969,4939.617628925509,97760.46121823418
2023-06-30,103710.51712706889,4939.617628925509,98770.89949814338
2023-07-03,103964.79960810565,4939.617628925509,99025.18197918014
2023-07-05,103714.97822322743,4939.617628925509,98775.36059430192
2023-07-06,102969.97516475135,4939.617628925509,98030.35753582584
2023-07-07,102800.45351072685,4939.617628925509,97860.83588180134
2023-07-10,103016.816674416,4939.617628925509,98077.19904549049
2023-07-11,103621.29520389812,4939.617628925509,98681.67757497261
2023-07-12,104511.28388752672,4939.617628925509,99571.66625860121
2023-07-13,105173.75666706984,4939.617628925509,100234.13903814433
2023-07-14,105133.60680164299,4939.617628925509,100193.98917271748
2023-07-17,105178.18883078925,105178.18883078925,0
2023-07-18,105178.18883078925,105178.18883078925,0
2023-07-19,105178.18883078925,105178.18883078925,0
2023-07-20,105178.18883078925,105178.18883078925,0
2023-07-21,104978.25035273138,5058.970963481595,99919.27938924979
2023-07-24,105493.37795750392,5058.970963481595,100434.40699402233
2023-07-25,105721.09531068665,5058.970963481595,100662.12434720506
2023-07-26,105785.20990527207,5058.970963481595,100726.23894179048
2023-07-27,105163.9615922202,5058.970963481595,100104.99062873861
2023-07-28,106096.93948584258,5058.970963481595,101037.96852236098
2023-07-31,106278.22902915308,5058.970963481595,101219.25806567149
2023-08-01,105656.98071610121,5058.970963481595,100598.00975261962
2023-08-02,104746.11130337036,5058.970963481595,99687.14033988876
2023-08-03,104520.6047982768,5058.970963481595,99461.63383479521
2023-08-04,103844.08528299612,5058.970963481595,98785.11431951453
2023-08-07,104712.94858203307,5058.970963481595,99653.97761855148
2023-08-08,104242.03793904358,5058.970963481595,99183.06697556199
2023-08-09,103841.87443490697,5058.970963481595,98782.90347142538
2023-08-10,103764.49475178662,5058.970963481595,98705.52378830503
2023-08-11,103620.78962599172,5058.970963481595,98561.81866251012
2023-08-14,104228.77285050867,5058.970963481595,99169.80188702708
2023-08-15,103043.7582747229,5058.970963481595,97984.7873112413
2023-08-16,102234.58787409306,5058.970963481595,97175.61691061147
2023-08-17,101465.21273906798,5058.970963481595,96406.24177558639
2023-08-18,101500.58630849441,5058.970963481595,96441.61534501282
2023-08-21,102042.2440903368,5058.970963481595,96983.2731268552
2023-08-22,101947.17762250324,5058.970963481595,96888.20665902164
2023-08-23,103461.60856357272,5058.970963481595,98402.63760009113
2023-08-24,101719.46026932051,5058.970963481595,96660.48930583891
2023-08-25,102303.1241648568,5058.970963481595,97244.1532013752
2023-08-28,102964.1677435134,5058.970963481595,97905.19678003181
2023-08-29,104226.90456227669,104226.90456227669,0
2023-08-30,104226.90456227669,104226.90456227669,0
2023-08-31,104226.90456227669,104226.90456227669,0
2023-09-01,104226.90456227669,104226.90456227669,0
2023-09-05,104226.90456227669,104226.90456227669,0
2023-09-06,104226.90456227669,104226.90456227669,0
2023-09-07,104226.90456227669,104226.90456227669,0
2023-09-08,104226.90456227669,104226.90456227669,0
2023-09-11,104226.90456227669,104226.90456227669,0
2023-09-12,104226.90456227669,104226.90456227669,0
2023-09-13,104226.90456227669,104226.90456227669,0
2023-09-14,104226.90456227669,104226.90456227669,0
2023-09-15,104028.77442804906,5013.215093886218,99015.55933416284
2023-09-18,104165.02719980983,5013.215093886218,99151.81210592361
2023-09-19,103939.42834820591,5013.215093886218,98926.2132543197
2023-09-20,102824.83600216274,5013.215093886218,97811.62090827653
2023-09-21,101310.41994882154,5013.215093886218,96297.20485493532
2023-09-22,101194.27004502546,5013.215093886218,96181.05495113925
2023-09-25,101529.31784443723,5013.215093886218,96516.10275055101
2023-09-26,100289.64098661368,5013.215093886218,95276.42589272746
2023-09-27,100314.21115857054,5013.215093886218,95300.99606468432
2023-09-28,100763.17520978232,5013.215093886218,95749.9601158961
2023-09-29,100486.20236226858,5013.215093886218,95472.98726838236
2023-10-02,100479.50140628034,5013.215093886218,95466.28631239412
2023-10-03,99177.2822925666,5013.215093886218,94164.06719868038
2023-10-04,99762.49911553916,5013.215093886218,94749.28402165294
2023-10-05,99711.12511962935,5013.215093886218,94697.91002574313
2023-10-06,101093.75570520193,5013.215093886218,96080.54061131571
2023-10-09,101565.05627637448,5013.215093886218,96551.84118248826
2023-10-10,102098.89910343724,5013.215093886218,97085.68400955103
2023-10-11,102701.98514237844,5013.215093886218,97688.77004849222
2023-10-12,101947.01076770392,5013.215093886218,96933.7956738177
2023-10-13,101160.76526508428,5013.215093886218,96147.55017119806
2023-10-16,102407.14307889607,5013.215093886218,97393.92798500985
2023-10-17,102190.47883527646,5013.215093886218,97177.26374139024
2023-10-18,101149.59700510389,5013.215093886218,96136.38191121767
2023-10-19,100110.9488269274,5013.215093886218,95097.73373304118
2023-10-20,98960.61804894698,5013.215093886218,93947.40295506077
2023-10-23,99230.88994047248,5013.215093886218,94217.67484658626
2023-10-24,99550.30217591171,5013.215093886218,94537.0870820255
2023-10-25,97870.5958748607,5013.215093886218,92857.38078097448
2023-10-26,97671.8008472097,5013.215093886218,92658.58575332348
2023-10-27,96671.12475296656,5013.215093886218,91657.90965908034
2023-10-30,97749.97866707246,5013.215093886218,92736.76357318624
2023-10-31,98219.04558624892,5013.215093886218,93205.8304923627
2023-11-01,99637.41460375876,5013.215093886218,94624.19950987255
2023-11-02,101040.14805729606,5013.215093886218,96026.93296340984
2023-11-03,102241.85283118628,5013.215093886218,97228.63773730006
2023-11-06,102121.23562339802,5013.215093886218,97108.0205295118
2023-11-07,102559.03141462941,5013.215093886218,97545.8163207432
2023-11-08,102541.16219866078,5013.215093886218,97527.94710477456
2023-11-09,101873.30025183331,5013.215093886218,96860.08515794709
2023-11-10,103338.5759612608,5013.215093886218,98325.36086737458
2023-11-13,103381.01534918629,5013.215093886218,98367.80025530007
2023-11-14,105362.2646697079,5013.215093886218,100349.04957582169
2023-11-15,105427.04057759418,5013.215093886218,100413.82548370796
2023-11-16,105447.00284610034,105447.00284610034,0
2023-11-17,105447.00284610034,105447.00284610034,0
2023-11-20,105447.00284610034,105447.00284610034,0
2023-11-21,105447.00284610034,105447.00284610034,0
2023-11-22,105447.00284610034,105447.00284610034,0
2023-11-24,105447.00284610034,105447.00284610034,0
2023-11-27,105246.55336604005,5071.900662244734,100174.65270379532
2023-11-28,105376.53587119783,5071.900662244734,100304.6352089531
2023-11-29,105297.22451211851,5071.900662244734,100225.32384987378
2023-11-30,105572.61117558838,5071.900662244734,100500.71051334364
2023-12-01,106172.03316929434,106172.03316929434,0
2023-12-04,105970.2054428412,5106.773932011565,100863.43151082963
2023-12-05,106335.31592942114,5106.773932011565,101228.54199740957
2023-12-06,105680.329844405,5106.773932011565,100573.55591239344
2023-12-07,106463.65779743106,5106.773932011565,101356.8838654195
2023-12-08,107025.70666768138,5106.773932011565,101918.93273566982
2023-12-11,107404.09389922788,5106.773932011565,102297.31996721632
2023-12-12,107939.58927954512,5106.773932011565,102832.81534753356
2023-12-13,109557.13937463565,5106.773932011565,104450.36544262408
2023-12-14,109477.47890483639,5106.773932011565,104370.70497282482
2023-12-15,109130.07074487851,5106.773932011565,104023.29681286695
2023-12-18,109295.34227510243,109295.34227510243,0
2023-12-19,109295.34227510243,109295.34227510243,0
2023-12-20,109295.34227510243,109295.34227510243,0
2023-12-21,109295.34227510243,109295.34227510243,0
2023-12-22,109295.34227510243,109295.34227510243,0
2023-12-26,109295.34227510243,109295.34227510243,0
2023-12-27,109295.34227510243,109295.34227510243,0
2023-12-28,109295.34227510243,109295.34227510243,0
2023-12-29,109087.5772942046,5257.002132857291,103830.57516134731
2024-01-02,108525.88201105756,5257.002132857291,103268.87987820027
2024-01-03,107837.42281186958,5257.002132857291,102580.42067901228
2024-01-04,107498.65717417389,5257.002132857291,102241.6550413166
2024-01-05,107640.72018353014,5257.002132857291,102383.71805067285
2024-01-08,108899.61700490248,5257.002132857291,103642.61487204519
2024-01-09,108807.82244501075,5257.002132857291,103550.82031215346
2024-01-10,109526.87983082932,5257.002132857291,104269.87769797203
2024-01-11,109172.81509981836,5257.002132857291,103915.81296696106
2024-01-12,109214.34121024556,5257.002132857291,103957.33907738827
2024-01-16,109017.63858190614,5257.002132857291,103760.63644904885
2024-01-17,108486.54148538968,5257.002132857291,103229.53935253239
2024-01-18,109452.5699490122,5257.002132857291,104195.56781615491
2024-01-19,110742.06495701513,5257.002132857291,105485.06282415784
2024-01-22,110938.76758535457,5257.002132857291,105681.76545249727
2024-01-23,111469.86468187103,5257.002132857291,106212.86254901373
2024-01-24,111360.58544390468,5257.002132857291,106103.58331104739
2024-01-25,111681.86640352574,5257.002132857291,106424.86427066845
2024-01-26,111640.34029309853,5257.002132857291,106383.33816024124
2024-01-29,112417.95196214468,112417.95196214468,0
2024-01-30,112204.25105636226,5407.196692324826,106797.05436403744
2024-01-31,111071.2474134495,5407.196692324826,105664.05072112467
2024-02-01,112756.56304414055,5407.196692324826,107349.36635181573
2024-02-02,113164.79364380277,5407.196692324826,107757.59695147794
2024-02-05,112937.75630495319,5407.196692324826,107530.55961262836
2024-02-06,113210.6377218397,5407.196692324826,107803.44102951487
2024-02-07,114070.75994786595,5407.196692324826,108663.56325554113
2024-02-08,114136.25148791872,5407.196692324826,108729.0547955939
2024-02-09,114778.06858043578,5407.196692324826,109370.87188811095
2024-02-12,114603.42447362842,5407.196692324826,109196.22778130359
2024-02-13,113308.87503191884,5407.196692324826,107901.67833959401
2024-02-14,114265.05151668914,5407.196692324826,108857.85482436432
2024-02-15,114911.2347118764,5407.196692324826,109504.03801955158
2024-02-16,114199.55997663639,5407.196692324826,108792.36328431156
2024-02-20,113699.64122090032,5407.196692324826,108292.44452857549
2024-02-21,114756.23806708485,5407.196692324826,109349.04137476003
2024-02-22,116162.12312688412,5407.196692324826,110754.9264345593
2024-02-23,116098.81463816647,5407.196692324826,110691.61794584164
2024-02-26,115812.83491326941,5407.196692324826,110405.63822094459
2024-02-27,116022.40784143824,5407.196692324826,110615.21114911341
2024-02-28,115819.38406727467,5407.196692324826,110412.18737494985
2024-02-29,116432.82149243554,5407.196692324826,111025.62480011072
2024-03-01,117181.6081003721,5407.196692324826,111774.41140804728
2024-03-04,117089.91994429824,5407.196692324826,111682.72325197341
2024-03-05,116081.35022748573,5407.196692324826,110674.1535351609
2024-03-06,116509.22828916376,5407.196692324826,111102.03159683893
2024-03-07,117814.6929875488,5407.196692324826,112407.49629522397
2024-03-08,117100.8352009737,5407.196692324826,111693.63850864887
2024-03-11,117330.05559115838,5407.196692324826,111922.85889883355
2024-03-12,118273.13376791813,5407.196692324826,112865.9370755933
2024-03-13,118172.71340650388,5407.196692324826,112765.51671417906
2024-03-14,117670.61159943273,5407.196692324826,112263.4149071079
2024-03-15,116696.97070398169,5407.196692324826,111289.77401165686
2024-03-18,117282.02846178635,5407.196692324826,111874.83176946153
2024-03-19,117932.57775964378,5407.196692324826,112525.38106731896
2024-03-20,119336.27976810795,5407.196692324826,113929.08307578313
2024-03-21,119548.03574761188,5407.196692324826,114140.83905528706
2024-03-22,119089.59496724255,5407.196692324826,113682.39827491772
2024-03-25,119028.46952985998,5407.196692324826,113621.27283753516
2024-03-26,118862.55762839298,5407.196692324826,113455.36093606816
2024-03-27,119456.347591538,5407.196692324826,114049.15089921317
2024-03-28,119569.86626096281,5407.196692324826,114162.66956863798
2024-04-01,119290.43569007101,5407.196692324826,113883.23899774619
2024-04-02,118646.43554621887,5407.196692324826,113239.23885389404
2024-04-03,119078.6797105671,5407.196692324826,113671.48301824227
2024-04-04,117480.68613327971,5407.196692324826,112073.48944095489
2024-04-05,118600.59146818193,5407.196692324826,113193.3947758571
2024-04-08,118666.08300823468,5407.196692324826,113258.88631590985
2024-04-09,118827.62880703149,5407.196692324826,113420.43211470667
2024-04-10,117443.57426058316,5407.196692324826,112036.37756825834
2024-04-11,118543.83213346954,5407.196692324826,113136.63544114471
2024-04-12,116738.44867934842,5407.196692324826,111331.2519870236
2024-04-15,115539.9534963829,5407.196692324826,110132.75680405808
2024-04-16,115631.64165245678,5407.196692324826,110224.44496013195
2024-04-17,114791.16688844633,5407.196692324826,109383.9701961215
2024-04-18,114271.60067069443,5407.196692324826,108864.4039783696
2024-04-19,113404.92929066288,5407.196692324826,107997.73259833806
2024-04-22,114417.8651101456,5407.196692324826,109010.66841782078
2024-04-23,115963.46545539076,5407.196692324826,110556.26876306593
2024-04-24,115094.61102402413,5407.196692324826,109687.4143316993
2024-04-25,116107.54684350682,5407.196692324826,110700.35015118199
2024-04-26,116456.83505712156,5407.196692324826,111049.63836479673
2024-04-29,116705.70290932205,5407.196692324826,111298.50621699722
2024-04-30,114843.56012048855,5407.196692324826,109436.36342816372
2024-05-01,115059.68220266266,5407.196692324826,109652.48551033784
2024-05-02,115755.53559862623,115755.53559862623,0
2024-05-03,115755.53559862623,115755.53559862623,0
2024-05-06,115755.53559862623,115755.53559862623,0
2024-05-07,115755.53559862623,115755.53559862623,0
2024-05-08,115755.53559862623,115755.53559862623,0
2024-05-09,115755.53559862623,115755.53559862623,0
2024-05-10,115755.53559862623,115755.53559862623,0
2024-05-13,115755.53559862623,115755.53559862623,0
2024-05-14,115755.53559862623,115755.53559862623,0
2024-05-15,115755.53559862623,115755.53559862623,0
2024-05-16,115755.53559862623,115755.53559862623,0
2024-05-17,115755.53559862623,115755.53559862623,0
2024-05-20,115755.53559862623,115755.53559862623,0
2024-05-21,115755.53559862623,115755.53559862623,0
2024-05-22,115755.53559862623,115755.53559862623,0
2024-05-23,115535.49011323004,5567.73129453513,109967.75881869491
2024-05-24,116221.09028225744,5567.73129453513,110653.35898772231
2024-05-28,116198.09759366201,5567.73129453513,110630.36629912688
2024-05-29,115121.62171851228,5567.73129453513,109553.89042397715
2024-05-30,114640.865502426,5567.73129453513,109073.13420789086
2024-05-31,115978.62192979654,5567.73129453513,110410.89063526141
2024-06-03,115834.39506497064,5567.73129453513,110266.66377043551
2024-06-04,116162.56343856,5567.73129453513,110594.83214402487
2024-06-05,117391.62715620668,5567.73129453513,111823.89586167155
2024-06-06,117289.20517973612,5567.73129453513,111721.47388520099
2024-06-07,117050.91731611075,5567.73129453513,111483.18602157562
2024-06-10,117427.16131130871,5567.73129453513,111859.43001677358
2024-06-11,117820.1272618488,5567.73129453513,112252.39596731367
2024-06-12,118907.05435908739,5567.73129453513,113339.32306455226
2024-06-13,118963.49095836708,5567.73129453513,113395.75966383195
2024-06-14,119036.64951298891,5567.73129453513,113468.91821845378
2024-06-17,119788.19010846346,119788.19010846346,0
2024-06-18,119788.19010846346,119788.19010846346,0
2024-06-20,119788.19010846346,119788.19010846346,0
2024-06-21,119788.19010846346,119788.19010846346,0
2024-06-24,119788.19010846346,119788.19010846346,0
2024-06-25,119788.19010846346,119788.19010846346,0
2024-06-26,119788.19010846346,119788.19010846346,0
2024-06-27,119788.19010846346,119788.19010846346,0
2024-06-28,119788.19010846346,119788.19010846346,0
2024-07-01,119788.19010846346,119788.19010846346,0
2024-07-02,119788.19010846346,119788.19010846346,0
2024-07-03,119788.19010846346,119788.19010846346,0
2024-07-05,119788.19010846346,119788.19010846346,0
2024-07-08,119788.19010846346,119788.19010846346,0
2024-07-09,119788.19010846346,119788.19010846346,0
2024-07-10,119788.19010846346,119788.19010846346,0
2024-07-11,119788.19010846346,119788.19010846346,0
2024-07-12,119788.19010846346,119788.19010846346,0
2024-07-15,119788.19010846346,119788.19010846346,0
2024-07-16,119788.19010846346,119788.19010846346,0
2024-07-17,119788.19010846346,119788.19010846346,0
2024-07-18,119788.19010846346,119788.19010846346,0
2024-07-19,119560.4787484768,5761.698145436516,113798.78060304029
2024-07-22,120644.47405410271,5761.698145436516,114882.7759086662
2024-07-23,120035.11531633214,5761.698145436516,114273.41717089563
2024-07-24,118194.60321041282,5761.698145436516,112432.90506497631
2024-07-25,117545.86414605162,5761.698145436516,111784.1660006151
2024-07-26,118569.75263740763,5761.698145436516,112808.05449197111
2024-07-29,118399.79543843762,5761.698145436516,112638.0972930011
2024-07-30,118248.49207837893,5761.698145436516,112486.79393294241
2024-07-31,120474.5168551327,5761.698145436516,114712.81870969618
2024-08-01,117914.79562674265,5761.698145436516,112153.09748130613
2024-08-02,115871.16394156648,5761.698145436516,110109.46579612997
2024-08-05,114144.64751788316,5761.698145436516,108382.94937244664
2024-08-06,113526.99818504088,5761.698145436516,107765.30003960436
2024-08-07,112700.01132663795,5761.698145436516,106938.31318120143
2024-08-08,115941.633999676,5761.698145436516,110179.93585423949
2024-08-09,116231.80482718581,5761.698145436516,110470.1066817493
2024-08-12,116291.91164145569,5761.698145436516,110530.21349601918
2024-08-13,118086.82547448062,5761.698145436516,112325.1273290441
2024-08-14,118457.82960393956,5761.698145436516,112696.13145850305
2024-08-15,120263.82248041936,120263.82248041936,0
2024-08-16,120263.82248041936,120263.82248041936,0
2024-08-19,120263.82248041936,120263.82248041936,0
2024-08-20,120263.82248041936,120263.82248041936,0
2024-08-21,120263.82248041936,120263.82248041936,0
2024-08-22,120263.82248041936,120263.82248041936,0
2024-08-23,120263.82248041936,120263.82248041936,0
2024-08-26,120263.82248041936,120263.82248041936,0
2024-08-27,120263.82248041936,120263.82248041936,0
2024-08-28,120035.20696707524,5784.575610676853,114250.63135639839
2024-08-29,120941.85988697594,5784.575610676853,115157.28427629909
2024-08-30,121887.66372841784,5784.575610676853,116103.08811774099
2024-09-03,119322.24808006239,5784.575610676853,113537.67246938554
2024-09-04,119173.88669316954,5784.575610676853,113389.31108249268
2024-09-05,118920.43599056093,5784.575610676853,113135.86037988408
2024-09-06,116808.34680215584,5784.575610676853,111023.77119147898
2024-09-09,118524.80562551334,5784.575610676853,112740.23001483649
2024-09-10,118765.89287921421,5784.575610676853,112981.31726853736
2024-09-11,120004.29834480587,5784.575610676853,114219.72273412901
2024-09-12,121020.16173005829,5784.575610676853,115235.58611938143
2024-09-13,121516.76026118571,5784.575610676853,115732.18465050886
2024-09-16,121447.87162665208,121447.87162665208,0
2024-09-17,121217.00529508342,5841.527249763953,115375.47804531947
2024-09-18,121532.339544524,5841.527249763953,115690.81229476005
2024-09-19,122373.92780259662,122373.92780259662,0
2024-09-20,122373.92780259662,122373.92780259662,0
2024-09-23,122373.92780259662,122373.92780259662,0
2024-09-24,122373.92780259662,122373.92780259662,0
2024-09-25,122373.92780259662,122373.92780259662,0
2024-09-26,122373.92780259662,122373.92780259662,0
2024-09-27,122373.92780259662,122373.92780259662,0
2024-09-30,122373.92780259662,122373.92780259662,0
2024-10-01,122373.92780259662,122373.92780259662,0
2024-10-02,122373.92780259662,122373.92780259662,0
2024-10-03,122141.3010845403,5886.069672073514,116255.23141246679
2024-10-04,123064.70913961291,5886.069672073514,117178.6394675394
2024-10-07,122120.82640482696,5886.069672073514,116234.75673275345
2024-10-08,123140.46545455235,5886.069672073514,117254.39578247884
2024-10-09,124024.97161816957,5886.069672073514,118138.90194609606
2024-10-10,123977.87985482885,5886.069672073514,118091.81018275533
2024-10-11,124354.6139615547,5886.069672073514,118468.54428948119
2024-10-14,125603.56942406976,5886.069672073514,119717.49975199625
2024-10-15,124610.54745797173,5886.069672073514,118724.47778589821
2024-10-16,124954.52207715619,5886.069672073514,119068.45240508267
2024-10-17,125232.9777212579,5886.069672073514,119346.90804918439
2024-10-18,125605.61689204109,5886.069672073514,119719.54721996757
2024-10-21,125378.34794722278,5886.069672073514,119492.27827514926
2024-10-22,125267.78467677064,5886.069672073514,119381.71500469712
2024-10-23,124344.376621698,5886.069672073514,118458.30694962449
2024-10-24,124271.04847273463,124271.04847273463,0
2024-10-25,124271.04847273463,124271.04847273463,0
2024-10-28,124271.04847273463,124271.04847273463,0
2024-10-29,124271.04847273463,124271.04847273463,0
2024-10-30,124271.04847273463,124271.04847273463,0
2024-10-31,124034.8154231404,5977.3193740425195,118057.49604909788
2024-11-01,124428.75508329722,5977.3193740425195,118451.4357092547
2024-11-04,124072.1360225237,5977.3193740425195,118094.81664848118
2024-11-05,126043.90768994014,5977.3193740425195,120066.58831589762
2024-11-06,128401.32555098378,5977.3193740425195,122424.00617694126
2024-11-07,129247.07994214675,129247.07994214675,0
2024-11-08,129247.07994214675,129247.07994214675,0
2024-11-11,129247.07994214675,129247.07994214675,0
2024-11-12,129247.07994214675,129247.07994214675,0
2024-11-13,129247.07994214675,129247.07994214675,0
2024-11-14,129247.07994214675,129247.07994214675,0
2024-11-15,129247.07994214675,129247.07994214675,0
2024-11-18,129247.07994214675,129247.07994214675,0
2024-11-19,129001.38770553077,6216.661760491363,122784.7259450394
2024-11-20,128403.44047828358,6216.661760491363,122186.77871779221
2024-11-21,129329.42819825666,6216.661760491363,123112.7664377653
2024-11-22,130051.94776451368,6216.661760491363,123835.28600402232
2024-11-25,129806.95549779433,6216.661760491363,123590.29373730297
2024-11-26,131017.38339183986,6216.661760491363,124800.7216313485
2024-11-27,130664.428431312,6216.661760491363,124447.76667082064
2024-11-29,131436.77693317295,6216.661760491363,125220.11517268159
2024-12-02,131540.58721568115,6216.661760491363,125323.92545518979
2024-12-03,131658.9309377405,6216.661760491363,125442.26917724914
2024-12-04,132217.43025763455,6216.661760491363,126000.76849714319
2024-12-05,131828.79907061422,131828.79907061422,0
2024-12-06,131828.79907061422,131828.79907061422,0
2024-12-09,131828.79907061422,131828.79907061422,0
2024-12-10,131578.19911502095,6340.839997937452,125237.3591170835
2024-12-11,132325.6865028144,6340.839997937452,125984.84650487696
2024-12-12,132039.1496708269,6340.839997937452,125698.30967288946
2024-12-13,131721.4675310147,6340.839997937452,125380.62753307725
2024-12-16,132163.73090212583,6340.839997937452,125822.89090418837
2024-12-17,131771.30002353428,6340.839997937452,125430.46002559681
2024-12-18,128393.07230147885,6340.839997937452,122052.2323035414
2024-12-19,127664.27209838021,6340.839997937452,121323.43210044276
2024-12-20,129285.90445912103,6340.839997937452,122945.06446118357
2024-12-23,129811.22198443142,6340.839997937452,123470.38198649397
2024-12-24,131150.4702208947,6340.839997937452,124809.63022295725
2024-12-26,131007.20180490095,6340.839997937452,124666.3618069635
2024-12-27,129890.12343092072,6340.839997937452,123549.28343298327
2024-12-30,128285.10190101978,6340.839997937452,121944.26190308233
2024-12-31,128121.06994647621,6340.839997937452,121780.22994853876
2025-01-02,127986.1069459024,6340.839997937452,121645.26694796495
2025-01-03,129269.29362828116,6340.839997937452,122928.4536303437
2025-01-06,129998.09383137978,6340.839997937452,123657.25383344233
2025-01-07,128737.74704140582,6340.839997937452,122396.90704346837
2025-01-08,128465.7446864032,6340.839997937452,122124.90468846574
2025-01-10,126723.68380207344,6340.839997937452,120382.84380413599
2025-01-13,127433.79682047725,6340.839997937452,121092.9568225398
2025-01-14,127319.59735845323,6340.839997937452,120978.75736051578
2025-01-15,129605.66295278822,6340.839997937452,123264.82295485077
2025-01-16,129159.24687396713,6340.839997937452,122818.40687602968
2025-01-17,130442.4335563459,6340.839997937452,124101.59355840845
2025-01-21,131827.36157761878,6340.839997937452,125486.52157968133
2025-01-22,132140.89100972103,6340.839997937452,125800.05101178358
2025-01-23,132542.16072319058,132542.16072319058,0
2025-01-24,132542.16072319058,132542.16072319058,0
2025-01-27,132290.20470276385,6375.152015732805,125915.05268703104
2025-01-28,133326.23990103323,6375.152015732805,126951.08788530044
2025-01-29,133107.6848084977,6375.152015732805,126732.53279276489
2025-01-30,133702.40683914727,6375.152015732805,127327.25482341446
2025-01-31,132250.27636855064,6375.152015732805,125875.12435281783
2025-02-03,132557.09409461013,6375.152015732805,126181.94207887734
2025-02-04,132548.6881295126,6375.152015732805,126173.5361137798
2025-02-05,133460.73534259357,6375.152015732805,127085.58332686075
2025-02-06,133723.4217518911,6375.152015732805,127348.26973615827
2025-02-07,132512.96277784815,6375.152015732805,126137.81076211535
2025-02-10,133301.02200574067,6375.152015732805,126925.86999000788
2025-02-11,133580.5203452332,6375.152015732805,127205.36832950042
2025-02-12,133429.21297347787,6375.152015732805,127054.06095774507
2025-02-13,134492.5675583142,6375.152015732805,128117.41554258137
2025-02-14,134263.72561975772,134263.72561975772,0
2025-02-18,134263.72561975772,134263.72561975772,0
2025-02-19,134263.72561975772,134263.72561975772,0
2025-02-20,134263.72561975772,134263.72561975772,0
2025-02-21,134263.72561975772,134263.72561975772,0
2025-02-24,134263.72561975772,134263.72561975772,0
2025-02-25,134263.72561975772,134263.72561975772,0
2025-02-26,134263.72561975772,134263.72561975772,0
2025-02-27,134008.49699054088,6457.9576517710375,127550.53933876983
2025-02-28,136060.59323971218,6457.9576517710375,129602.63558794116
2025-03-03,134119.7158095714,6457.9576517710375,127661.75815780037
2025-03-04,133035.877514313,6457.9576517710375,126577.91986254197
2025-03-05,133356.44940445985,6457.9576517710375,126898.49175268882
2025-03-06,131714.33625289128,6457.9576517710375,125256.37860112026
2025-03-07,131788.482132245,6457.9576517710375,125330.52448047396
2025-03-10,128270.91438525949,6457.9576517710375,121812.95673348845
2025-03-11,128100.81501497746,6457.9576517710375,121642.85736320642
2025-03-12,128726.69346716894,6457.9576517710375,122268.7358153979
2025-03-13,127248.13740241,6457.9576517710375,120790.17975063896
2025-03-14,129034.18079037104,6457.9576517710375,122576.2231386
2025-03-17,130102.7537575272,6457.9576517710375,123644.79610575616
2025-03-18,128842.27380851442,6457.9576517710375,122384.31615674339
2025-03-19,130477.84467661059,6457.9576517710375,124019.88702483955
2025-03-20,129819.25480705718,6457.9576517710375,123361.29715528614
2025-03-21,129670.9630483498,6457.9576517710375,123213.00539657877
2025-03-24,131596.57515038838,6457.9576517710375,125138.61749861734
2025-03-25,132069.80032155753,6457.9576517710375,125611.84266978649
2025-03-26,130242.32247160474,6457.9576517710375,123784.3648198337
2025-03-27,130013.34255007129,6457.9576517710375,123555.38489830025
2025-03-28,127304.837192504,6457.9576517710375,120846.87954073296
2025-03-31,127926.35412238055,6457.9576517710375,121468.39647060951
2025-04-01,128968.75795564718,6457.9576517710375,122510.80030387614
2025-04-02,125272.36779374983,6457.9576517710375,118814.41014197879
2025-04-03,123429.62461569479,6457.9576517710375,116971.66696392375
2025-04-04,116695.43416145346,6457.9576517710375,110237.47650968243
2025-04-07,117574.28090791046,6457.9576517710375,111116.32325613943
2025-04-08,113439.55775336333,6457.9576517710375,106981.6001015923
2025-04-09,125505.7092375982,6457.9576517710375,119047.75158582717
2025-04-10,120315.49768283968,6457.9576517710375,113857.54003106864
2025-04-11,122973.84553378531,6457.9576517710375,116515.88788201427
2025-04-14,123543.02419588278,6457.9576517710375,117085.06654411175
2025-04-15,122819.01149160556,6457.9576517710375,116361.05383983452
2025-04-16,121155.09072846238,6457.9576517710375,114697.13307669135
2025-04-17,121405.87826157045,6457.9576517710375,114947.92060979942
2025-04-21,118996.1371825754,6457.9576517710375,112538.17953080437
2025-04-22,123254.56110246341,123254.56110246341,0
2025-04-23,123254.56110246341,123254.56110246341,0
2025-04-24,123254.56110246341,123254.56110246341,0
2025-04-25,123254.56110246341,123254.56110246341,0
2025-04-28,123254.56110246341,123254.56110246341,0
2025-04-29,123254.56110246341,123254.56110246341,0
2025-04-30,123254.56110246341,123254.56110246341,0
2025-05-01,123254.56110246341,123254.56110246341,0
2025-05-02,123254.56110246341,123254.56110246341,0
2025-05-05,123254.56110246341,123254.56110246341,0
2025-05-06,123254.56110246341,123254.56110246341,0
2025-05-07,123020.26034453572,5928.427297195478,117091.83304734025
2025-05-08,123475.6631327202,123475.6631327202,0
